nohup: ignoring input
Problem reading checkpoint. Found no data

[1m========= Preparing RouteScenario_1 (repetition 0) =========[0m
[1m> Loading the world[0m
WARNING: Ignoring scenario 'ControlLoss_3' as it is too far from the route
WARNING: Ignoring scenario 'ParkedObstacleTwoWays_2' as it is too far from the route
WARNING: Ignoring scenario 'NonSignalizedJunctionRightTurn_1' as it is too far from the route
WARNING: Ignoring scenario 'InvadingTurn_6' as it is too far from the route
WARNING: Ignoring scenario 'DynamicObjectCrossing_3' as it is too far from the route
WARNING: Ignoring scenario 'ParkedObstacleTwoWays_3' as it is too far from the route
WARNING: Ignoring scenario 'HardBreakRoute_4' as it is too far from the route
WARNING: Ignoring scenario 'InvadingTurn_7' as it is too far from the route
WARNING: Ignoring scenario 'ControlLoss_4' as it is too far from the route
WARNING: Ignoring scenario 'ParkedObstacleTwoWays_4' as it is too far from the route
WARNING: Ignoring scenario 'BlockedIntersection_3' as it is too far from the route
WARNING: Ignoring scenario 'HazardAtSideLaneTwoWays_7' as it is too far from the route
WARNING: Ignoring scenario 'HazardAtSideLaneTwoWays_8' as it is too far from the route
WARNING: Ignoring scenario 'ParkedObstacleTwoWays_5' as it is too far from the route
WARNING: Ignoring scenario 'BlockedIntersection_4' as it is too far from the route
WARNING: Ignoring scenario 'DynamicObjectCrossing_4' as it is too far from the route
WARNING: Ignoring scenario 'HazardAtSideLaneTwoWays_9' as it is too far from the route
WARNING: Ignoring scenario 'AccidentTwoWays_2' as it is too far from the route
WARNING: Ignoring scenario 'ControlLoss_5' as it is too far from the route
WARNING: Ignoring scenario 'ControlLoss_6' as it is too far from the route
WARNING: Ignoring scenario 'HardBreakRoute_5' as it is too far from the route
WARNING: Ignoring scenario 'InvadingTurn_8' as it is too far from the route
WARNING: Ignoring scenario 'InvadingTurn_9' as it is too far from the route
WARNING: Ignoring scenario 'ControlLoss_7' as it is too far from the route
WARNING: Ignoring scenario 'ParkedObstacleTwoWays_6' as it is too far from the route
WARNING: Ignoring scenario 'HazardAtSideLaneTwoWays_10' as it is too far from the route
WARNING: Ignoring scenario 'ConstructionObstacleTwoWays_2' as it is too far from the route
WARNING: Ignoring scenario 'ControlLoss_8' as it is too far from the route
WARNING: Ignoring scenario 'ParkedObstacleTwoWays_7' as it is too far from the route
WARNING: Ignoring scenario 'BlockedIntersection_5' as it is too far from the route
[1m> Setting up the agent[0m
[1m> Running the route[0m
======[Agent] Wallclock_time = 2025-06-09 16:10:21.193887 / 0.0 / Sim_time = 0.05000000074505806 / 50.00000074505806x
======[Agent] Wallclock_time = 2025-06-09 16:10:24.057256 / 2.863369 / Sim_time = 0.10000000149011612 / 0.03491170358641506x
======[Agent] Wallclock_time = 2025-06-09 16:10:24.168435 / 2.974548 / Sim_time = 0.15000000223517418 / 0.050410883049164114x
======[Agent] Wallclock_time = 2025-06-09 16:10:24.269150 / 3.075263 / Sim_time = 0.20000000298023224 / 0.06501394808578859x
======[Agent] Wallclock_time = 2025-06-09 16:10:24.378456 / 3.184569 / Sim_time = 0.2500000037252903 / 0.07847891655314648x
======[Agent] Wallclock_time = 2025-06-09 16:10:24.471756 / 3.277869 / Sim_time = 0.30000000447034836 / 0.09149496502310656x
======[Agent] Wallclock_time = 2025-06-09 16:10:24.564737 / 3.37085 / Sim_time = 0.3500000052154064 / 0.10380058579575202x
======[Agent] Wallclock_time = 2025-06-09 16:10:24.653412 / 3.459525 / Sim_time = 0.4000000059604645 / 0.11558939928492482x
======[Agent] Wallclock_time = 2025-06-09 16:10:24.762783 / 3.568896 / Sim_time = 0.45000000670552254 / 0.1260540942104539x
======[Agent] Wallclock_time = 2025-06-09 16:10:24.883006 / 3.689119 / Sim_time = 0.5000000074505806 / 0.13549698734663587x
======[Agent] Wallclock_time = 2025-06-09 16:10:25.004315 / 3.810428 / Sim_time = 0.5500000081956387 / 0.1443028723606057x
======[Agent] Wallclock_time = 2025-06-09 16:10:25.128464 / 3.934577 / Sim_time = 0.6000000089406967 / 0.15245541097041088x
======[Agent] Wallclock_time = 2025-06-09 16:10:25.235262 / 4.041375 / Sim_time = 0.6500000096857548 / 0.16079656382343416x
======[Agent] Wallclock_time = 2025-06-09 16:10:25.349891 / 4.156004 / Sim_time = 0.7000000104308128 / 0.16839050682434098x
======[Agent] Wallclock_time = 2025-06-09 16:10:25.440438 / 4.246551 / Sim_time = 0.7500000111758709 / 0.17657233807807624x
======[Agent] Wallclock_time = 2025-06-09 16:10:25.558072 / 4.364185 / Sim_time = 0.800000011920929 / 0.18326829491096686x
======[Agent] Wallclock_time = 2025-06-09 16:10:25.643005 / 4.449118 / Sim_time = 0.850000012665987 / 0.19100617391853134x
======[Agent] Wallclock_time = 2025-06-09 16:10:25.745709 / 4.551822 / Sim_time = 0.9000000134110451 / 0.19767959595412363x
======[Agent] Wallclock_time = 2025-06-09 16:10:25.857317 / 4.66343 / Sim_time = 0.9500000141561031 / 0.20366904726967777x
======[Agent] Wallclock_time = 2025-06-09 16:10:25.964527 / 4.77064 / Sim_time = 1.0000000149011612 / 0.20957155504211572x
======[Agent] Wallclock_time = 2025-06-09 16:10:26.076129 / 4.882242 / Sim_time = 1.0500000156462193 / 0.21502108960527028x
======[Agent] Wallclock_time = 2025-06-09 16:10:26.186271 / 4.992384 / Sim_time = 1.1000000163912773 / 0.22029149298176892x
======[Agent] Wallclock_time = 2025-06-09 16:10:26.275484 / 5.081597 / Sim_time = 1.1500000171363354 / 0.22626228621634475x
======[Agent] Wallclock_time = 2025-06-09 16:10:26.365556 / 5.171669 / Sim_time = 1.2000000178813934 / 0.23198855714166003x
======[Agent] Wallclock_time = 2025-06-09 16:10:26.473339 / 5.279452 / Sim_time = 1.2500000186264515 / 0.23672216291833567x
======[Agent] Wallclock_time = 2025-06-09 16:10:26.555194 / 5.361307 / Sim_time = 1.3000000193715096 / 0.2424329713631669x
======[Agent] Wallclock_time = 2025-06-09 16:10:26.647670 / 5.453783 / Sim_time = 1.3500000201165676 / 0.24748922553226546x
======[Agent] Wallclock_time = 2025-06-09 16:10:26.737063 / 5.543176 / Sim_time = 1.4000000208616257 / 0.25251723986785873x
======[Agent] Wallclock_time = 2025-06-09 16:10:26.854637 / 5.66075 / Sim_time = 1.4500000216066837 / 0.2561045651268042x
======[Agent] Wallclock_time = 2025-06-09 16:10:26.953286 / 5.759399 / Sim_time = 1.5000000223517418 / 0.26039863251690404x
======[Agent] Wallclock_time = 2025-06-09 16:10:27.031235 / 5.837348 / Sim_time = 1.5500000230967999 / 0.26548606268362207x
======[Agent] Wallclock_time = 2025-06-09 16:10:27.132659 / 5.938772 / Sim_time = 1.600000023841858 / 0.2693706128521192x
======[Agent] Wallclock_time = 2025-06-09 16:10:27.227781 / 6.033894 / Sim_time = 1.650000024586916 / 0.2734099430059444x
======[Agent] Wallclock_time = 2025-06-09 16:10:27.338035 / 6.144148 / Sim_time = 1.700000025331974 / 0.27664102236951393x
======[Agent] Wallclock_time = 2025-06-09 16:10:27.440945 / 6.247058 / Sim_time = 1.750000026077032 / 0.28008703281516145x
======[Agent] Wallclock_time = 2025-06-09 16:10:27.531879 / 6.337992 / Sim_time = 1.8000000268220901 / 0.28395682260240906x
======[Agent] Wallclock_time = 2025-06-09 16:10:27.623881 / 6.429994 / Sim_time = 1.8500000275671482 / 0.2876693754600219x
======[Agent] Wallclock_time = 2025-06-09 16:10:27.719271 / 6.525384 / Sim_time = 1.9000000283122063 / 0.29112599386003124x
======[Agent] Wallclock_time = 2025-06-09 16:10:27.816569 / 6.622682 / Sim_time = 1.9500000290572643 / 0.294398195604388x
======[Agent] Wallclock_time = 2025-06-09 16:10:27.932396 / 6.738509 / Sim_time = 2.0000000298023224 / 0.29675752785586046x
======[Agent] Wallclock_time = 2025-06-09 16:10:28.033323 / 6.839436 / Sim_time = 2.0500000305473804 / 0.29968850385375734x
======[Agent] Wallclock_time = 2025-06-09 16:10:28.122488 / 6.928601 / Sim_time = 2.1000000312924385 / 0.3030477557499254x
======[Agent] Wallclock_time = 2025-06-09 16:10:28.227558 / 7.033671 / Sim_time = 2.1500000320374966 / 0.30562908088203367x
======[Agent] Wallclock_time = 2025-06-09 16:10:28.322122 / 7.128235 / Sim_time = 2.2000000327825546 / 0.30858851374411905x
======[Agent] Wallclock_time = 2025-06-09 16:10:28.429418 / 7.235531 / Sim_time = 2.2500000335276127 / 0.31092246181597405x
======[Agent] Wallclock_time = 2025-06-09 16:10:28.539623 / 7.345736 / Sim_time = 2.3000000342726707 / 0.3130642007923887x
======[Agent] Wallclock_time = 2025-06-09 16:10:28.650694 / 7.456807 / Sim_time = 2.350000035017729 / 0.31510604055826713x
======[Agent] Wallclock_time = 2025-06-09 16:10:28.764239 / 7.570352 / Sim_time = 2.400000035762787 / 0.31698434252730384x
======[Agent] Wallclock_time = 2025-06-09 16:10:28.865368 / 7.671481 / Sim_time = 2.450000036507845 / 0.31932305032855013x
======[Agent] Wallclock_time = 2025-06-09 16:10:28.950209 / 7.756322 / Sim_time = 2.500000037252903 / 0.3222761717578441x
======[Agent] Wallclock_time = 2025-06-09 16:10:29.045739 / 7.851852 / Sim_time = 2.550000037997961 / 0.3247227934510877x
======[Agent] Wallclock_time = 2025-06-09 16:10:29.144646 / 7.950759 / Sim_time = 2.600000038743019 / 0.32697168497473567x
======[Agent] Wallclock_time = 2025-06-09 16:10:29.238989 / 8.045102 / Sim_time = 2.650000039488077 / 0.3293520315163886x
======[Agent] Wallclock_time = 2025-06-09 16:10:29.340485 / 8.146598 / Sim_time = 2.7000000402331352 / 0.33138601588261174x
======[Agent] Wallclock_time = 2025-06-09 16:10:29.429963 / 8.236076 / Sim_time = 2.7500000409781933 / 0.3338563394313945x
======[Agent] Wallclock_time = 2025-06-09 16:10:29.535122 / 8.341235 / Sim_time = 2.8000000417232513 / 0.33564147278556067x
======[Agent] Wallclock_time = 2025-06-09 16:10:29.635389 / 8.441502 / Sim_time = 2.8500000424683094 / 0.33757765677382245x
======[Agent] Wallclock_time = 2025-06-09 16:10:29.739667 / 8.54578 / Sim_time = 2.9000000432133675 / 0.33930907818071454x
======[Agent] Wallclock_time = 2025-06-09 16:10:29.830967 / 8.63708 / Sim_time = 2.9500000439584255 / 0.34151108162443805x
======[Agent] Wallclock_time = 2025-06-09 16:10:29.932780 / 8.738893 / Sim_time = 3.0000000447034836 / 0.3432536353366665x
======[Agent] Wallclock_time = 2025-06-09 16:10:30.040671 / 8.846784 / Sim_time = 3.0500000454485416 / 0.3447190895989936x
======[Agent] Wallclock_time = 2025-06-09 16:10:30.158860 / 8.964973 / Sim_time = 3.1000000461935997 / 0.3457516597689509x
======[Agent] Wallclock_time = 2025-06-09 16:10:30.263573 / 9.069686 / Sim_time = 3.1500000469386578 / 0.34727252678999776x
======[Agent] Wallclock_time = 2025-06-09 16:10:30.370804 / 9.176917 / Sim_time = 3.200000047683716 / 0.3486629970268544x
======[Agent] Wallclock_time = 2025-06-09 16:10:30.468679 / 9.274792 / Sim_time = 3.250000048428774 / 0.35037439912718765x
======[Agent] Wallclock_time = 2025-06-09 16:10:30.562747 / 9.36886 / Sim_time = 3.300000049173832 / 0.35219310098270756x
======[Agent] Wallclock_time = 2025-06-09 16:10:30.659738 / 9.465851 / Sim_time = 3.35000004991889 / 0.3538663542838997x
======[Agent] Wallclock_time = 2025-06-09 16:10:30.748331 / 9.554444 / Sim_time = 3.400000050663948 / 0.3558181127600087x
======[Agent] Wallclock_time = 2025-06-09 16:10:30.826753 / 9.632866 / Sim_time = 3.450000051409006 / 0.3581116917558337x
======[Agent] Wallclock_time = 2025-06-09 16:10:30.928435 / 9.734548 / Sim_time = 3.500000052154064 / 0.3595072462437722x
======[Agent] Wallclock_time = 2025-06-09 16:10:31.036859 / 9.842972 / Sim_time = 3.5500000528991222 / 0.360626793015982x
======[Agent] Wallclock_time = 2025-06-09 16:10:31.130049 / 9.936162 / Sim_time = 3.6000000536441803 / 0.36227647829875176x
======[Agent] Wallclock_time = 2025-06-09 16:10:31.235946 / 10.042059 / Sim_time = 3.6500000543892384 / 0.3634350902836714x
======[Agent] Wallclock_time = 2025-06-09 16:10:31.335231 / 10.141344 / Sim_time = 3.7000000551342964 / 0.3648071939912802x
======[Agent] Wallclock_time = 2025-06-09 16:10:31.431130 / 10.237243 / Sim_time = 3.7500000558793545 / 0.36627378895767126x
======[Agent] Wallclock_time = 2025-06-09 16:10:31.559080 / 10.365193 / Sim_time = 3.8000000566244125 / 0.3665762403443977x
======[Agent] Wallclock_time = 2025-06-09 16:10:31.668024 / 10.474137 / Sim_time = 3.8500000573694706 / 0.36753696465921837x
======[Agent] Wallclock_time = 2025-06-09 16:10:31.775307 / 10.58142 / Sim_time = 3.9000000581145287 / 0.3685357468437776x
======[Agent] Wallclock_time = 2025-06-09 16:10:31.857356 / 10.663469 / Sim_time = 3.9500000588595867 / 0.3703888171890778x
======[Agent] Wallclock_time = 2025-06-09 16:10:31.957806 / 10.763919 / Sim_time = 4.000000059604645 / 0.37157734857128466x
======[Agent] Wallclock_time = 2025-06-09 16:10:32.058568 / 10.864681 / Sim_time = 4.050000060349703 / 0.3727332010160894x
======[Agent] Wallclock_time = 2025-06-09 16:10:32.192818 / 10.998931 / Sim_time = 4.100000061094761 / 0.3727296163125715x
======[Agent] Wallclock_time = 2025-06-09 16:10:32.323263 / 11.129376 / Sim_time = 4.150000061839819 / 0.3728535371886645x
======[Agent] Wallclock_time = 2025-06-09 16:10:32.437220 / 11.243333 / Sim_time = 4.200000062584877 / 0.37352149412374014x
======[Agent] Wallclock_time = 2025-06-09 16:10:32.532729 / 11.338842 / Sim_time = 4.250000063329935 / 0.37478476889977264x
======[Agent] Wallclock_time = 2025-06-09 16:10:32.634202 / 11.440315 / Sim_time = 4.300000064074993 / 0.37583093062947687x
======[Agent] Wallclock_time = 2025-06-09 16:10:32.739647 / 11.54576 / Sim_time = 4.350000064820051 / 0.37672906207629253x
======[Agent] Wallclock_time = 2025-06-09 16:10:32.837804 / 11.643917 / Sim_time = 4.400000065565109 / 0.3778472672295654x
======[Agent] Wallclock_time = 2025-06-09 16:10:32.948615 / 11.754728 / Sim_time = 4.450000066310167 / 0.378538876223588x
======[Agent] Wallclock_time = 2025-06-09 16:10:33.028467 / 11.83458 / Sim_time = 4.500000067055225 / 0.3802095095513042x
======[Agent] Wallclock_time = 2025-06-09 16:10:33.135128 / 11.941241 / Sim_time = 4.550000067800283 / 0.38100052308442645x
======[Agent] Wallclock_time = 2025-06-09 16:10:33.217769 / 12.023882 / Sim_time = 4.6000000685453415 / 0.3825401420608819x
======[Agent] Wallclock_time = 2025-06-09 16:10:33.302796 / 12.108909 / Sim_time = 4.6500000692903996 / 0.38398307281172794x
======[Agent] Wallclock_time = 2025-06-09 16:10:33.391074 / 12.197187 / Sim_time = 4.700000070035458 / 0.38530316595699493x
======[Agent] Wallclock_time = 2025-06-09 16:10:33.482850 / 12.288963 / Sim_time = 4.750000070780516 / 0.3864942531381515x
======[Agent] Wallclock_time = 2025-06-09 16:10:33.562574 / 12.368687 / Sim_time = 4.800000071525574 / 0.3880453944813296x
======[Agent] Wallclock_time = 2025-06-09 16:10:33.653742 / 12.459855 / Sim_time = 4.850000072270632 / 0.3892188836376502x
======[Agent] Wallclock_time = 2025-06-09 16:10:33.743817 / 12.54993 / Sim_time = 4.90000007301569 / 0.39040932209929385x
======[Agent] Wallclock_time = 2025-06-09 16:10:33.836399 / 12.642512 / Sim_time = 4.950000073760748 / 0.3915051509233153x
======[Agent] Wallclock_time = 2025-06-09 16:10:33.942100 / 12.748213 / Sim_time = 5.000000074505806 / 0.39218107615786213x
======[Agent] Wallclock_time = 2025-06-09 16:10:34.028208 / 12.834321 / Sim_time = 5.050000075250864 / 0.39344556129534x
======[Agent] Wallclock_time = 2025-06-09 16:10:34.129648 / 12.935761 / Sim_time = 5.100000075995922 / 0.39422542288567614x
======[Agent] Wallclock_time = 2025-06-09 16:10:34.223304 / 13.029417 / Sim_time = 5.15000007674098 / 0.39522910715297754x
======[Agent] Wallclock_time = 2025-06-09 16:10:34.337418 / 13.143531 / Sim_time = 5.200000077486038 / 0.395601796479923x
======[Agent] Wallclock_time = 2025-06-09 16:10:34.428576 / 13.234689 / Sim_time = 5.250000078231096 / 0.39665483816000036x
======[Agent] Wallclock_time = 2025-06-09 16:10:34.504149 / 13.310262 / Sim_time = 5.300000078976154 / 0.39815909858705767x
======[Agent] Wallclock_time = 2025-06-09 16:10:34.593192 / 13.399305 / Sim_time = 5.350000079721212 / 0.3992446500076836x
======[Agent] Wallclock_time = 2025-06-09 16:10:34.692427 / 13.49854 / Sim_time = 5.4000000804662704 / 0.40001363605473006x
======[Agent] Wallclock_time = 2025-06-09 16:10:34.787955 / 13.594068 / Sim_time = 5.4500000812113285 / 0.4008806782879886x
======[Agent] Wallclock_time = 2025-06-09 16:10:34.874538 / 13.680651 / Sim_time = 5.500000081956387 / 0.4019982735969794x
======[Agent] Wallclock_time = 2025-06-09 16:10:34.960213 / 13.766326 / Sim_time = 5.550000082701445 / 0.40312839855041166x
======[Agent] Wallclock_time = 2025-06-09 16:10:35.044844 / 13.850957 / Sim_time = 5.600000083446503 / 0.4042750120756586x
======[Agent] Wallclock_time = 2025-06-09 16:10:35.153148 / 13.959261 / Sim_time = 5.650000084191561 / 0.4047202329663866x
======[Agent] Wallclock_time = 2025-06-09 16:10:35.252300 / 14.058413 / Sim_time = 5.700000084936619 / 0.40542233768483926x
======[Agent] Wallclock_time = 2025-06-09 16:10:35.345211 / 14.151324 / Sim_time = 5.750000085681677 / 0.40629370029132156x
======[Agent] Wallclock_time = 2025-06-09 16:10:35.429048 / 14.235161 / Sim_time = 5.800000086426735 / 0.4074132124824056x
======[Agent] Wallclock_time = 2025-06-09 16:10:35.524004 / 14.330117 / Sim_time = 5.850000087171793 / 0.40820266048848763x
======[Agent] Wallclock_time = 2025-06-09 16:10:35.615959 / 14.422072 / Sim_time = 5.900000087916851 / 0.4090668123903736x
======[Agent] Wallclock_time = 2025-06-09 16:10:35.702368 / 14.508481 / Sim_time = 5.950000088661909 / 0.4100767001012586x
======[Agent] Wallclock_time = 2025-06-09 16:10:35.801400 / 14.607513 / Sim_time = 6.000000089406967 / 0.41071942704962283x
======[Agent] Wallclock_time = 2025-06-09 16:10:35.904935 / 14.711048 / Sim_time = 6.050000090152025 / 0.41122759320470037x
======[Agent] Wallclock_time = 2025-06-09 16:10:35.997631 / 14.803744 / Sim_time = 6.100000090897083 / 0.4120300959541809x
======[Agent] Wallclock_time = 2025-06-09 16:10:36.106227 / 14.91234 / Sim_time = 6.150000091642141 / 0.4123824771407439x
======[Agent] Wallclock_time = 2025-06-09 16:10:36.209175 / 15.015288 / Sim_time = 6.200000092387199 / 0.4128850014322581x
======[Agent] Wallclock_time = 2025-06-09 16:10:36.311409 / 15.117522 / Sim_time = 6.2500000931322575 / 0.4134002049361874x
======[Agent] Wallclock_time = 2025-06-09 16:10:36.408957 / 15.21507 / Sim_time = 6.3000000938773155 / 0.41403595631968804x
======[Agent] Wallclock_time = 2025-06-09 16:10:36.497315 / 15.303428 / Sim_time = 6.350000094622374 / 0.4149126053337226x
======[Agent] Wallclock_time = 2025-06-09 16:10:36.618141 / 15.424254 / Sim_time = 6.400000095367432 / 0.41490403304655027x
======[Agent] Wallclock_time = 2025-06-09 16:10:36.702622 / 15.508735 / Sim_time = 6.45000009611249 / 0.4158678466210087x
======[Agent] Wallclock_time = 2025-06-09 16:10:36.809028 / 15.615141 / Sim_time = 6.500000096857548 / 0.4162360020223657x
======[Agent] Wallclock_time = 2025-06-09 16:10:41.861055 / 20.667168 / Sim_time = 6.550000097602606 / 0.3169124664364353x
======[Agent] Wallclock_time = 2025-06-09 16:10:41.958587 / 20.7647 / Sim_time = 6.600000098347664 / 0.31783181392140225x
======[Agent] Wallclock_time = 2025-06-09 16:10:42.079759 / 20.885872 / Sim_time = 6.650000099092722 / 0.318381809353393x
======[Agent] Wallclock_time = 2025-06-09 16:10:42.201777 / 21.00789 / Sim_time = 6.70000009983778 / 0.31891261746040744x
======[Agent] Wallclock_time = 2025-06-09 16:10:42.321238 / 21.127351 / Sim_time = 6.750000100582838 / 0.3194759543980899x
======[Agent] Wallclock_time = 2025-06-09 16:10:42.445439 / 21.251552 / Sim_time = 6.800000101327896 / 0.31996157926482877x
======[Agent] Wallclock_time = 2025-06-09 16:10:42.562160 / 21.368273 / Sim_time = 6.850000102072954 / 0.32055372693647344x
======[Agent] Wallclock_time = 2025-06-09 16:10:42.683301 / 21.489414 / Sim_time = 6.900000102818012 / 0.3210733912719416x
======[Agent] Wallclock_time = 2025-06-09 16:10:42.794223 / 21.600336 / Sim_time = 6.95000010356307 / 0.3217393638783763x
======[Agent] Wallclock_time = 2025-06-09 16:10:42.910018 / 21.716131 / Sim_time = 7.000000104308128 / 0.3223261905225017x
======[Agent] Wallclock_time = 2025-06-09 16:10:43.046526 / 21.852639 / Sim_time = 7.050000105053186 / 0.32260073963211283x
======[Agent] Wallclock_time = 2025-06-09 16:10:43.139107 / 21.94522 / Sim_time = 7.1000001057982445 / 0.3235181323161002x
======[Agent] Wallclock_time = 2025-06-09 16:10:43.235052 / 22.041165 / Sim_time = 7.1500001065433025 / 0.3243783043336851x
======[Agent] Wallclock_time = 2025-06-09 16:10:43.342646 / 22.148759 / Sim_time = 7.200000107288361 / 0.3250599750222276x
======[Agent] Wallclock_time = 2025-06-09 16:10:43.452937 / 22.25905 / Sim_time = 7.250000108033419 / 0.32569558954420225x
======[Agent] Wallclock_time = 2025-06-09 16:10:43.557932 / 22.364045 / Sim_time = 7.300000108778477 / 0.32640220973302203x
======[Agent] Wallclock_time = 2025-06-09 16:10:43.668534 / 22.474647 / Sim_time = 7.350000109523535 / 0.3270206241236808x
======[Agent] Wallclock_time = 2025-06-09 16:10:43.772665 / 22.578778 / Sim_time = 7.400000110268593 / 0.3277268762460194x
======[Agent] Wallclock_time = 2025-06-09 16:10:43.892755 / 22.698868 / Sim_time = 7.450000111013651 / 0.3281957459406218x
======[Agent] Wallclock_time = 2025-06-09 16:10:43.985012 / 22.791125 / Sim_time = 7.500000111758709 / 0.3290610292703602x
======[Agent] Wallclock_time = 2025-06-09 16:10:44.076943 / 22.883056 / Sim_time = 7.550000112503767 / 0.3299240358660094x
======[Agent] Wallclock_time = 2025-06-09 16:10:44.200976 / 23.007089 / Sim_time = 7.600000113248825 / 0.3303186159115094x
======[Agent] Wallclock_time = 2025-06-09 16:10:44.313090 / 23.119203 / Sim_time = 7.650000113993883 / 0.3308794526585205x
======[Agent] Wallclock_time = 2025-06-09 16:10:44.453716 / 23.259829 / Sim_time = 7.700000114738941 / 0.3310286196050425x
======[Agent] Wallclock_time = 2025-06-09 16:10:44.557184 / 23.363297 / Sim_time = 7.750000115483999 / 0.33170268788673585x
======[Agent] Wallclock_time = 2025-06-09 16:10:44.699981 / 23.506094 / Sim_time = 7.800000116229057 / 0.33181473287293856x
======[Agent] Wallclock_time = 2025-06-09 16:10:44.821430 / 23.627543 / Sim_time = 7.850000116974115 / 0.3322253139761565x
======[Agent] Wallclock_time = 2025-06-09 16:10:44.968027 / 23.77414 / Sim_time = 7.900000117719173 / 0.33227985693119677x
======[Agent] Wallclock_time = 2025-06-09 16:10:45.092809 / 23.898922 / Sim_time = 7.9500001184642315 / 0.3326370738140581x
======[Agent] Wallclock_time = 2025-06-09 16:10:45.219223 / 24.025336 / Sim_time = 8.00000011920929 / 0.33296796145734786x
======[Agent] Wallclock_time = 2025-06-09 16:10:45.339435 / 24.145548 / Sim_time = 8.050000119954348 / 0.3333809917655454x
======[Agent] Wallclock_time = 2025-06-09 16:10:45.465606 / 24.271719 / Sim_time = 8.100000120699406 / 0.3337079838768539x
======[Agent] Wallclock_time = 2025-06-09 16:10:45.615201 / 24.421314 / Sim_time = 8.150000121444464 / 0.33371121677677484x
======[Agent] Wallclock_time = 2025-06-09 16:10:45.733450 / 24.539563 / Sim_time = 8.200000122189522 / 0.33414066833713313x
======[Agent] Wallclock_time = 2025-06-09 16:10:45.871919 / 24.678032 / Sim_time = 8.25000012293458 / 0.33429188482492256x
======[Agent] Wallclock_time = 2025-06-09 16:10:45.988766 / 24.794879 / Sim_time = 8.300000123679638 / 0.3347330467163369x
======[Agent] Wallclock_time = 2025-06-09 16:10:46.099824 / 24.905937 / Sim_time = 8.350000124424696 / 0.3352479722586802x
======[Agent] Wallclock_time = 2025-06-09 16:10:46.233649 / 25.039762 / Sim_time = 8.400000125169754 / 0.3354530555088441x
======[Agent] Wallclock_time = 2025-06-09 16:10:46.369560 / 25.175673 / Sim_time = 8.450000125914812 / 0.3356281477665779x
======[Agent] Wallclock_time = 2025-06-09 16:10:46.505435 / 25.311548 / Sim_time = 8.50000012665987 / 0.33580183735986874x
======[Agent] Wallclock_time = 2025-06-09 16:10:46.621519 / 25.427632 / Sim_time = 8.550000127404928 / 0.336235159146781x
======[Agent] Wallclock_time = 2025-06-09 16:10:46.752113 / 25.558226 / Sim_time = 8.600000128149986 / 0.33647341778463813x
======[Agent] Wallclock_time = 2025-06-09 16:10:46.864735 / 25.670848 / Sim_time = 8.650000128895044 / 0.33694497290943154x
======[Agent] Wallclock_time = 2025-06-09 16:10:46.998983 / 25.805096 / Sim_time = 8.700000129640102 / 0.3371296506701402x
======[Agent] Wallclock_time = 2025-06-09 16:10:47.133159 / 25.939272 / Sim_time = 8.75000013038516 / 0.33731335316704314x
======[Agent] Wallclock_time = 2025-06-09 16:10:47.244888 / 26.051001 / Sim_time = 8.800000131130219 / 0.33778595859604865x
======[Agent] Wallclock_time = 2025-06-09 16:10:47.365692 / 26.171805 / Sim_time = 8.850000131875277 / 0.3381372432903266x
======[Agent] Wallclock_time = 2025-06-09 16:10:47.489167 / 26.29528 / Sim_time = 8.900000132620335 / 0.3384509190128921x
======[Agent] Wallclock_time = 2025-06-09 16:10:47.619140 / 26.425253 / Sim_time = 8.950000133365393 / 0.3386783640255541x
======[Agent] Wallclock_time = 2025-06-09 16:10:47.749498 / 26.555611 / Sim_time = 9.00000013411045 / 0.338898669491768x
======[Agent] Wallclock_time = 2025-06-09 16:10:47.852816 / 26.658929 / Sim_time = 9.050000134855509 / 0.3394607740649087x
======[Agent] Wallclock_time = 2025-06-09 16:10:47.958522 / 26.764635 / Sim_time = 9.100000135600567 / 0.3399882026187896x
======[Agent] Wallclock_time = 2025-06-09 16:10:48.061557 / 26.86767 / Sim_time = 9.150000136345625 / 0.34054533165748896x
======[Agent] Wallclock_time = 2025-06-09 16:10:48.205742 / 27.011855 / Sim_time = 9.200000137090683 / 0.34057859256604617x
======[Agent] Wallclock_time = 2025-06-09 16:10:48.342471 / 27.148584 / Sim_time = 9.250000137835741 / 0.3407050412940302x
======[Agent] Wallclock_time = 2025-06-09 16:10:48.475438 / 27.281551 / Sim_time = 9.300000138580799 / 0.3408772199704052x
======[Agent] Wallclock_time = 2025-06-09 16:10:48.591070 / 27.397183 / Sim_time = 9.350000139325857 / 0.3412635115009582x
======[Agent] Wallclock_time = 2025-06-09 16:10:48.701424 / 27.507537 / Sim_time = 9.400000140070915 / 0.34171210704774724x
======[Agent] Wallclock_time = 2025-06-09 16:10:48.827425 / 27.633538 / Sim_time = 9.450000140815973 / 0.3419633844002014x
======[Agent] Wallclock_time = 2025-06-09 16:10:48.940607 / 27.74672 / Sim_time = 9.500000141561031 / 0.3423704773423197x
======[Agent] Wallclock_time = 2025-06-09 16:10:49.069948 / 27.876061 / Sim_time = 9.55000014230609 / 0.3425755728807312x
======[Agent] Wallclock_time = 2025-06-09 16:10:49.171882 / 27.977995 / Sim_time = 9.600000143051147 / 0.34311454514542594x
======[Agent] Wallclock_time = 2025-06-09 16:10:49.284836 / 28.090949 / Sim_time = 9.650000143796206 / 0.34351479649191324x
======[Agent] Wallclock_time = 2025-06-09 16:10:49.405496 / 28.211609 / Sim_time = 9.700000144541264 / 0.3438179058356944x
======[Agent] Wallclock_time = 2025-06-09 16:10:49.535479 / 28.341592 / Sim_time = 9.750000145286322 / 0.34400523936859134x
======[Agent] Wallclock_time = 2025-06-09 16:10:49.655878 / 28.461991 / Sim_time = 9.80000014603138 / 0.3443067577132487x
======[Agent] Wallclock_time = 2025-06-09 16:10:49.783676 / 28.589789 / Sim_time = 9.850000146776438 / 0.3445165555513854x
======[Agent] Wallclock_time = 2025-06-09 16:10:49.910300 / 28.716413 / Sim_time = 9.900000147521496 / 0.3447385789075602x
======[Agent] Wallclock_time = 2025-06-09 16:10:50.027425 / 28.833538 / Sim_time = 9.950000148266554 / 0.34507229310442056x
======[Agent] Wallclock_time = 2025-06-09 16:10:50.174964 / 28.981077 / Sim_time = 10.000000149011612 / 0.3450408384813694x
======[Agent] Wallclock_time = 2025-06-09 16:10:50.287892 / 29.094005 / Sim_time = 10.05000014975667 / 0.34542012107427617x
======[Agent] Wallclock_time = 2025-06-09 16:10:50.430751 / 29.236864 / Sim_time = 10.100000150501728 / 0.34544247659479255x
======[Agent] Wallclock_time = 2025-06-09 16:10:50.571959 / 29.378072 / Sim_time = 10.150000151246786 / 0.34548402860535504x
======[Agent] Wallclock_time = 2025-06-09 16:10:50.717696 / 29.523809 / Sim_time = 10.200000151991844 / 0.3454721807681074x
======[Agent] Wallclock_time = 2025-06-09 16:10:50.866521 / 29.672634 / Sim_time = 10.250000152736902 / 0.3454244988240032x
======[Agent] Wallclock_time = 2025-06-09 16:10:50.965694 / 29.771807 / Sim_time = 10.30000015348196 / 0.3459532772130609x
======[Agent] Wallclock_time = 2025-06-09 16:10:51.075528 / 29.881641 / Sim_time = 10.350000154227018 / 0.3463549340979272x
======[Agent] Wallclock_time = 2025-06-09 16:10:51.219252 / 30.025365 / Sim_time = 10.400000154972076 / 0.3463622771178621x
======[Agent] Wallclock_time = 2025-06-09 16:10:51.349273 / 30.155386 / Sim_time = 10.450000155717134 / 0.34652693979036925x
======[Agent] Wallclock_time = 2025-06-09 16:10:51.492608 / 30.298721 / Sim_time = 10.500000156462193 / 0.3465378495221851x
======[Agent] Wallclock_time = 2025-06-09 16:10:51.599602 / 30.405715 / Sim_time = 10.55000015720725 / 0.34696283887316504x
======[Agent] Wallclock_time = 2025-06-09 16:10:51.717449 / 30.523562 / Sim_time = 10.600000157952309 / 0.34726133524708097x
======[Agent] Wallclock_time = 2025-06-09 16:10:51.839966 / 30.646079 / Sim_time = 10.650000158697367 / 0.34750457486331293x
======[Agent] Wallclock_time = 2025-06-09 16:10:51.934778 / 30.740891 / Sim_time = 10.700000159442425 / 0.34805927063635816x
======[Agent] Wallclock_time = 2025-06-09 16:10:52.048095 / 30.854208 / Sim_time = 10.750000160187483 / 0.34840148088411793x
======[Agent] Wallclock_time = 2025-06-09 16:10:52.157718 / 30.963831 / Sim_time = 10.800000160932541 / 0.34878279041576365x
======[Agent] Wallclock_time = 2025-06-09 16:10:52.256630 / 31.062743 / Sim_time = 10.850000161677599 / 0.3492818029584393x
======[Agent] Wallclock_time = 2025-06-09 16:10:52.354893 / 31.161006 / Sim_time = 10.900000162422657 / 0.34978493240848024x
======[Agent] Wallclock_time = 2025-06-09 16:10:52.454250 / 31.260363 / Sim_time = 10.950000163167715 / 0.3502726404849243x
======[Agent] Wallclock_time = 2025-06-09 16:10:52.765431 / 31.571544 / Sim_time = 11.000000163912773 / 0.3484039855614034x
======[Agent] Wallclock_time = 2025-06-09 16:10:52.885499 / 31.691612 / Sim_time = 11.050000164657831 / 0.34866170590981366x
======[Agent] Wallclock_time = 2025-06-09 16:10:52.992723 / 31.798836 / Sim_time = 11.10000016540289 / 0.349058409150377x
======[Agent] Wallclock_time = 2025-06-09 16:10:53.111923 / 31.918036 / Sim_time = 11.150000166147947 / 0.34932133182681163x
======[Agent] Wallclock_time = 2025-06-09 16:10:53.209628 / 32.015741 / Sim_time = 11.200000166893005 / 0.34981699626745294x
======[Agent] Wallclock_time = 2025-06-09 16:10:53.336679 / 32.142792 / Sim_time = 11.250000167638063 / 0.34998982595575734x
======[Agent] Wallclock_time = 2025-06-09 16:10:53.443307 / 32.24942 / Sim_time = 11.300000168383121 / 0.3503830389924572x
======[Agent] Wallclock_time = 2025-06-09 16:10:53.564101 / 32.370214 / Sim_time = 11.35000016912818 / 0.3506201580554928x
======[Agent] Wallclock_time = 2025-06-09 16:10:53.686740 / 32.492853 / Sim_time = 11.400000169873238 / 0.35083559250031815x
======[Agent] Wallclock_time = 2025-06-09 16:10:53.808662 / 32.614775 / Sim_time = 11.450000170618296 / 0.3510571240639935x
======[Agent] Wallclock_time = 2025-06-09 16:10:53.932861 / 32.738974 / Sim_time = 11.500000171363354 / 0.3512525749520557x
======[Agent] Wallclock_time = 2025-06-09 16:10:54.064327 / 32.87044 / Sim_time = 11.550000172108412 / 0.3513688530867042x
======[Agent] Wallclock_time = 2025-06-09 16:10:54.182283 / 32.988396 / Sim_time = 11.60000017285347 / 0.35162814659757546x
======[Agent] Wallclock_time = 2025-06-09 16:10:54.296722 / 33.102835 / Sim_time = 11.650000173598528 / 0.3519229773105904x
======[Agent] Wallclock_time = 2025-06-09 16:10:54.436172 / 33.242285 / Sim_time = 11.700000174343586 / 0.3519507826721573x
======[Agent] Wallclock_time = 2025-06-09 16:10:54.571284 / 33.377397 / Sim_time = 11.750000175088644 / 0.3520241003511536x
======[Agent] Wallclock_time = 2025-06-09 16:10:54.713394 / 33.519507 / Sim_time = 11.800000175833702 / 0.35202332040603396x
======[Agent] Wallclock_time = 2025-06-09 16:10:54.828460 / 33.634573 / Sim_time = 11.85000017657876 / 0.35230558363250597x
======[Agent] Wallclock_time = 2025-06-09 16:10:54.952108 / 33.758221 / Sim_time = 11.900000177323818 / 0.35249629063786214x
======[Agent] Wallclock_time = 2025-06-09 16:10:55.059246 / 33.865359 / Sim_time = 11.950000178068876 / 0.35285754155233745x
======[Agent] Wallclock_time = 2025-06-09 16:10:55.190809 / 33.996922 / Sim_time = 12.000000178813934 / 0.3529627539828445x
======[Agent] Wallclock_time = 2025-06-09 16:10:55.340788 / 34.146901 / Sim_time = 12.050000179558992 / 0.352876745764227x
======[Agent] Wallclock_time = 2025-06-09 16:10:55.445814 / 34.251927 / Sim_time = 12.10000018030405 / 0.353254487720248x
======[Agent] Wallclock_time = 2025-06-09 16:10:55.587012 / 34.393125 / Sim_time = 12.150000181049109 / 0.35325801080995983x
======[Agent] Wallclock_time = 2025-06-09 16:10:55.705867 / 34.51198 / Sim_time = 12.200000181794167 / 0.3534901993914802x
======[Agent] Wallclock_time = 2025-06-09 16:10:55.834804 / 34.640917 / Sim_time = 12.250000182539225 / 0.3536178492240838x
======[Agent] Wallclock_time = 2025-06-09 16:10:55.945601 / 34.751714 / Sim_time = 12.300000183284283 / 0.3539291976817777x
======[Agent] Wallclock_time = 2025-06-09 16:10:56.085332 / 34.891445 / Sim_time = 12.35000018402934 / 0.35394482054867016x
======[Agent] Wallclock_time = 2025-06-09 16:10:56.216457 / 35.02257 / Sim_time = 12.400000184774399 / 0.3540472940015652x
======[Agent] Wallclock_time = 2025-06-09 16:10:56.336902 / 35.143015 / Sim_time = 12.450000185519457 / 0.3542566262141494x
======[Agent] Wallclock_time = 2025-06-09 16:10:56.458835 / 35.264948 / Sim_time = 12.500000186264515 / 0.3544495723258174x
======[Agent] Wallclock_time = 2025-06-09 16:10:56.600222 / 35.406335 / Sim_time = 12.550000187009573 / 0.3544463368115554x
======[Agent] Wallclock_time = 2025-06-09 16:10:56.734592 / 35.540705 / Sim_time = 12.600000187754631 / 0.354513104752702x
======[Agent] Wallclock_time = 2025-06-09 16:10:56.844061 / 35.650174 / Sim_time = 12.650000188499689 / 0.35482703005796357x
======[Agent] Wallclock_time = 2025-06-09 16:10:56.955820 / 35.761933 / Sim_time = 12.700000189244747 / 0.35511629287353885x
======[Agent] Wallclock_time = 2025-06-09 16:10:57.095151 / 35.901264 / Sim_time = 12.750000189989805 / 0.3551308126415038x
======[Agent] Wallclock_time = 2025-06-09 16:10:57.206176 / 36.012289 / Sim_time = 12.800000190734863 / 0.3554243599004485x
======[Agent] Wallclock_time = 2025-06-09 16:10:57.301934 / 36.108047 / Sim_time = 12.850000191479921 / 0.3558665004778421x
======[Agent] Wallclock_time = 2025-06-09 16:10:57.418431 / 36.224544 / Sim_time = 12.90000019222498 / 0.35610231808320064x
======[Agent] Wallclock_time = 2025-06-09 16:10:57.525545 / 36.331658 / Sim_time = 12.950000192970037 / 0.35642864865460816x
======[Agent] Wallclock_time = 2025-06-09 16:10:57.625282 / 36.431395 / Sim_time = 13.000000193715096 / 0.3568252977525934x
======[Agent] Wallclock_time = 2025-06-09 16:10:57.730961 / 36.537074 / Sim_time = 13.050000194460154 / 0.35716168822856276x
======[Agent] Wallclock_time = 2025-06-09 16:10:57.874176 / 36.680289 / Sim_time = 13.100000195205212 / 0.35713031227460984x
======[Agent] Wallclock_time = 2025-06-09 16:10:57.981442 / 36.787555 / Sim_time = 13.15000019595027 / 0.3574481301576067x
======[Agent] Wallclock_time = 2025-06-09 16:10:58.086680 / 36.892793 / Sim_time = 13.200000196695328 / 0.35778376586802363x
======[Agent] Wallclock_time = 2025-06-09 16:10:58.194588 / 37.000701 / Sim_time = 13.250000197440386 / 0.3580916509065458x
======[Agent] Wallclock_time = 2025-06-09 16:10:58.296128 / 37.102241 / Sim_time = 13.300000198185444 / 0.35845925692004765x
======[Agent] Wallclock_time = 2025-06-09 16:10:58.402507 / 37.20862 / Sim_time = 13.350000198930502 / 0.3587781922774407x
======[Agent] Wallclock_time = 2025-06-09 16:10:58.512186 / 37.318299 / Sim_time = 13.40000019967556 / 0.35906355582069105x
======[Agent] Wallclock_time = 2025-06-09 16:10:58.602411 / 37.408524 / Sim_time = 13.450000200420618 / 0.3595341175798072x
======[Agent] Wallclock_time = 2025-06-09 16:10:58.712493 / 37.518606 / Sim_time = 13.500000201165676 / 0.35981188611537335x
======[Agent] Wallclock_time = 2025-06-09 16:10:58.805335 / 37.611448 / Sim_time = 13.550000201910734 / 0.3602530790314614x
======[Agent] Wallclock_time = 2025-06-09 16:10:58.888364 / 37.694477 / Sim_time = 13.600000202655792 / 0.36078599569534014x
======[Agent] Wallclock_time = 2025-06-09 16:10:59.001137 / 37.80725 / Sim_time = 13.65000020340085 / 0.3610323197556314x
======[Agent] Wallclock_time = 2025-06-09 16:10:59.123674 / 37.929787 / Sim_time = 13.700000204145908 / 0.36118418012644743x
======[Agent] Wallclock_time = 2025-06-09 16:10:59.238026 / 38.044139 / Sim_time = 13.750000204890966 / 0.36141279980317503x
======[Agent] Wallclock_time = 2025-06-09 16:10:59.355088 / 38.161201 / Sim_time = 13.800000205636024 / 0.36161436824977744x
======[Agent] Wallclock_time = 2025-06-09 16:10:59.481896 / 38.288009 / Sim_time = 13.850000206381083 / 0.3617226083438483x
======[Agent] Wallclock_time = 2025-06-09 16:10:59.595745 / 38.401858 / Sim_time = 13.90000020712614 / 0.3619522330115676x
======[Agent] Wallclock_time = 2025-06-09 16:10:59.724534 / 38.530647 / Sim_time = 13.950000207871199 / 0.3620400707987177x
======[Agent] Wallclock_time = 2025-06-09 16:10:59.839530 / 38.645643 / Sim_time = 14.000000208616257 / 0.3622565667247284x
======[Agent] Wallclock_time = 2025-06-09 16:10:59.947231 / 38.753344 / Sim_time = 14.050000209361315 / 0.36254000865970837x
======[Agent] Wallclock_time = 2025-06-09 16:11:00.053901 / 38.860014 / Sim_time = 14.100000210106373 / 0.3628315053772497x
======[Agent] Wallclock_time = 2025-06-09 16:11:00.174994 / 38.981107 / Sim_time = 14.150000210851431 / 0.362987054826242x
======[Agent] Wallclock_time = 2025-06-09 16:11:00.276031 / 39.082144 / Sim_time = 14.200000211596489 / 0.36332799151461537x
======[Agent] Wallclock_time = 2025-06-09 16:11:00.374542 / 39.180655 / Sim_time = 14.250000212341547 / 0.363690615221372x
======[Agent] Wallclock_time = 2025-06-09 16:11:00.487637 / 39.29375 / Sim_time = 14.300000213086605 / 0.36391630467394764x
======[Agent] Wallclock_time = 2025-06-09 16:11:00.610607 / 39.41672 / Sim_time = 14.350000213831663 / 0.3640494735319969x
======[Agent] Wallclock_time = 2025-06-09 16:11:00.766875 / 39.572988 / Sim_time = 14.400000214576721 / 0.3638753874028749x
======[Agent] Wallclock_time = 2025-06-09 16:11:00.909647 / 39.71576 / Sim_time = 14.45000021532178 / 0.3638262591239008x
======[Agent] Wallclock_time = 2025-06-09 16:11:01.021587 / 39.8277 / Sim_time = 14.500000216066837 / 0.3640590884479493x
======[Agent] Wallclock_time = 2025-06-09 16:11:01.128363 / 39.934476 / Sim_time = 14.550000216811895 / 0.3643377185941617x
======[Agent] Wallclock_time = 2025-06-09 16:11:01.233103 / 40.039216 / Sim_time = 14.600000217556953 / 0.364633403015532x
======[Agent] Wallclock_time = 2025-06-09 16:11:01.341770 / 40.147883 / Sim_time = 14.650000218302011 / 0.364891850622644x
======[Agent] Wallclock_time = 2025-06-09 16:11:01.452719 / 40.258832 / Sim_time = 14.70000021904707 / 0.36512820567773535x
======[Agent] Wallclock_time = 2025-06-09 16:11:01.562129 / 40.368242 / Sim_time = 14.750000219792128 / 0.36537719038153177x
======[Agent] Wallclock_time = 2025-06-09 16:11:01.660169 / 40.466282 / Sim_time = 14.800000220537186 / 0.36572755789571404x
======[Agent] Wallclock_time = 2025-06-09 16:11:01.773361 / 40.579474 / Sim_time = 14.850000221282244 / 0.36593954573527765x
======[Agent] Wallclock_time = 2025-06-09 16:11:01.885417 / 40.69153 / Sim_time = 14.900000222027302 / 0.36616057595896107x
======[Agent] Wallclock_time = 2025-06-09 16:11:01.995608 / 40.801721 / Sim_time = 14.95000022277236 / 0.36639713863132706x
======[Agent] Wallclock_time = 2025-06-09 16:11:02.125563 / 40.931676 / Sim_time = 15.000000223517418 / 0.3664554016335853x
======[Agent] Wallclock_time = 2025-06-09 16:11:02.255995 / 41.062108 / Sim_time = 15.050000224262476 / 0.3665090383383176x
======[Agent] Wallclock_time = 2025-06-09 16:11:02.378710 / 41.184823 / Sim_time = 15.100000225007534 / 0.3666310182755735x
======[Agent] Wallclock_time = 2025-06-09 16:11:02.508146 / 41.314259 / Sim_time = 15.150000225752592 / 0.36669261169953193x
======[Agent] Wallclock_time = 2025-06-09 16:11:02.625534 / 41.431647 / Sim_time = 15.20000022649765 / 0.3668604669766248x
======[Agent] Wallclock_time = 2025-06-09 16:11:02.774145 / 41.580258 / Sim_time = 15.250000227242708 / 0.36675177617865024x
======[Agent] Wallclock_time = 2025-06-09 16:11:02.884667 / 41.69078 / Sim_time = 15.300000227987766 / 0.3669788199973177x
======[Agent] Wallclock_time = 2025-06-09 16:11:03.067558 / 41.873671 / Sim_time = 15.350000228732824 / 0.36657004967830853x
======[Agent] Wallclock_time = 2025-06-09 16:11:03.209831 / 42.015944 / Sim_time = 15.400000229477882 / 0.36651880797132425x
======[Agent] Wallclock_time = 2025-06-09 16:11:03.310671 / 42.116784 / Sim_time = 15.45000023022294 / 0.3668284217000339x
======[Agent] Wallclock_time = 2025-06-09 16:11:03.411698 / 42.217811 / Sim_time = 15.500000230967999 / 0.3671349302321186x
======[Agent] Wallclock_time = 2025-06-09 16:11:03.513605 / 42.319718 / Sim_time = 15.550000231713057 / 0.36743233495502264x
======[Agent] Wallclock_time = 2025-06-09 16:11:03.626131 / 42.432244 / Sim_time = 15.600000232458115 / 0.3676362861264653x
======[Agent] Wallclock_time = 2025-06-09 16:11:03.749118 / 42.555231 / Sim_time = 15.650000233203173 / 0.36774873773956096x
======[Agent] Wallclock_time = 2025-06-09 16:11:03.876928 / 42.683041 / Sim_time = 15.70000023394823 / 0.3678189755732882x
======[Agent] Wallclock_time = 2025-06-09 16:11:03.988441 / 42.794554 / Sim_time = 15.750000234693289 / 0.3680288899798631x
======[Agent] Wallclock_time = 2025-06-09 16:11:04.128688 / 42.934801 / Sim_time = 15.800000235438347 / 0.36799127691686356x
======[Agent] Wallclock_time = 2025-06-09 16:11:04.245421 / 43.051534 / Sim_time = 15.850000236183405 / 0.36815487414012393x
======[Agent] Wallclock_time = 2025-06-09 16:11:04.357721 / 43.163834 / Sim_time = 15.900000236928463 / 0.36835541257794396x
======[Agent] Wallclock_time = 2025-06-09 16:11:04.475185 / 43.281298 / Sim_time = 15.950000237673521 / 0.36851093806695573x
======[Agent] Wallclock_time = 2025-06-09 16:11:04.601501 / 43.407614 / Sim_time = 16.00000023841858 / 0.3685904424043251x
======[Agent] Wallclock_time = 2025-06-09 16:11:04.733569 / 43.539682 / Sim_time = 16.050000239163637 / 0.3686207818050172x
======[Agent] Wallclock_time = 2025-06-09 16:11:04.861118 / 43.667231 / Sim_time = 16.100000239908695 / 0.36868908749495016x
======[Agent] Wallclock_time = 2025-06-09 16:11:04.971803 / 43.777916 / Sim_time = 16.150000240653753 / 0.3688990435636587x
======[Agent] Wallclock_time = 2025-06-09 16:11:05.071232 / 43.877345 / Sim_time = 16.20000024139881 / 0.369202626976902x
======[Agent] Wallclock_time = 2025-06-09 16:11:05.189768 / 43.995881 / Sim_time = 16.25000024214387 / 0.3693443688006855x
======[Agent] Wallclock_time = 2025-06-09 16:11:05.314632 / 44.120745 / Sim_time = 16.300000242888927 / 0.3694323568319641x
======[Agent] Wallclock_time = 2025-06-09 16:11:05.435056 / 44.241169 / Sim_time = 16.350000243633986 / 0.3695569320670961x
======[Agent] Wallclock_time = 2025-06-09 16:11:05.537800 / 44.343913 / Sim_time = 16.400000244379044 / 0.3698282200796976x
======[Agent] Wallclock_time = 2025-06-09 16:11:05.629198 / 44.435311 / Sim_time = 16.4500002451241 / 0.3701927517143379x
======[Agent] Wallclock_time = 2025-06-09 16:11:05.768195 / 44.574308 / Sim_time = 16.50000024586916 / 0.3701600950434074x
======[Agent] Wallclock_time = 2025-06-09 16:11:05.868354 / 44.674467 / Sim_time = 16.550000246614218 / 0.37044940675414134x
======[Agent] Wallclock_time = 2025-06-09 16:11:05.986704 / 44.792817 / Sim_time = 16.600000247359276 / 0.37058686575781824x
======[Agent] Wallclock_time = 2025-06-09 16:11:06.109144 / 44.915257 / Sim_time = 16.650000248104334 / 0.37068984283584305x
======[Agent] Wallclock_time = 2025-06-09 16:11:06.225692 / 45.031805 / Sim_time = 16.700000248849392 / 0.37084077371705787x
======[Agent] Wallclock_time = 2025-06-09 16:11:06.352218 / 45.158331 / Sim_time = 16.75000024959445 / 0.3709089545545848x
======[Agent] Wallclock_time = 2025-06-09 16:11:06.482654 / 45.288767 / Sim_time = 16.800000250339508 / 0.37094472688145x
======[Agent] Wallclock_time = 2025-06-09 16:11:06.601964 / 45.408077 / Sim_time = 16.850000251084566 / 0.3710711902619066x
======[Agent] Wallclock_time = 2025-06-09 16:11:06.715608 / 45.521721 / Sim_time = 16.900000251829624 / 0.3712431919838365x
======[Agent] Wallclock_time = 2025-06-09 16:11:06.826335 / 45.632448 / Sim_time = 16.950000252574682 / 0.37143807876570456x
======[Agent] Wallclock_time = 2025-06-09 16:11:06.933062 / 45.739175 / Sim_time = 17.00000025331974 / 0.3716645214697963x
======[Agent] Wallclock_time = 2025-06-09 16:11:07.038830 / 45.844943 / Sim_time = 17.0500002540648 / 0.3718976890510203x
======[Agent] Wallclock_time = 2025-06-09 16:11:07.142694 / 45.948807 / Sim_time = 17.100000254809856 / 0.37214520302141546x
======[Agent] Wallclock_time = 2025-06-09 16:11:07.241892 / 46.048005 / Sim_time = 17.150000255554914 / 0.3724293338271894x
======[Agent] Wallclock_time = 2025-06-09 16:11:07.349579 / 46.155692 / Sim_time = 17.200000256299973 / 0.37264369500959843x
======[Agent] Wallclock_time = 2025-06-09 16:11:07.453956 / 46.260069 / Sim_time = 17.25000025704503 / 0.37288373636685807x
======[Agent] Wallclock_time = 2025-06-09 16:11:07.575948 / 46.382061 / Sim_time = 17.30000025779009 / 0.3729809953204703x
======[Agent] Wallclock_time = 2025-06-09 16:11:07.724243 / 46.530356 / Sim_time = 17.350000258535147 / 0.3728668525915116x
======[Agent] Wallclock_time = 2025-06-09 16:11:07.843780 / 46.649893 / Sim_time = 17.400000259280205 / 0.3729832194054722x
======[Agent] Wallclock_time = 2025-06-09 16:11:07.952597 / 46.75871 / Sim_time = 17.450000260025263 / 0.3731845270217729x
======[Agent] Wallclock_time = 2025-06-09 16:11:08.070640 / 46.876753 / Sim_time = 17.50000026077032 / 0.373311414068211x
======[Agent] Wallclock_time = 2025-06-09 16:11:08.177739 / 46.983852 / Sim_time = 17.55000026151538 / 0.3735246470823273x
======[Agent] Wallclock_time = 2025-06-09 16:11:08.292397 / 47.09851 / Sim_time = 17.600000262260437 / 0.3736769291710347x
======[Agent] Wallclock_time = 2025-06-09 16:11:08.422162 / 47.228275 / Sim_time = 17.650000263005495 / 0.37370889692898096x
======[Agent] Wallclock_time = 2025-06-09 16:11:08.555564 / 47.361677 / Sim_time = 17.700000263750553 / 0.37371198979632325x
======[Agent] Wallclock_time = 2025-06-09 16:11:08.676597 / 47.48271 / Sim_time = 17.75000026449561 / 0.37381241407833576x
======[Agent] Wallclock_time = 2025-06-09 16:11:08.813357 / 47.61947 / Sim_time = 17.80000026524067 / 0.3737888404973884x
======[Agent] Wallclock_time = 2025-06-09 16:11:08.972026 / 47.778139 / Sim_time = 17.850000265985727 / 0.37359401277586285x
======[Agent] Wallclock_time = 2025-06-09 16:11:09.086461 / 47.892574 / Sim_time = 17.900000266730785 / 0.3737453435137412x
======[Agent] Wallclock_time = 2025-06-09 16:11:09.220796 / 48.026909 / Sim_time = 17.950000267475843 / 0.37374103185453783x
======[Agent] Wallclock_time = 2025-06-09 16:11:09.326028 / 48.132141 / Sim_time = 18.0000002682209 / 0.37396271870603465x
======[Agent] Wallclock_time = 2025-06-09 16:11:09.426104 / 48.232217 / Sim_time = 18.05000026896596 / 0.3742234375319805x
======[Agent] Wallclock_time = 2025-06-09 16:11:09.535720 / 48.341833 / Sim_time = 18.100000269711018 / 0.3744091760139713x
======[Agent] Wallclock_time = 2025-06-09 16:11:09.636651 / 48.442764 / Sim_time = 18.150000270456076 / 0.37466123132909485x
======[Agent] Wallclock_time = 2025-06-09 16:11:09.745123 / 48.551236 / Sim_time = 18.200000271201134 / 0.37485400819029496x
======[Agent] Wallclock_time = 2025-06-09 16:11:09.839476 / 48.645589 / Sim_time = 18.250000271946192 / 0.37515477749007625x
======[Agent] Wallclock_time = 2025-06-09 16:11:09.961623 / 48.767736 / Sim_time = 18.30000027269125 / 0.3752404055067421x
======[Agent] Wallclock_time = 2025-06-09 16:11:10.085558 / 48.891671 / Sim_time = 18.350000273436308 / 0.37531188004509525x
======[Agent] Wallclock_time = 2025-06-09 16:11:10.191469 / 48.997582 / Sim_time = 18.400000274181366 / 0.3755210767973115x
======[Agent] Wallclock_time = 2025-06-09 16:11:10.306714 / 49.112827 / Sim_time = 18.450000274926424 / 0.37565796440433x
======[Agent] Wallclock_time = 2025-06-09 16:11:10.415887 / 49.222 / Sim_time = 18.500000275671482 / 0.3758405679392049x
======[Agent] Wallclock_time = 2025-06-09 16:11:10.557569 / 49.363682 / Sim_time = 18.55000027641654 / 0.37577473458487065x
======[Agent] Wallclock_time = 2025-06-09 16:11:10.662310 / 49.468423 / Sim_time = 18.600000277161598 / 0.37598983673534253x
======[Agent] Wallclock_time = 2025-06-09 16:11:10.780870 / 49.586983 / Sim_time = 18.650000277906656 / 0.37609919076375137x
======[Agent] Wallclock_time = 2025-06-09 16:11:10.888924 / 49.695037 / Sim_time = 18.700000278651714 / 0.3762875554574244x
======[Agent] Wallclock_time = 2025-06-09 16:11:10.999888 / 49.806001 / Sim_time = 18.750000279396772 / 0.3764531070520944x
======[Agent] Wallclock_time = 2025-06-09 16:11:11.101516 / 49.907629 / Sim_time = 18.80000028014183 / 0.37668837347028367x
======[Agent] Wallclock_time = 2025-06-09 16:11:11.216013 / 50.022126 / Sim_time = 18.85000028088689 / 0.3768257161874867x
======[Agent] Wallclock_time = 2025-06-09 16:11:11.323403 / 50.129516 / Sim_time = 18.900000281631947 / 0.3770158735575741x
======[Agent] Wallclock_time = 2025-06-09 16:11:11.454506 / 50.260619 / Sim_time = 18.950000282377005 / 0.3770272557749683x
======[Agent] Wallclock_time = 2025-06-09 16:11:11.560330 / 50.366443 / Sim_time = 19.000000283122063 / 0.37722781128917077x
======[Agent] Wallclock_time = 2025-06-09 16:11:11.687190 / 50.493303 / Sim_time = 19.05000028386712 / 0.37727028896442283x
======[Agent] Wallclock_time = 2025-06-09 16:11:11.795914 / 50.602027 / Sim_time = 19.10000028461218 / 0.3774477816240554x
======[Agent] Wallclock_time = 2025-06-09 16:11:11.919707 / 50.72582 / Sim_time = 19.150000285357237 / 0.3775123353949102x
======[Agent] Wallclock_time = 2025-06-09 16:11:12.032740 / 50.838853 / Sim_time = 19.200000286102295 / 0.3776564870496832x
======[Agent] Wallclock_time = 2025-06-09 16:11:12.163107 / 50.96922 / Sim_time = 19.250000286847353 / 0.37767151656099096x
======[Agent] Wallclock_time = 2025-06-09 16:11:12.291153 / 51.097266 / Sim_time = 19.30000028759241 / 0.37770362476864505x
======[Agent] Wallclock_time = 2025-06-09 16:11:12.460868 / 51.266981 / Sim_time = 19.35000028833747 / 0.3774285608855451x
======[Agent] Wallclock_time = 2025-06-09 16:11:12.619885 / 51.425998 / Sim_time = 19.400000289082527 / 0.3772337691008627x
======[Agent] Wallclock_time = 2025-06-09 16:11:12.783319 / 51.589432 / Sim_time = 19.450000289827585 / 0.3770078973137419x
======[Agent] Wallclock_time = 2025-06-09 16:11:12.941764 / 51.747877 / Sim_time = 19.500000290572643 / 0.3768197769890281x
======[Agent] Wallclock_time = 2025-06-09 16:11:13.089964 / 51.896077 / Sim_time = 19.5500002913177 / 0.37670715619143064x
======[Agent] Wallclock_time = 2025-06-09 16:11:13.225015 / 52.031128 / Sim_time = 19.60000029206276 / 0.3766903458582889x
======[Agent] Wallclock_time = 2025-06-09 16:11:13.363028 / 52.169141 / Sim_time = 19.650000292807817 / 0.3766522366272274x
======[Agent] Wallclock_time = 2025-06-09 16:11:13.501912 / 52.308025 / Sim_time = 19.700000293552876 / 0.3766080574729289x
======[Agent] Wallclock_time = 2025-06-09 16:11:13.643506 / 52.449619 / Sim_time = 19.750000294297934 / 0.376544656113552x
======[Agent] Wallclock_time = 2025-06-09 16:11:13.800969 / 52.607082 / Sim_time = 19.80000029504299 / 0.3763680321028049x
======[Agent] Wallclock_time = 2025-06-09 16:11:13.956409 / 52.762522 / Sim_time = 19.85000029578805 / 0.3762068858062214x
======[Agent] Wallclock_time = 2025-06-09 16:11:14.109836 / 52.915949 / Sim_time = 19.900000296533108 / 0.37606099128151x
======[Agent] Wallclock_time = 2025-06-09 16:11:14.276008 / 53.082121 / Sim_time = 19.950000297278166 / 0.37582568472713135x
======[Agent] Wallclock_time = 2025-06-09 16:11:14.423859 / 53.229972 / Sim_time = 20.000000298023224 / 0.3757211177361786x
======[Agent] Wallclock_time = 2025-06-09 16:11:14.581489 / 53.387602 / Sim_time = 20.050000298768282 / 0.37554832956233397x
======[Agent] Wallclock_time = 2025-06-09 16:11:14.724529 / 53.530642 / Sim_time = 20.10000029951334 / 0.3754788672373125x
======[Agent] Wallclock_time = 2025-06-09 16:11:14.868459 / 53.674572 / Sim_time = 20.150000300258398 / 0.37540355043181284x
======[Agent] Wallclock_time = 2025-06-09 16:11:15.043515 / 53.849628 / Sim_time = 20.200000301003456 / 0.3751116941663792x
======[Agent] Wallclock_time = 2025-06-09 16:11:15.215694 / 54.021807 / Sim_time = 20.250000301748514 / 0.374841690505799x
======[Agent] Wallclock_time = 2025-06-09 16:11:15.362882 / 54.168995 / Sim_time = 20.300000302493572 / 0.37474620964047667x
======[Agent] Wallclock_time = 2025-06-09 16:11:15.510868 / 54.316981 / Sim_time = 20.35000030323863 / 0.3746457421390282x
======[Agent] Wallclock_time = 2025-06-09 16:11:15.674453 / 54.480566 / Sim_time = 20.40000030398369 / 0.3744385817394399x
======[Agent] Wallclock_time = 2025-06-09 16:11:15.824365 / 54.630478 / Sim_time = 20.450000304728746 / 0.3743263234563917x
======[Agent] Wallclock_time = 2025-06-09 16:11:15.997592 / 54.803705 / Sim_time = 20.500000305473804 / 0.3740554812852985x
======[Agent] Wallclock_time = 2025-06-09 16:11:16.161417 / 54.96753 / Sim_time = 20.550000306218863 / 0.3738502795366524x
======[Agent] Wallclock_time = 2025-06-09 16:11:16.315325 / 55.121438 / Sim_time = 20.60000030696392 / 0.37371351947393766x
======[Agent] Wallclock_time = 2025-06-09 16:11:16.467486 / 55.273599 / Sim_time = 20.65000030770898 / 0.37358932821401347x
======[Agent] Wallclock_time = 2025-06-09 16:11:16.615069 / 55.421182 / Sim_time = 20.700000308454037 / 0.3734966679668808x
======[Agent] Wallclock_time = 2025-06-09 16:11:16.777654 / 55.583767 / Sim_time = 20.750000309199095 / 0.3733037202296646x
======[Agent] Wallclock_time = 2025-06-09 16:11:16.932478 / 55.738591 / Sim_time = 20.800000309944153 / 0.3731638488331239x
======[Agent] Wallclock_time = 2025-06-09 16:11:17.095361 / 55.901474 / Sim_time = 20.85000031068921 / 0.3729709763952345x
======[Agent] Wallclock_time = 2025-06-09 16:11:17.240376 / 56.046489 / Sim_time = 20.90000031143427 / 0.37289806705585454x
======[Agent] Wallclock_time = 2025-06-09 16:11:17.390177 / 56.19629 / Sim_time = 20.950000312179327 / 0.3727937826215344x
======[Agent] Wallclock_time = 2025-06-09 16:11:17.569086 / 56.375199 / Sim_time = 21.000000312924385 / 0.37249762639947376x
======[Agent] Wallclock_time = 2025-06-09 16:11:17.731492 / 56.537605 / Sim_time = 21.050000313669443 / 0.3723119860079577x
======[Agent] Wallclock_time = 2025-06-09 16:11:17.901102 / 56.707215 / Sim_time = 21.1000003144145 / 0.37208013538099377x
======[Agent] Wallclock_time = 2025-06-09 16:11:18.052099 / 56.858212 / Sim_time = 21.15000031515956 / 0.37197139339812796x
======[Agent] Wallclock_time = 2025-06-09 16:11:18.212459 / 57.018572 / Sim_time = 21.200000315904617 / 0.37180216498125623x
======[Agent] Wallclock_time = 2025-06-09 16:11:18.352615 / 57.158728 / Sim_time = 21.250000316649675 / 0.37176524557026713x
======[Agent] Wallclock_time = 2025-06-09 16:11:18.490798 / 57.296911 / Sim_time = 21.300000317394733 / 0.37174130689327806x
======[Agent] Wallclock_time = 2025-06-09 16:11:18.639796 / 57.445909 / Sim_time = 21.35000031813979 / 0.3716475035783003x
======[Agent] Wallclock_time = 2025-06-09 16:11:18.777384 / 57.583497 / Sim_time = 21.40000031888485 / 0.3716278066800662x
======[Agent] Wallclock_time = 2025-06-09 16:11:18.928693 / 57.734806 / Sim_time = 21.450000319629908 / 0.3715198904407762x
======[Agent] Wallclock_time = 2025-06-09 16:11:19.063099 / 57.869212 / Sim_time = 21.500000320374966 / 0.37152102225536976x
======[Agent] Wallclock_time = 2025-06-09 16:11:19.196217 / 58.00233 / Sim_time = 21.550000321120024 / 0.3715303987050403x
======[Agent] Wallclock_time = 2025-06-09 16:11:19.333421 / 58.139534 / Sim_time = 21.600000321865082 / 0.3715136211488027x
======[Agent] Wallclock_time = 2025-06-09 16:11:19.511073 / 58.317186 / Sim_time = 21.65000032261014 / 0.37123926184209743x
======[Agent] Wallclock_time = 2025-06-09 16:11:19.715388 / 58.521501 / Sim_time = 21.700000323355198 / 0.37079755568469636x
======[Agent] Wallclock_time = 2025-06-09 16:11:19.846134 / 58.652247 / Sim_time = 21.750000324100256 / 0.37082346564888824x
======[Agent] Wallclock_time = 2025-06-09 16:11:19.995442 / 58.801555 / Sim_time = 21.800000324845314 / 0.3707321956477115x
======[Agent] Wallclock_time = 2025-06-09 16:11:20.157384 / 58.963497 / Sim_time = 21.850000325590372 / 0.3705619726662024x
======[Agent] Wallclock_time = 2025-06-09 16:11:20.307336 / 59.113449 / Sim_time = 21.90000032633543 / 0.37046780773234356x
======[Agent] Wallclock_time = 2025-06-09 16:11:20.448385 / 59.254498 / Sim_time = 21.950000327080488 / 0.3704297671598421x
======[Agent] Wallclock_time = 2025-06-09 16:11:20.603150 / 59.409263 / Sim_time = 22.000000327825546 / 0.370306395173264x
======[Agent] Wallclock_time = 2025-06-09 16:11:20.763443 / 59.569556 / Sim_time = 22.050000328570604 / 0.3701493121630526x
======[Agent] Wallclock_time = 2025-06-09 16:11:20.971268 / 59.777381 / Sim_time = 22.100000329315662 / 0.36969887707925153x
======[Agent] Wallclock_time = 2025-06-09 16:11:21.116918 / 59.923031 / Sim_time = 22.15000033006072 / 0.36963468512424874x
======[Agent] Wallclock_time = 2025-06-09 16:11:21.280140 / 60.086253 / Sim_time = 22.20000033080578 / 0.3694627266586106x
======[Agent] Wallclock_time = 2025-06-09 16:11:21.437654 / 60.243767 / Sim_time = 22.250000331550837 / 0.36932668909734245x
======[Agent] Wallclock_time = 2025-06-09 16:11:21.578020 / 60.384133 / Sim_time = 22.300000332295895 / 0.36929620296267124x
======[Agent] Wallclock_time = 2025-06-09 16:11:21.768647 / 60.57476 / Sim_time = 22.350000333040953 / 0.3689594704720329x
======[Agent] Wallclock_time = 2025-06-09 16:11:21.924485 / 60.730598 / Sim_time = 22.40000033378601 / 0.36883601076635614x
======[Agent] Wallclock_time = 2025-06-09 16:11:22.089733 / 60.895846 / Sim_time = 22.45000033453107 / 0.36865620814797323x
======[Agent] Wallclock_time = 2025-06-09 16:11:22.217685 / 61.023798 / Sim_time = 22.500000335276127 / 0.36870257784837124x
======[Agent] Wallclock_time = 2025-06-09 16:11:22.376746 / 61.182859 / Sim_time = 22.550000336021185 / 0.368561262800066x
======[Agent] Wallclock_time = 2025-06-09 16:11:22.522460 / 61.328573 / Sim_time = 22.600000336766243 / 0.36850085906787977x
======[Agent] Wallclock_time = 2025-06-09 16:11:22.676525 / 61.482638 / Sim_time = 22.6500003375113 / 0.3683906983108466x
======[Agent] Wallclock_time = 2025-06-09 16:11:22.824496 / 61.630609 / Sim_time = 22.70000033825636 / 0.3683175030893054x
======[Agent] Wallclock_time = 2025-06-09 16:11:22.995507 / 61.80162 / Sim_time = 22.750000339001417 / 0.3681073769850116x
======[Agent] Wallclock_time = 2025-06-09 16:11:23.157722 / 61.963835 / Sim_time = 22.800000339746475 / 0.3679506342548395x
======[Agent] Wallclock_time = 2025-06-09 16:11:23.327454 / 62.133567 / Sim_time = 22.850000340491533 / 0.36775021447387785x
======[Agent] Wallclock_time = 2025-06-09 16:11:23.498447 / 62.30456 / Sim_time = 22.90000034123659 / 0.3675434478277154x
======[Agent] Wallclock_time = 2025-06-09 16:11:23.673186 / 62.479299 / Sim_time = 22.95000034198165 / 0.36731578928554187x
======[Agent] Wallclock_time = 2025-06-09 16:11:23.851504 / 62.657617 / Sim_time = 23.000000342726707 / 0.3670684327859759x
======[Agent] Wallclock_time = 2025-06-09 16:11:23.997926 / 62.804039 / Sim_time = 23.050000343471766 / 0.3670087736665806x
======[Agent] Wallclock_time = 2025-06-09 16:11:24.109640 / 62.915753 / Sim_time = 23.100000344216824 / 0.367151819551413x
======[Agent] Wallclock_time = 2025-06-09 16:11:24.211662 / 63.017775 / Sim_time = 23.15000034496188 / 0.36735084655266437x
======[Agent] Wallclock_time = 2025-06-09 16:11:24.327844 / 63.133957 / Sim_time = 23.20000034570694 / 0.36746679570411267x
======[Agent] Wallclock_time = 2025-06-09 16:11:24.464585 / 63.270698 / Sim_time = 23.250000346451998 / 0.36746287963461954x
======[Agent] Wallclock_time = 2025-06-09 16:11:24.594200 / 63.400313 / Sim_time = 23.300000347197056 / 0.3675002810619562x
======[Agent] Wallclock_time = 2025-06-09 16:11:24.737103 / 63.543216 / Sim_time = 23.350000347942114 / 0.36746067254873543x
======[Agent] Wallclock_time = 2025-06-09 16:11:24.846899 / 63.653012 / Sim_time = 23.400000348687172 / 0.3676123407380382x
======[Agent] Wallclock_time = 2025-06-09 16:11:24.960332 / 63.766445 / Sim_time = 23.45000034943223 / 0.3677425110796306x
======[Agent] Wallclock_time = 2025-06-09 16:11:25.085931 / 63.892044 / Sim_time = 23.500000350177288 / 0.36780217186361147x
======[Agent] Wallclock_time = 2025-06-09 16:11:25.212370 / 64.018483 / Sim_time = 23.550000350922346 / 0.3678567718349482x
======[Agent] Wallclock_time = 2025-06-09 16:11:25.343888 / 64.150001 / Sim_time = 23.600000351667404 / 0.36788202808662956x
======[Agent] Wallclock_time = 2025-06-09 16:11:25.472866 / 64.278979 / Sim_time = 23.650000352412462 / 0.36792171871139623x
======[Agent] Wallclock_time = 2025-06-09 16:11:25.586704 / 64.392817 / Sim_time = 23.70000035315752 / 0.3680477638584077x
======[Agent] Wallclock_time = 2025-06-09 16:11:25.707038 / 64.513151 / Sim_time = 23.75000035390258 / 0.3681362923601456x
======[Agent] Wallclock_time = 2025-06-09 16:11:25.824471 / 64.630584 / Sim_time = 23.800000354647636 / 0.36824101904492446x
======[Agent] Wallclock_time = 2025-06-09 16:11:25.951062 / 64.757175 / Sim_time = 23.850000355392694 / 0.36829327502500947x
======[Agent] Wallclock_time = 2025-06-09 16:11:26.083184 / 64.889297 / Sim_time = 23.900000356137753 / 0.36831393075821106x
======[Agent] Wallclock_time = 2025-06-09 16:11:26.198126 / 65.004239 / Sim_time = 23.95000035688281 / 0.3684318483450666x
======[Agent] Wallclock_time = 2025-06-09 16:11:26.320458 / 65.126571 / Sim_time = 24.00000035762787 / 0.3685075305146551x
======[Agent] Wallclock_time = 2025-06-09 16:11:26.443233 / 65.249346 / Sim_time = 24.050000358372927 / 0.3685804265064422x
======[Agent] Wallclock_time = 2025-06-09 16:11:26.555220 / 65.361333 / Sim_time = 24.100000359117985 / 0.36871389457775294x
======[Agent] Wallclock_time = 2025-06-09 16:11:26.675595 / 65.481708 / Sim_time = 24.150000359863043 / 0.3687996586803197x
======[Agent] Wallclock_time = 2025-06-09 16:11:26.798921 / 65.605034 / Sim_time = 24.2000003606081 / 0.3688685153656461x
======[Agent] Wallclock_time = 2025-06-09 16:11:26.913670 / 65.719783 / Sim_time = 24.25000036135316 / 0.3689852624146787x
======[Agent] Wallclock_time = 2025-06-09 16:11:27.041740 / 65.847853 / Sim_time = 24.300000362098217 / 0.36902693448735113x
======[Agent] Wallclock_time = 2025-06-09 16:11:27.155542 / 65.961655 / Sim_time = 24.350000362843275 / 0.3691482758364301x
======[Agent] Wallclock_time = 2025-06-09 16:11:27.284339 / 66.090452 / Sim_time = 24.400000363588333 / 0.3691854184651342x
======[Agent] Wallclock_time = 2025-06-09 16:11:27.413485 / 66.219598 / Sim_time = 24.45000036433339 / 0.3692204707111432x
======[Agent] Wallclock_time = 2025-06-09 16:11:27.524653 / 66.330766 / Sim_time = 24.50000036507845 / 0.3693554663549656x
======[Agent] Wallclock_time = 2025-06-09 16:11:27.644757 / 66.45087 / Sim_time = 24.550000365823507 / 0.3694403237384216x
======[Agent] Wallclock_time = 2025-06-09 16:11:27.767208 / 66.573321 / Sim_time = 24.600000366568565 / 0.36951184776737805x
======[Agent] Wallclock_time = 2025-06-09 16:11:27.885583 / 66.691696 / Sim_time = 24.650000367313623 / 0.36960569666149984x
======[Agent] Wallclock_time = 2025-06-09 16:11:28.020250 / 66.826363 / Sim_time = 24.70000036805868 / 0.369609083154436x
======[Agent] Wallclock_time = 2025-06-09 16:11:28.145001 / 66.951114 / Sim_time = 24.75000036880374 / 0.369667197794587x
======[Agent] Wallclock_time = 2025-06-09 16:11:28.265930 / 67.072043 / Sim_time = 24.800000369548798 / 0.36974616418624096x
======[Agent] Wallclock_time = 2025-06-09 16:11:28.374645 / 67.180758 / Sim_time = 24.850000370293856 / 0.3698920824652111x
======[Agent] Wallclock_time = 2025-06-09 16:11:28.507072 / 67.313185 / Sim_time = 24.900000371038914 / 0.3699071803519408x
======[Agent] Wallclock_time = 2025-06-09 16:11:28.621136 / 67.427249 / Sim_time = 24.950000371783972 / 0.37002296132269386x
======[Agent] Wallclock_time = 2025-06-09 16:11:28.757135 / 67.563248 / Sim_time = 25.00000037252903 / 0.3700181843588199x
======[Agent] Wallclock_time = 2025-06-09 16:11:28.883747 / 67.68986 / Sim_time = 25.050000373274088 / 0.3700647380351511x
======[Agent] Wallclock_time = 2025-06-09 16:11:28.999362 / 67.805475 / Sim_time = 25.100000374019146 / 0.3701711433018623x
======[Agent] Wallclock_time = 2025-06-09 16:11:29.117696 / 67.923809 / Sim_time = 25.150000374764204 / 0.37026236429703024x
======[Agent] Wallclock_time = 2025-06-09 16:11:29.223972 / 68.030085 / Sim_time = 25.200000375509262 / 0.37041891034825125x
======[Agent] Wallclock_time = 2025-06-09 16:11:29.339909 / 68.146022 / Sim_time = 25.25000037625432 / 0.37052243275215047x
======[Agent] Wallclock_time = 2025-06-09 16:11:29.457249 / 68.263362 / Sim_time = 25.300000376999378 / 0.370617986248804x
======[Agent] Wallclock_time = 2025-06-09 16:11:29.562002 / 68.368115 / Sim_time = 25.350000377744436 / 0.3707814614500193x
======[Agent] Wallclock_time = 2025-06-09 16:11:29.692207 / 68.49832 / Sim_time = 25.400000378489494 / 0.3708066062333099x
======[Agent] Wallclock_time = 2025-06-09 16:11:29.804624 / 68.610737 / Sim_time = 25.450000379234552 / 0.3709277959139054x
======[Agent] Wallclock_time = 2025-06-09 16:11:29.956985 / 68.763098 / Sim_time = 25.50000037997961 / 0.37083305273603107x
======[Agent] Wallclock_time = 2025-06-09 16:11:30.102379 / 68.908492 / Sim_time = 25.55000038072467 / 0.3707762115083459x
======[Agent] Wallclock_time = 2025-06-09 16:11:30.228004 / 69.034117 / Sim_time = 25.600000381469727 / 0.3708257694626595x
======[Agent] Wallclock_time = 2025-06-09 16:11:30.335124 / 69.141237 / Sim_time = 25.650000382214785 / 0.37097440718058894x
======[Agent] Wallclock_time = 2025-06-09 16:11:30.468718 / 69.274831 / Sim_time = 25.700000382959843 / 0.3709807592630659x
======[Agent] Wallclock_time = 2025-06-09 16:11:30.591505 / 69.397618 / Sim_time = 25.7500003837049 / 0.3710448583241946x
======[Agent] Wallclock_time = 2025-06-09 16:11:30.732957 / 69.53907 / Sim_time = 25.80000038444996 / 0.37100912300562766x
======[Agent] Wallclock_time = 2025-06-09 16:11:30.860256 / 69.666369 / Sim_time = 25.850000385195017 / 0.3710488964380873x
======[Agent] Wallclock_time = 2025-06-09 16:11:30.991887 / 69.798 / Sim_time = 25.900000385940075 / 0.37106549357354796x
======[Agent] Wallclock_time = 2025-06-09 16:11:31.104876 / 69.910989 / Sim_time = 25.950000386685133 / 0.37118097708084274x
======[Agent] Wallclock_time = 2025-06-09 16:11:31.234484 / 70.040597 / Sim_time = 26.00000038743019 / 0.37120798926715204x
======[Agent] Wallclock_time = 2025-06-09 16:11:31.347187 / 70.1533 / Sim_time = 26.05000038817525 / 0.3713243577111488x
======[Agent] Wallclock_time = 2025-06-09 16:11:31.490866 / 70.296979 / Sim_time = 26.100000388920307 / 0.3712766819216852x
======[Agent] Wallclock_time = 2025-06-09 16:11:31.620647 / 70.42676 / Sim_time = 26.150000389665365 / 0.3713024578612945x
======[Agent] Wallclock_time = 2025-06-09 16:11:31.748956 / 70.555069 / Sim_time = 26.200000390410423 / 0.3713358859378974x
======[Agent] Wallclock_time = 2025-06-09 16:11:31.864689 / 70.670802 / Sim_time = 26.25000039115548 / 0.3714352775546247x
======[Agent] Wallclock_time = 2025-06-09 16:11:31.977533 / 70.783646 / Sim_time = 26.30000039190054 / 0.37154950795262204x
======[Agent] Wallclock_time = 2025-06-09 16:11:32.107236 / 70.913349 / Sim_time = 26.350000392645597 / 0.3715750163996513x
======[Agent] Wallclock_time = 2025-06-09 16:11:32.247249 / 71.053362 / Sim_time = 26.400000393390656 / 0.37154651242087927x
======[Agent] Wallclock_time = 2025-06-09 16:11:32.375740 / 71.181853 / Sim_time = 26.450000394135714 / 0.3715782562710111x
======[Agent] Wallclock_time = 2025-06-09 16:11:32.508729 / 71.314842 / Sim_time = 26.50000039488077 / 0.37158644771915855x
======[Agent] Wallclock_time = 2025-06-09 16:11:32.616133 / 71.422246 / Sim_time = 26.55000039562583 / 0.3717277200706592x
======[Agent] Wallclock_time = 2025-06-09 16:11:32.760526 / 71.566639 / Sim_time = 26.600000396370888 / 0.37167637172396994x
======[Agent] Wallclock_time = 2025-06-09 16:11:32.876914 / 71.683027 / Sim_time = 26.650000397115946 / 0.371770414029836x
======[Agent] Wallclock_time = 2025-06-09 16:11:33.000560 / 71.806673 / Sim_time = 26.700000397861004 / 0.37182656507837264x
======[Agent] Wallclock_time = 2025-06-09 16:11:33.118604 / 71.924717 / Sim_time = 26.750000398606062 / 0.3719114874948839x
======[Agent] Wallclock_time = 2025-06-09 16:11:33.233582 / 72.039695 / Sim_time = 26.80000039935112 / 0.37201196350689175x
======[Agent] Wallclock_time = 2025-06-09 16:11:33.353973 / 72.160086 / Sim_time = 26.850000400096178 / 0.3720842061619773x
======[Agent] Wallclock_time = 2025-06-09 16:11:33.498655 / 72.304768 / Sim_time = 26.900000400841236 / 0.37203118291809356x
======[Agent] Wallclock_time = 2025-06-09 16:11:33.606664 / 72.412777 / Sim_time = 26.950000401586294 / 0.37216675497517954x
======[Agent] Wallclock_time = 2025-06-09 16:11:33.725950 / 72.532063 / Sim_time = 27.000000402331352 / 0.37224403996741945x
======[Agent] Wallclock_time = 2025-06-09 16:11:33.841237 / 72.64735 / Sim_time = 27.05000040307641 / 0.37234156595540585x
======[Agent] Wallclock_time = 2025-06-09 16:11:33.938794 / 72.744907 / Sim_time = 27.10000040382147 / 0.37252955556415657x
======[Agent] Wallclock_time = 2025-06-09 16:11:34.056723 / 72.862836 / Sim_time = 27.150000404566526 / 0.3726128336774161x
======[Agent] Wallclock_time = 2025-06-09 16:11:34.160659 / 72.966772 / Sim_time = 27.200000405311584 / 0.37276731438794075x
======[Agent] Wallclock_time = 2025-06-09 16:11:34.260418 / 73.066531 / Sim_time = 27.250000406056643 / 0.3729426741688677x
======[Agent] Wallclock_time = 2025-06-09 16:11:34.371588 / 73.177701 / Sim_time = 27.3000004068017 / 0.37305937429528435x
======[Agent] Wallclock_time = 2025-06-09 16:11:34.503192 / 73.309305 / Sim_time = 27.35000040754676 / 0.3730717040059615x
======[Agent] Wallclock_time = 2025-06-09 16:11:34.636688 / 73.442801 / Sim_time = 27.400000408291817 / 0.3730743784392615x
======[Agent] Wallclock_time = 2025-06-09 16:11:34.738615 / 73.544728 / Sim_time = 27.450000409036875 / 0.37323718393319694x
======[Agent] Wallclock_time = 2025-06-09 16:11:34.913776 / 73.719889 / Sim_time = 27.500000409781933 / 0.3730286053628834x
======[Agent] Wallclock_time = 2025-06-09 16:11:35.055688 / 73.861801 / Sim_time = 27.55000041052699 / 0.3729888392741427x
======[Agent] Wallclock_time = 2025-06-09 16:11:35.169339 / 73.975452 / Sim_time = 27.60000041127205 / 0.37309170236053013x
======[Agent] Wallclock_time = 2025-06-09 16:11:35.301581 / 74.107694 / Sim_time = 27.650000412017107 / 0.37310062989393805x
======[Agent] Wallclock_time = 2025-06-09 16:11:35.455881 / 74.261994 / Sim_time = 27.700000412762165 / 0.3729987025942176x
======[Agent] Wallclock_time = 2025-06-09 16:11:35.568985 / 74.375098 / Sim_time = 27.750000413507223 / 0.3731037411173039x
======[Agent] Wallclock_time = 2025-06-09 16:11:35.714549 / 74.520662 / Sim_time = 27.80000041425228 / 0.37304589924809084x
======[Agent] Wallclock_time = 2025-06-09 16:11:35.877956 / 74.684069 / Sim_time = 27.85000041499734 / 0.3728991723231499x
======[Agent] Wallclock_time = 2025-06-09 16:11:36.025351 / 74.831464 / Sim_time = 27.900000415742397 / 0.37283284452243076x
======[Agent] Wallclock_time = 2025-06-09 16:11:36.168985 / 74.975098 / Sim_time = 27.950000416487455 / 0.3727854764659459x
======[Agent] Wallclock_time = 2025-06-09 16:11:36.318432 / 75.124545 / Sim_time = 28.000000417232513 / 0.3727094481275645x
======[Agent] Wallclock_time = 2025-06-09 16:11:36.447519 / 75.253632 / Sim_time = 28.05000041797757 / 0.37273453703125636x
======[Agent] Wallclock_time = 2025-06-09 16:11:36.587457 / 75.39357 / Sim_time = 28.10000041872263 / 0.3727058914020284x
======[Agent] Wallclock_time = 2025-06-09 16:11:36.718741 / 75.524854 / Sim_time = 28.150000419467688 / 0.3727200545056754x
======[Agent] Wallclock_time = 2025-06-09 16:11:36.858226 / 75.664339 / Sim_time = 28.200000420212746 / 0.3726937696031831x
======[Agent] Wallclock_time = 2025-06-09 16:11:37.027730 / 75.833843 / Sim_time = 28.250000420957804 / 0.3725200620637904x
======[Agent] Wallclock_time = 2025-06-09 16:11:37.193599 / 75.999712 / Sim_time = 28.300000421702862 / 0.3723649381298278x
======[Agent] Wallclock_time = 2025-06-09 16:11:37.368669 / 76.174782 / Sim_time = 28.35000042244792 / 0.3721655318543093x
======[Agent] Wallclock_time = 2025-06-09 16:11:37.511702 / 76.317815 / Sim_time = 28.400000423192978 / 0.3721231838203067x
======[Agent] Wallclock_time = 2025-06-09 16:11:37.673892 / 76.480005 / Sim_time = 28.450000423938036 / 0.3719877951909501x
======[Agent] Wallclock_time = 2025-06-09 16:11:37.839099 / 76.645212 / Sim_time = 28.500000424683094 / 0.3718383424438913x
======[Agent] Wallclock_time = 2025-06-09 16:11:37.993503 / 76.799616 / Sim_time = 28.550000425428152 / 0.37174181552695035x
======[Agent] Wallclock_time = 2025-06-09 16:11:38.151615 / 76.957728 / Sim_time = 28.60000042617321 / 0.37162776944771236x
======[Agent] Wallclock_time = 2025-06-09 16:11:38.306682 / 77.112795 / Sim_time = 28.650000426918268 / 0.3715288610412477x
======[Agent] Wallclock_time = 2025-06-09 16:11:38.474000 / 77.280113 / Sim_time = 28.700000427663326 / 0.3713714685716719x
======[Agent] Wallclock_time = 2025-06-09 16:11:38.649923 / 77.456036 / Sim_time = 28.750000428408384 / 0.3711735164822003x
======[Agent] Wallclock_time = 2025-06-09 16:11:38.802822 / 77.608935 / Sim_time = 28.800000429153442 / 0.37108651655427155x
======[Agent] Wallclock_time = 2025-06-09 16:11:38.976097 / 77.78221 / Sim_time = 28.8500004298985 / 0.3709026720534997x
======[Agent] Wallclock_time = 2025-06-09 16:11:39.128551 / 77.934664 / Sim_time = 28.90000043064356 / 0.3708186848917276x
======[Agent] Wallclock_time = 2025-06-09 16:11:39.290516 / 78.096629 / Sim_time = 28.950000431388617 / 0.3706898762750994x
======[Agent] Wallclock_time = 2025-06-09 16:11:39.448841 / 78.254954 / Sim_time = 29.000000432133675 / 0.370578837134024x
======[Agent] Wallclock_time = 2025-06-09 16:11:39.605805 / 78.411918 / Sim_time = 29.050000432878733 / 0.37047467654345845x
======[Agent] Wallclock_time = 2025-06-09 16:11:39.752542 / 78.558655 / Sim_time = 29.10000043362379 / 0.37041914750801525x
======[Agent] Wallclock_time = 2025-06-09 16:11:39.924823 / 78.730936 / Sim_time = 29.15000043436885 / 0.3702436636940929x
======[Agent] Wallclock_time = 2025-06-09 16:11:40.089969 / 78.896082 / Sim_time = 29.200000435113907 / 0.37010241310463043x
======[Agent] Wallclock_time = 2025-06-09 16:11:40.248427 / 79.05454 / Sim_time = 29.250000435858965 / 0.369993050909006x
======[Agent] Wallclock_time = 2025-06-09 16:11:40.403589 / 79.209702 / Sim_time = 29.300000436604023 / 0.3698995173228489x
======[Agent] Wallclock_time = 2025-06-09 16:11:40.556882 / 79.362995 / Sim_time = 29.35000043734908 / 0.3698150582937399x
======[Agent] Wallclock_time = 2025-06-09 16:11:40.713080 / 79.519193 / Sim_time = 29.40000043809414 / 0.3697174180411526x
======[Agent] Wallclock_time = 2025-06-09 16:11:40.858925 / 79.665038 / Sim_time = 29.450000438839197 / 0.3696681946055758x
======[Agent] Wallclock_time = 2025-06-09 16:11:41.024476 / 79.830589 / Sim_time = 29.500000439584255 / 0.3695279125608317x
======[Agent] Wallclock_time = 2025-06-09 16:11:41.169828 / 79.975941 / Sim_time = 29.550000440329313 / 0.3694815039291051x
======[Agent] Wallclock_time = 2025-06-09 16:11:41.329794 / 80.135907 / Sim_time = 29.60000044107437 / 0.36936789238789025x
======[Agent] Wallclock_time = 2025-06-09 16:11:41.498597 / 80.30471 / Sim_time = 29.65000044181943 / 0.36921409999138827x
======[Agent] Wallclock_time = 2025-06-09 16:11:41.646652 / 80.452765 / Sim_time = 29.700000442564487 / 0.36915612889669597x
======[Agent] Wallclock_time = 2025-06-09 16:11:41.801343 / 80.607456 / Sim_time = 29.750000443309546 / 0.3690679851665878x
======[Agent] Wallclock_time = 2025-06-09 16:11:41.967919 / 80.774032 / Sim_time = 29.800000444054604 / 0.36892588843610236x
======[Agent] Wallclock_time = 2025-06-09 16:11:42.123769 / 80.929882 / Sim_time = 29.85000044479966 / 0.3688332526117738x
======[Agent] Wallclock_time = 2025-06-09 16:11:42.282209 / 81.088322 / Sim_time = 29.90000044554472 / 0.36872919526376996x
======[Agent] Wallclock_time = 2025-06-09 16:11:42.439185 / 81.245298 / Sim_time = 29.950000446289778 / 0.36863218612483456x
======[Agent] Wallclock_time = 2025-06-09 16:11:42.592891 / 81.399004 / Sim_time = 30.000000447034836 / 0.36855035593161434x
======[Agent] Wallclock_time = 2025-06-09 16:11:42.753343 / 81.559456 / Sim_time = 30.050000447779894 / 0.36843835752683746x
======[Agent] Wallclock_time = 2025-06-09 16:11:42.920988 / 81.727101 / Sim_time = 30.100000448524952 / 0.3682943819840491x
======[Agent] Wallclock_time = 2025-06-09 16:11:43.063687 / 81.8698 / Sim_time = 30.15000044927001 / 0.36826317135376724x
======[Agent] Wallclock_time = 2025-06-09 16:11:43.222478 / 82.028591 / Sim_time = 30.200000450015068 / 0.36815983210272335x
======[Agent] Wallclock_time = 2025-06-09 16:11:43.424993 / 82.231106 / Sim_time = 30.250000450760126 / 0.36786119098980785x
======[Agent] Wallclock_time = 2025-06-09 16:11:43.586313 / 82.392426 / Sim_time = 30.300000451505184 / 0.3677477915714438x
======[Agent] Wallclock_time = 2025-06-09 16:11:43.744547 / 82.55066 / Sim_time = 30.350000452250242 / 0.3676485785052686x
======[Agent] Wallclock_time = 2025-06-09 16:11:43.908636 / 82.714749 / Sim_time = 30.4000004529953 / 0.3675237281958881x
======[Agent] Wallclock_time = 2025-06-09 16:11:44.081204 / 82.887317 / Sim_time = 30.45000045374036 / 0.3673617894032081x
======[Agent] Wallclock_time = 2025-06-09 16:11:44.237414 / 83.043527 / Sim_time = 30.500000454485416 / 0.36727285416997335x
======[Agent] Wallclock_time = 2025-06-09 16:11:44.406276 / 83.212389 / Sim_time = 30.550000455230474 / 0.36712842515319827x
======[Agent] Wallclock_time = 2025-06-09 16:11:44.559739 / 83.365852 / Sim_time = 30.600000455975533 / 0.3670523681999595x
======[Agent] Wallclock_time = 2025-06-09 16:11:44.700178 / 83.506291 / Sim_time = 30.65000045672059 / 0.3670338253065901x
======[Agent] Wallclock_time = 2025-06-09 16:11:44.853769 / 83.659882 / Sim_time = 30.70000045746565 / 0.3669576476311312x
======[Agent] Wallclock_time = 2025-06-09 16:11:45.023047 / 83.82916 / Sim_time = 30.750000458210707 / 0.3668130951701715x
======[Agent] Wallclock_time = 2025-06-09 16:11:45.183577 / 83.98969 / Sim_time = 30.800000458955765 / 0.3667073155245631x
======[Agent] Wallclock_time = 2025-06-09 16:11:45.358408 / 84.164521 / Sim_time = 30.850000459700823 / 0.3665396482212808x
======[Agent] Wallclock_time = 2025-06-09 16:11:45.525352 / 84.331465 / Sim_time = 30.90000046044588 / 0.3664069402032287x
======[Agent] Wallclock_time = 2025-06-09 16:11:45.687756 / 84.493869 / Sim_time = 30.95000046119094 / 0.3662944368987771x
======[Agent] Wallclock_time = 2025-06-09 16:11:45.853325 / 84.659438 / Sim_time = 31.000000461935997 / 0.3661686756444137x
======[Agent] Wallclock_time = 2025-06-09 16:11:46.007722 / 84.813835 / Sim_time = 31.050000462681055 / 0.36609162138535145x
======[Agent] Wallclock_time = 2025-06-09 16:11:46.169530 / 84.975643 / Sim_time = 31.100000463426113 / 0.36598292619568545x
======[Agent] Wallclock_time = 2025-06-09 16:11:46.302006 / 85.108119 / Sim_time = 31.15000046417117 / 0.3660007391707482x
======[Agent] Wallclock_time = 2025-06-09 16:11:46.411880 / 85.217993 / Sim_time = 31.20000046491623 / 0.36611557314360926x
======[Agent] Wallclock_time = 2025-06-09 16:11:46.517263 / 85.323376 / Sim_time = 31.250000465661287 / 0.3662493876973831x
======[Agent] Wallclock_time = 2025-06-09 16:11:46.648862 / 85.454975 / Sim_time = 31.300000466406345 / 0.3662704739651773x
======[Agent] Wallclock_time = 2025-06-09 16:11:46.772001 / 85.578114 / Sim_time = 31.350000467151403 / 0.3663277054627067x
======[Agent] Wallclock_time = 2025-06-09 16:11:46.882499 / 85.688612 / Sim_time = 31.40000046789646 / 0.3664388218713892x
======[Agent] Wallclock_time = 2025-06-09 16:11:46.992828 / 85.798941 / Sim_time = 31.45000046864152 / 0.36655037406892294x
======[Agent] Wallclock_time = 2025-06-09 16:11:47.115211 / 85.921324 / Sim_time = 31.500000469386578 / 0.3666102009692682x
======[Agent] Wallclock_time = 2025-06-09 16:11:47.233438 / 86.039551 / Sim_time = 31.550000470131636 / 0.3666875688665875x
======[Agent] Wallclock_time = 2025-06-09 16:11:47.339009 / 86.145122 / Sim_time = 31.600000470876694 / 0.36681860700446495x
======[Agent] Wallclock_time = 2025-06-09 16:11:47.452672 / 86.258785 / Sim_time = 31.650000471621752 / 0.3669149009775731x
======[Agent] Wallclock_time = 2025-06-09 16:11:47.561344 / 86.367457 / Sim_time = 31.70000047236681 / 0.3670321500865392x
======[Agent] Wallclock_time = 2025-06-09 16:11:47.666075 / 86.472188 / Sim_time = 31.750000473111868 / 0.3671658372663659x
======[Agent] Wallclock_time = 2025-06-09 16:11:47.771363 / 86.577476 / Sim_time = 31.800000473856926 / 0.36729683800228735x
======[Agent] Wallclock_time = 2025-06-09 16:11:47.866932 / 86.673045 / Sim_time = 31.850000474601984 / 0.3674687211679342x
======[Agent] Wallclock_time = 2025-06-09 16:11:47.989571 / 86.795684 / Sim_time = 31.900000475347042 / 0.36752556670652353x
======[Agent] Wallclock_time = 2025-06-09 16:11:48.096090 / 86.902203 / Sim_time = 31.9500004760921 / 0.3676504360384979x
======[Agent] Wallclock_time = 2025-06-09 16:11:48.217979 / 87.024092 / Sim_time = 32.00000047683716 / 0.36771004478613084x
======[Agent] Wallclock_time = 2025-06-09 16:11:48.333852 / 87.139965 / Sim_time = 32.050000477582216 / 0.367794876698717x
======[Agent] Wallclock_time = 2025-06-09 16:11:48.452774 / 87.258887 / Sim_time = 32.100000478327274 / 0.3678666290082094x
======[Agent] Wallclock_time = 2025-06-09 16:11:48.566760 / 87.372873 / Sim_time = 32.15000047907233 / 0.3679589718893694x
======[Agent] Wallclock_time = 2025-06-09 16:11:48.688905 / 87.495018 / Sim_time = 32.20000047981739 / 0.36801675340033635x
======[Agent] Wallclock_time = 2025-06-09 16:11:48.813716 / 87.619829 / Sim_time = 32.25000048056245 / 0.36806317457419224x
======[Agent] Wallclock_time = 2025-06-09 16:11:48.928206 / 87.734319 / Sim_time = 32.30000048130751 / 0.36815276731720215x
======[Agent] Wallclock_time = 2025-06-09 16:11:49.055256 / 87.861369 / Sim_time = 32.350000482052565 / 0.36818948601366036x
======[Agent] Wallclock_time = 2025-06-09 16:11:49.164285 / 87.970398 / Sim_time = 32.40000048279762 / 0.36830153003590577x
======[Agent] Wallclock_time = 2025-06-09 16:11:49.278511 / 88.084624 / Sim_time = 32.45000048354268 / 0.3683915605064304x
======[Agent] Wallclock_time = 2025-06-09 16:11:49.381484 / 88.187597 / Sim_time = 32.50000048428774 / 0.3685283765687727x
======[Agent] Wallclock_time = 2025-06-09 16:11:49.490982 / 88.297095 / Sim_time = 32.5500004850328 / 0.3686376301213837x
======[Agent] Wallclock_time = 2025-06-09 16:11:49.602687 / 88.4088 / Sim_time = 32.600000485777855 / 0.3687374079092799x
======[Agent] Wallclock_time = 2025-06-09 16:11:49.716765 / 88.522878 / Sim_time = 32.65000048652291 / 0.36882704671527056x
======[Agent] Wallclock_time = 2025-06-09 16:11:49.829205 / 88.635318 / Sim_time = 32.70000048726797 / 0.3689232723686466x
======[Agent] Wallclock_time = 2025-06-09 16:11:49.930826 / 88.736939 / Sim_time = 32.75000048801303 / 0.36906424531691034x
======[Agent] Wallclock_time = 2025-06-09 16:11:50.022176 / 88.828289 / Sim_time = 32.80000048875809 / 0.36924758554307563x
======[Agent] Wallclock_time = 2025-06-09 16:11:50.137541 / 88.943654 / Sim_time = 32.850000489503145 / 0.36933080305763116x
======[Agent] Wallclock_time = 2025-06-09 16:11:50.267370 / 89.073483 / Sim_time = 32.9000004902482 / 0.36935381921047133x
======[Agent] Wallclock_time = 2025-06-09 16:11:50.390133 / 89.196246 / Sim_time = 32.95000049099326 / 0.3694060295425854x
======[Agent] Wallclock_time = 2025-06-09 16:11:50.508667 / 89.31478 / Sim_time = 33.00000049173832 / 0.3694755897752706x
======[Agent] Wallclock_time = 2025-06-09 16:11:50.619753 / 89.425866 / Sim_time = 33.05000049248338 / 0.36957574351854594x
======[Agent] Wallclock_time = 2025-06-09 16:11:50.745171 / 89.551284 / Sim_time = 33.100000493228436 / 0.3696164856412644x
======[Agent] Wallclock_time = 2025-06-09 16:11:50.862275 / 89.668388 / Sim_time = 33.150000493973494 / 0.3696913878120089x
======[Agent] Wallclock_time = 2025-06-09 16:11:50.986584 / 89.792697 / Sim_time = 33.20000049471855 / 0.36973642475950785x
======[Agent] Wallclock_time = 2025-06-09 16:11:51.130670 / 89.936783 / Sim_time = 33.25000049546361 / 0.36970002357589365x
======[Agent] Wallclock_time = 2025-06-09 16:11:51.247886 / 90.053999 / Sim_time = 33.30000049620867 / 0.36977403659966357x
======[Agent] Wallclock_time = 2025-06-09 16:11:51.363032 / 90.169145 / Sim_time = 33.350000496953726 / 0.36985634765202746x
======[Agent] Wallclock_time = 2025-06-09 16:11:51.489951 / 90.296064 / Sim_time = 33.400000497698784 / 0.36989021589559967x
======[Agent] Wallclock_time = 2025-06-09 16:11:51.599333 / 90.405446 / Sim_time = 33.45000049844384 / 0.3699957467462424x
======[Agent] Wallclock_time = 2025-06-09 16:11:51.743222 / 90.549335 / Sim_time = 33.5000004991889 / 0.3699599841258334x
======[Agent] Wallclock_time = 2025-06-09 16:11:51.855816 / 90.661929 / Sim_time = 33.55000049993396 / 0.3700520253425075x
======[Agent] Wallclock_time = 2025-06-09 16:11:51.971530 / 90.777643 / Sim_time = 33.600000500679016 / 0.3701311166402764x
======[Agent] Wallclock_time = 2025-06-09 16:11:52.076938 / 90.883051 / Sim_time = 33.650000501424074 / 0.3702519873528093x
======[Agent] Wallclock_time = 2025-06-09 16:11:52.190978 / 90.997091 / Sim_time = 33.70000050216913 / 0.37033744479506864x
======[Agent] Wallclock_time = 2025-06-09 16:11:52.313899 / 91.120012 / Sim_time = 33.75000050291419 / 0.3703865855102025x
======[Agent] Wallclock_time = 2025-06-09 16:11:52.415803 / 91.221916 / Sim_time = 33.80000050365925 / 0.370520939098891x
======[Agent] Wallclock_time = 2025-06-09 16:11:52.526012 / 91.332125 / Sim_time = 33.850000504404306 / 0.37062128887415496x
======[Agent] Wallclock_time = 2025-06-09 16:11:52.654644 / 91.460757 / Sim_time = 33.900000505149364 / 0.3706467229264944x
======[Agent] Wallclock_time = 2025-06-09 16:11:52.780423 / 91.586536 / Sim_time = 33.95000050589442 / 0.3706836321690587x
======[Agent] Wallclock_time = 2025-06-09 16:11:52.900078 / 91.706191 / Sim_time = 34.00000050663948 / 0.3707451960516322x
======[Agent] Wallclock_time = 2025-06-09 16:11:53.005306 / 91.811419 / Sim_time = 34.05000050738454 / 0.37086486641185806x
======[Agent] Wallclock_time = 2025-06-09 16:11:53.158121 / 91.964234 / Sim_time = 34.1000005081296 / 0.37079229862155944x
======[Agent] Wallclock_time = 2025-06-09 16:11:53.287339 / 92.093452 / Sim_time = 34.150000508874655 / 0.3708149597206426x
======[Agent] Wallclock_time = 2025-06-09 16:11:53.404918 / 92.211031 / Sim_time = 34.20000050961971 / 0.37088436442333333x
======[Agent] Wallclock_time = 2025-06-09 16:11:53.521122 / 92.327235 / Sim_time = 34.25000051036477 / 0.3709591167898397x
======[Agent] Wallclock_time = 2025-06-09 16:11:53.633103 / 92.439216 / Sim_time = 34.30000051110983 / 0.3710506313735769x
======[Agent] Wallclock_time = 2025-06-09 16:11:53.740738 / 92.546851 / Sim_time = 34.35000051185489 / 0.37115935314213705x
======[Agent] Wallclock_time = 2025-06-09 16:11:53.850993 / 92.657106 / Sim_time = 34.400000512599945 / 0.37125732434677594x
======[Agent] Wallclock_time = 2025-06-09 16:11:53.971604 / 92.777717 / Sim_time = 34.450000513345 / 0.3713136118636454x
======[Agent] Wallclock_time = 2025-06-09 16:11:54.098994 / 92.905107 / Sim_time = 34.50000051409006 / 0.3713426558072233x
======[Agent] Wallclock_time = 2025-06-09 16:11:54.211714 / 93.017827 / Sim_time = 34.55000051483512 / 0.37143018923292936x
======[Agent] Wallclock_time = 2025-06-09 16:11:54.324162 / 93.130275 / Sim_time = 34.60000051558018 / 0.37151859582702135x
======[Agent] Wallclock_time = 2025-06-09 16:11:54.446547 / 93.25266 / Sim_time = 34.650000516325235 / 0.37156719121078174x
======[Agent] Wallclock_time = 2025-06-09 16:11:54.553767 / 93.35988 / Sim_time = 34.70000051707029 / 0.3716760223025992x
======[Agent] Wallclock_time = 2025-06-09 16:11:54.694639 / 93.500752 / Sim_time = 34.75000051781535 / 0.3716507955681445x
======[Agent] Wallclock_time = 2025-06-09 16:11:54.806614 / 93.612727 / Sim_time = 34.80000051856041 / 0.3717403593872553x
======[Agent] Wallclock_time = 2025-06-09 16:11:54.911142 / 93.717255 / Sim_time = 34.85000051930547 / 0.3718592553745849x
======[Agent] Wallclock_time = 2025-06-09 16:11:55.061725 / 93.867838 / Sim_time = 34.900000520050526 / 0.37179538240422794x
======[Agent] Wallclock_time = 2025-06-09 16:11:55.216771 / 94.022884 / Sim_time = 34.950000520795584 / 0.3717140691698673x
======[Agent] Wallclock_time = 2025-06-09 16:11:55.337966 / 94.144079 / Sim_time = 35.00000052154064 / 0.37176664880742877x
======[Agent] Wallclock_time = 2025-06-09 16:11:55.462808 / 94.268921 / Sim_time = 35.0500005222857 / 0.37180470876055677x
======[Agent] Wallclock_time = 2025-06-09 16:11:55.565887 / 94.372 / Sim_time = 35.10000052303076 / 0.37192841727009585x
======[Agent] Wallclock_time = 2025-06-09 16:11:55.708333 / 94.514446 / Sim_time = 35.150000523775816 / 0.3718968910518161x
======[Agent] Wallclock_time = 2025-06-09 16:11:55.805234 / 94.611347 / Sim_time = 35.200000524520874 / 0.37204447031126786x
======[Agent] Wallclock_time = 2025-06-09 16:11:55.919692 / 94.725805 / Sim_time = 35.25000052526593 / 0.3721227642510051x
======[Agent] Wallclock_time = 2025-06-09 16:11:56.034109 / 94.840222 / Sim_time = 35.30000052601099 / 0.3722010301175895x
======[Agent] Wallclock_time = 2025-06-09 16:11:56.163808 / 94.969921 / Sim_time = 35.35000052675605 / 0.37221920304169787x
======[Agent] Wallclock_time = 2025-06-09 16:11:56.277138 / 95.083251 / Sim_time = 35.400000527501106 / 0.3723014080165716x
======[Agent] Wallclock_time = 2025-06-09 16:11:56.391600 / 95.197713 / Sim_time = 35.450000528246164 / 0.37237898928577073x
======[Agent] Wallclock_time = 2025-06-09 16:11:56.512782 / 95.318895 / Sim_time = 35.50000052899122 / 0.37243012625004696x
======[Agent] Wallclock_time = 2025-06-09 16:11:56.637059 / 95.443172 / Sim_time = 35.55000052973628 / 0.3724690547866692x
======[Agent] Wallclock_time = 2025-06-09 16:11:56.765180 / 95.571293 / Sim_time = 35.60000053048134 / 0.3724928994900367x
======[Agent] Wallclock_time = 2025-06-09 16:11:56.884150 / 95.690263 / Sim_time = 35.6500005312264 / 0.37255230429163x
======[Agent] Wallclock_time = 2025-06-09 16:11:57.016007 / 95.82212 / Sim_time = 35.700000531971455 / 0.37256145001301827x
======[Agent] Wallclock_time = 2025-06-09 16:11:57.126272 / 95.932385 / Sim_time = 35.75000053271651 / 0.372654426117837x
======[Agent] Wallclock_time = 2025-06-09 16:11:57.250495 / 96.056608 / Sim_time = 35.80000053346157 / 0.37269302535059556x
======[Agent] Wallclock_time = 2025-06-09 16:11:57.386825 / 96.192938 / Sim_time = 35.85000053420663 / 0.3726846127684951x
======[Agent] Wallclock_time = 2025-06-09 16:11:57.506597 / 96.31271 / Sim_time = 35.90000053495169 / 0.3727402935153436x
======[Agent] Wallclock_time = 2025-06-09 16:11:57.634029 / 96.440142 / Sim_time = 35.950000535696745 / 0.3727662260127192x
======[Agent] Wallclock_time = 2025-06-09 16:11:57.749650 / 96.555763 / Sim_time = 36.0000005364418 / 0.37283769067985223x
======[Agent] Wallclock_time = 2025-06-09 16:11:57.869006 / 96.675119 / Sim_time = 36.05000053718686 / 0.37289457737941323x
======[Agent] Wallclock_time = 2025-06-09 16:11:58.001859 / 96.807972 / Sim_time = 36.10000053793192 / 0.37289932732610687x
======[Agent] Wallclock_time = 2025-06-09 16:11:58.143188 / 96.949301 / Sim_time = 36.15000053867698 / 0.37287146265463345x
======[Agent] Wallclock_time = 2025-06-09 16:11:58.265840 / 97.071953 / Sim_time = 36.200000539422035 / 0.3729154148573397x
======[Agent] Wallclock_time = 2025-06-09 16:11:58.404161 / 97.210274 / Sim_time = 36.25000054016709 / 0.37289914069192315x
======[Agent] Wallclock_time = 2025-06-09 16:11:58.500025 / 97.306138 / Sim_time = 36.30000054091215 / 0.37304560885258126x
======[Agent] Wallclock_time = 2025-06-09 16:11:58.601618 / 97.407731 / Sim_time = 36.35000054165721 / 0.3731698397924639x
======[Agent] Wallclock_time = 2025-06-09 16:11:58.710682 / 97.516795 / Sim_time = 36.40000054240227 / 0.3732652132095713x
======[Agent] Wallclock_time = 2025-06-09 16:11:58.835836 / 97.641949 / Sim_time = 36.450000543147326 / 0.37329884970134736x
======[Agent] Wallclock_time = 2025-06-09 16:11:58.953121 / 97.759234 / Sim_time = 36.500000543892384 / 0.37336245066570095x
======[Agent] Wallclock_time = 2025-06-09 16:11:59.074245 / 97.880358 / Sim_time = 36.55000054463744 / 0.3734112530870019x
======[Agent] Wallclock_time = 2025-06-09 16:11:59.196484 / 98.002597 / Sim_time = 36.6000005453825 / 0.3734556859722455x
======[Agent] Wallclock_time = 2025-06-09 16:11:59.315496 / 98.121609 / Sim_time = 36.65000054612756 / 0.3735122916078144x
======[Agent] Wallclock_time = 2025-06-09 16:11:59.451388 / 98.257501 / Sim_time = 36.700000546872616 / 0.3735045840651753x
======[Agent] Wallclock_time = 2025-06-09 16:11:59.584667 / 98.39078 / Sim_time = 36.750000547617674 / 0.3735068168054046x
======[Agent] Wallclock_time = 2025-06-09 16:11:59.701050 / 98.507163 / Sim_time = 36.80000054836273 / 0.373573107320687x
======[Agent] Wallclock_time = 2025-06-09 16:11:59.815054 / 98.621167 / Sim_time = 36.85000054910779 / 0.3736482544447415x
======[Agent] Wallclock_time = 2025-06-09 16:11:59.934054 / 98.740167 / Sim_time = 36.90000054985285 / 0.3737043187858297x
======[Agent] Wallclock_time = 2025-06-09 16:12:00.060719 / 98.866832 / Sim_time = 36.950000550597906 / 0.3737312713663824x
======[Agent] Wallclock_time = 2025-06-09 16:12:00.191268 / 98.997381 / Sim_time = 37.000000551342964 / 0.37374349133389323x
======[Agent] Wallclock_time = 2025-06-09 16:12:00.334969 / 99.141082 / Sim_time = 37.05000055208802 / 0.37370609739755134x
======[Agent] Wallclock_time = 2025-06-09 16:12:00.473494 / 99.279607 / Sim_time = 37.10000055283308 / 0.3736882929496299x
======[Agent] Wallclock_time = 2025-06-09 16:12:00.600347 / 99.40646 / Sim_time = 37.15000055357814 / 0.3737144129180862x
======[Agent] Wallclock_time = 2025-06-09 16:12:00.717394 / 99.523507 / Sim_time = 37.200000554323196 / 0.3737772903946482x
======[Agent] Wallclock_time = 2025-06-09 16:12:00.836432 / 99.642545 / Sim_time = 37.250000555068254 / 0.37383255036809715x
======[Agent] Wallclock_time = 2025-06-09 16:12:00.939659 / 99.745772 / Sim_time = 37.30000055581331 / 0.37394694392529626x
======[Agent] Wallclock_time = 2025-06-09 16:12:01.069148 / 99.875261 / Sim_time = 37.35000055655837 / 0.37396274332454604x
======[Agent] Wallclock_time = 2025-06-09 16:12:01.193531 / 99.999644 / Sim_time = 37.40000055730343 / 0.3739975970285094x
======[Agent] Wallclock_time = 2025-06-09 16:12:01.294862 / 100.100975 / Sim_time = 37.45000055804849 / 0.37411849824190263x
======[Agent] Wallclock_time = 2025-06-09 16:12:01.417852 / 100.223965 / Sim_time = 37.500000558793545 / 0.3741582804124056x
======[Agent] Wallclock_time = 2025-06-09 16:12:01.556241 / 100.362354 / Sim_time = 37.5500005595386 / 0.374140550937931x
======[Agent] Wallclock_time = 2025-06-09 16:12:01.651972 / 100.458085 / Sim_time = 37.60000056028366 / 0.37428173430291206x
======[Agent] Wallclock_time = 2025-06-09 16:12:01.770430 / 100.576543 / Sim_time = 37.65000056102872 / 0.3743380424497814x
======[Agent] Wallclock_time = 2025-06-09 16:12:01.909321 / 100.715434 / Sim_time = 37.70000056177378 / 0.3743182623182804x
======[Agent] Wallclock_time = 2025-06-09 16:12:02.063728 / 100.869841 / Sim_time = 37.750000562518835 / 0.37424096189025363x
======[Agent] Wallclock_time = 2025-06-09 16:12:02.185477 / 100.99159 / Sim_time = 37.80000056326389 / 0.3742848912307714x
======[Agent] Wallclock_time = 2025-06-09 16:12:02.292019 / 101.098132 / Sim_time = 37.85000056400895 / 0.3743850200811709x
======[Agent] Wallclock_time = 2025-06-09 16:12:02.380044 / 101.186157 / Sim_time = 37.90000056475401 / 0.3745534679342163x
======[Agent] Wallclock_time = 2025-06-09 16:12:02.509978 / 101.316091 / Sim_time = 37.95000056549907 / 0.37456662238258565x
======[Agent] Wallclock_time = 2025-06-09 16:12:02.626954 / 101.433067 / Sim_time = 38.000000566244125 / 0.3746275949503644x
======[Agent] Wallclock_time = 2025-06-09 16:12:02.767168 / 101.573281 / Sim_time = 38.05000056698918 / 0.37460270643696886x
======[Agent] Wallclock_time = 2025-06-09 16:12:02.891723 / 101.697836 / Sim_time = 38.10000056773424 / 0.3746355618832672x
======[Agent] Wallclock_time = 2025-06-09 16:12:03.012967 / 101.81908 / Sim_time = 38.1500005684793 / 0.37468052046786154x
======[Agent] Wallclock_time = 2025-06-09 16:12:03.138753 / 101.944866 / Sim_time = 38.20000056922436 / 0.3747086769484537x
======[Agent] Wallclock_time = 2025-06-09 16:12:03.256793 / 102.062906 / Sim_time = 38.250000569969416 / 0.37476520416502007x
======[Agent] Wallclock_time = 2025-06-09 16:12:03.368454 / 102.174567 / Sim_time = 38.300000570714474 / 0.37484500155222505x
======[Agent] Wallclock_time = 2025-06-09 16:12:03.497931 / 102.304044 / Sim_time = 38.35000057145953 / 0.3748593331474402x
======[Agent] Wallclock_time = 2025-06-09 16:12:03.604108 / 102.410221 / Sim_time = 38.40000057220459 / 0.37495891756045546x
======[Agent] Wallclock_time = 2025-06-09 16:12:03.722877 / 102.52899 / Sim_time = 38.45000057294965 / 0.37501223371766296x
======[Agent] Wallclock_time = 2025-06-09 16:12:03.862597 / 102.66871 / Sim_time = 38.500000573694706 / 0.37498888984584355x
======[Agent] Wallclock_time = 2025-06-09 16:12:03.978390 / 102.784503 / Sim_time = 38.550000574439764 / 0.37505289607270553x
======[Agent] Wallclock_time = 2025-06-09 16:12:04.124677 / 102.93079 / Sim_time = 38.60000057518482 / 0.37500562824356615x
======[Agent] Wallclock_time = 2025-06-09 16:12:04.248918 / 103.055031 / Sim_time = 38.65000057592988 / 0.3750387066229038x
======[Agent] Wallclock_time = 2025-06-09 16:12:04.379882 / 103.185995 / Sim_time = 38.70000057667494 / 0.37504726808523625x
======[Agent] Wallclock_time = 2025-06-09 16:12:04.500636 / 103.306749 / Sim_time = 38.750000577419996 / 0.37509287495384297x
======[Agent] Wallclock_time = 2025-06-09 16:12:04.655010 / 103.461123 / Sim_time = 38.800000578165054 / 0.37501647417543377x
======[Agent] Wallclock_time = 2025-06-09 16:12:04.805907 / 103.61202 / Sim_time = 38.85000057891011 / 0.3749528831310014x
======[Agent] Wallclock_time = 2025-06-09 16:12:04.915531 / 103.721644 / Sim_time = 38.90000057965517 / 0.37503865192305713x
======[Agent] Wallclock_time = 2025-06-09 16:12:05.055911 / 103.862024 / Sim_time = 38.95000058040023 / 0.37501315752562936x
======[Agent] Wallclock_time = 2025-06-09 16:12:05.182852 / 103.988965 / Sim_time = 39.00000058114529 / 0.37503619297444024x
======[Agent] Wallclock_time = 2025-06-09 16:12:05.300592 / 104.106705 / Sim_time = 39.050000581890345 / 0.37509231984213215x
======[Agent] Wallclock_time = 2025-06-09 16:12:05.416971 / 104.223084 / Sim_time = 39.1000005826354 / 0.3751532187381508x
======[Agent] Wallclock_time = 2025-06-09 16:12:05.536680 / 104.342793 / Sim_time = 39.15000058338046 / 0.37520200730464587x
======[Agent] Wallclock_time = 2025-06-09 16:12:05.652071 / 104.458184 / Sim_time = 39.20000058412552 / 0.3752661956858242x
======[Agent] Wallclock_time = 2025-06-09 16:12:05.765286 / 104.571399 / Sim_time = 39.25000058487058 / 0.37533805249003205x
======[Agent] Wallclock_time = 2025-06-09 16:12:05.897847 / 104.70396 / Sim_time = 39.300000585615635 / 0.3753403906139273x
======[Agent] Wallclock_time = 2025-06-09 16:12:06.045276 / 104.851389 / Sim_time = 39.35000058636069 / 0.3752894994730229x
======[Agent] Wallclock_time = 2025-06-09 16:12:06.183440 / 104.989553 / Sim_time = 39.40000058710575 / 0.37527186457533707x
======[Agent] Wallclock_time = 2025-06-09 16:12:06.311879 / 105.117992 / Sim_time = 39.45000058785081 / 0.37528899238161273x
======[Agent] Wallclock_time = 2025-06-09 16:12:06.443052 / 105.249165 / Sim_time = 39.50000058859587 / 0.3752963293558339x
======[Agent] Wallclock_time = 2025-06-09 16:12:06.582180 / 105.388293 / Sim_time = 39.550000589340925 / 0.3752753193755738x
======[Agent] Wallclock_time = 2025-06-09 16:12:06.712854 / 105.518967 / Sim_time = 39.60000059008598 / 0.3752844292501151x
======[Agent] Wallclock_time = 2025-06-09 16:12:06.825822 / 105.631935 / Sim_time = 39.65000059083104 / 0.37535642260466434x
======[Agent] Wallclock_time = 2025-06-09 16:12:06.948142 / 105.754255 / Sim_time = 39.7000005915761 / 0.3753950627945259x
======[Agent] Wallclock_time = 2025-06-09 16:12:07.078240 / 105.884353 / Sim_time = 39.75000059232116 / 0.37540603554791147x
======[Agent] Wallclock_time = 2025-06-09 16:12:07.225170 / 106.031283 / Sim_time = 39.800000593066216 / 0.37535738613744846x
======[Agent] Wallclock_time = 2025-06-09 16:12:07.362253 / 106.168366 / Sim_time = 39.850000593811274 / 0.37534368052844236x
======[Agent] Wallclock_time = 2025-06-09 16:12:07.503853 / 106.309966 / Sim_time = 39.90000059455633 / 0.375314063034253x
======[Agent] Wallclock_time = 2025-06-09 16:12:07.639211 / 106.445324 / Sim_time = 39.95000059530139 / 0.37530653097331373x
======[Agent] Wallclock_time = 2025-06-09 16:12:07.765601 / 106.571714 / Sim_time = 40.00000059604645 / 0.3753305991254614x
======[Agent] Wallclock_time = 2025-06-09 16:12:07.907428 / 106.713541 / Sim_time = 40.050000596791506 / 0.3753003126049289x
======[Agent] Wallclock_time = 2025-06-09 16:12:08.034136 / 106.840249 / Sim_time = 40.100000597536564 / 0.37532321058448653x
======[Agent] Wallclock_time = 2025-06-09 16:12:08.147579 / 106.953692 / Sim_time = 40.15000059828162 / 0.37539260641582345x
======[Agent] Wallclock_time = 2025-06-09 16:12:08.293383 / 107.099496 / Sim_time = 40.20000059902668 / 0.3753484073409583x
======[Agent] Wallclock_time = 2025-06-09 16:12:08.442097 / 107.24821 / Sim_time = 40.25000059977174 / 0.37529414528807936x
======[Agent] Wallclock_time = 2025-06-09 16:12:08.605023 / 107.411136 / Sim_time = 40.300000600516796 / 0.37519038445075514x
======[Agent] Wallclock_time = 2025-06-09 16:12:08.767267 / 107.57338 / Sim_time = 40.350000601261854 / 0.3750893158878708x
======[Agent] Wallclock_time = 2025-06-09 16:12:08.972993 / 107.779106 / Sim_time = 40.40000060200691 / 0.3748372691524994x
======[Agent] Wallclock_time = 2025-06-09 16:12:09.170073 / 107.976186 / Sim_time = 40.45000060275197 / 0.374616176816758x
======[Agent] Wallclock_time = 2025-06-09 16:12:09.349211 / 108.155324 / Sim_time = 40.50000060349703 / 0.374457998438418x
======[Agent] Wallclock_time = 2025-06-09 16:12:09.520421 / 108.326534 / Sim_time = 40.550000604242086 / 0.3743277365128803x
======[Agent] Wallclock_time = 2025-06-09 16:12:09.668068 / 108.474181 / Sim_time = 40.600000604987144 / 0.374279169029339x
======[Agent] Wallclock_time = 2025-06-09 16:12:09.830038 / 108.636151 / Sim_time = 40.6500006057322 / 0.3741813940401677x
======[Agent] Wallclock_time = 2025-06-09 16:12:09.990409 / 108.796522 / Sim_time = 40.70000060647726 / 0.37408940808851565x
======[Agent] Wallclock_time = 2025-06-09 16:12:10.152415 / 108.958528 / Sim_time = 40.75000060722232 / 0.3739920808689839x
======[Agent] Wallclock_time = 2025-06-09 16:12:10.334438 / 109.140551 / Sim_time = 40.80000060796738 / 0.3738264687842614x
======[Agent] Wallclock_time = 2025-06-09 16:12:10.505913 / 109.312026 / Sim_time = 40.850000608712435 / 0.373697464094649x
======[Agent] Wallclock_time = 2025-06-09 16:12:10.677077 / 109.48319 / Sim_time = 40.90000060945749 / 0.3735699246572267x
======[Agent] Wallclock_time = 2025-06-09 16:12:10.840120 / 109.646233 / Sim_time = 40.95000061020255 / 0.37347044234305987x
======[Agent] Wallclock_time = 2025-06-09 16:12:11.017999 / 109.824112 / Sim_time = 41.00000061094761 / 0.3733208176555068x
======[Agent] Wallclock_time = 2025-06-09 16:12:11.176390 / 109.982503 / Sim_time = 41.05000061169267 / 0.3732377992333329x
======[Agent] Wallclock_time = 2025-06-09 16:12:11.341160 / 110.147273 / Sim_time = 41.100000612437725 / 0.3731334091133478x
======[Agent] Wallclock_time = 2025-06-09 16:12:11.514981 / 110.321094 / Sim_time = 41.15000061318278 / 0.3729987269203101x
======[Agent] Wallclock_time = 2025-06-09 16:12:11.669571 / 110.475684 / Sim_time = 41.20000061392784 / 0.37292937407433263x
======[Agent] Wallclock_time = 2025-06-09 16:12:11.864470 / 110.670583 / Sim_time = 41.2500006146729 / 0.37272441123999195x
======[Agent] Wallclock_time = 2025-06-09 16:12:12.054441 / 110.860554 / Sim_time = 41.30000061541796 / 0.37253672824591616x
======[Agent] Wallclock_time = 2025-06-09 16:12:12.235347 / 111.04146 / Sim_time = 41.350000616163015 / 0.37238008430435543x
======[Agent] Wallclock_time = 2025-06-09 16:12:12.419275 / 111.225388 / Sim_time = 41.40000061690807 / 0.3722138366743337x
======[Agent] Wallclock_time = 2025-06-09 16:12:12.597329 / 111.403442 / Sim_time = 41.45000061765313 / 0.372067754871508x
======[Agent] Wallclock_time = 2025-06-09 16:12:12.760247 / 111.56636 / Sim_time = 41.50000061839819 / 0.37197259680966x
======[Agent] Wallclock_time = 2025-06-09 16:12:12.956075 / 111.762188 / Sim_time = 41.55000061914325 / 0.37176821243809943x
======[Agent] Wallclock_time = 2025-06-09 16:12:13.141465 / 111.947578 / Sim_time = 41.600000619888306 / 0.37159918744022197x
======[Agent] Wallclock_time = 2025-06-09 16:12:13.304859 / 112.110972 / Sim_time = 41.650000620633364 / 0.37150359482244555x
======[Agent] Wallclock_time = 2025-06-09 16:12:13.488152 / 112.294265 / Sim_time = 41.70000062137842 / 0.3713424659657593x
======[Agent] Wallclock_time = 2025-06-09 16:12:13.654779 / 112.460892 / Sim_time = 41.75000062212348 / 0.37123686859299393x
======[Agent] Wallclock_time = 2025-06-09 16:12:13.823765 / 112.629878 / Sim_time = 41.80000062286854 / 0.37112381049598614x
======[Agent] Wallclock_time = 2025-06-09 16:12:14.015516 / 112.821629 / Sim_time = 41.850000623613596 / 0.37093622967794515x
======[Agent] Wallclock_time = 2025-06-09 16:12:14.175400 / 112.981513 / Sim_time = 41.900000624358654 / 0.3708538561570024x
======[Agent] Wallclock_time = 2025-06-09 16:12:14.338350 / 113.144463 / Sim_time = 41.95000062510371 / 0.3707616683234016x
======[Agent] Wallclock_time = 2025-06-09 16:12:14.500158 / 113.306271 / Sim_time = 42.00000062584877 / 0.3706734815442583x
======[Agent] Wallclock_time = 2025-06-09 16:12:14.674372 / 113.480485 / Sim_time = 42.05000062659383 / 0.3705450331972112x
======[Agent] Wallclock_time = 2025-06-09 16:12:14.834773 / 113.640886 / Sim_time = 42.100000627338886 / 0.3704620022527511x
======[Agent] Wallclock_time = 2025-06-09 16:12:15.019185 / 113.825298 / Sim_time = 42.150000628083944 / 0.37030107601394485x
======[Agent] Wallclock_time = 2025-06-09 16:12:15.180537 / 113.98665 / Sim_time = 42.200000628829 / 0.3702155507972048x
======[Agent] Wallclock_time = 2025-06-09 16:12:15.343172 / 114.149285 / Sim_time = 42.25000062957406 / 0.3701261072591633x
======[Agent] Wallclock_time = 2025-06-09 16:12:15.502493 / 114.308606 / Sim_time = 42.30000063031912 / 0.3700476461297497x
======[Agent] Wallclock_time = 2025-06-09 16:12:15.655097 / 114.46121 / Sim_time = 42.35000063106418 / 0.3699911143692244x
======[Agent] Wallclock_time = 2025-06-09 16:12:15.775249 / 114.581362 / Sim_time = 42.400000631809235 / 0.37003950600886754x
======[Agent] Wallclock_time = 2025-06-09 16:12:15.947057 / 114.75317 / Sim_time = 42.45000063255429 / 0.36992120314716487x
======[Agent] Wallclock_time = 2025-06-09 16:12:16.093654 / 114.899767 / Sim_time = 42.50000063329935 / 0.36988439453410565x
======[Agent] Wallclock_time = 2025-06-09 16:12:16.256821 / 115.062934 / Sim_time = 42.55000063404441 / 0.3697944191100263x
======[Agent] Wallclock_time = 2025-06-09 16:12:16.415647 / 115.22176 / Sim_time = 42.60000063478947 / 0.36971862707324027x
======[Agent] Wallclock_time = 2025-06-09 16:12:16.575270 / 115.381383 / Sim_time = 42.650000635534525 / 0.3696404903990804x
======[Agent] Wallclock_time = 2025-06-09 16:12:16.748552 / 115.554665 / Sim_time = 42.70000063627958 / 0.36951888629847424x
======[Agent] Wallclock_time = 2025-06-09 16:12:16.924271 / 115.730384 / Sim_time = 42.75000063702464 / 0.3693898678082398x
======[Agent] Wallclock_time = 2025-06-09 16:12:17.091446 / 115.897559 / Sim_time = 42.8000006377697 / 0.3692884623161682x
======[Agent] Wallclock_time = 2025-06-09 16:12:17.245460 / 116.051573 / Sim_time = 42.85000063851476 / 0.3692292168180946x
======[Agent] Wallclock_time = 2025-06-09 16:12:17.394614 / 116.200727 / Sim_time = 42.900000639259815 / 0.36918556846629147x
======[Agent] Wallclock_time = 2025-06-09 16:12:17.550764 / 116.356877 / Sim_time = 42.95000064000487 / 0.36911983741336973x
======[Agent] Wallclock_time = 2025-06-09 16:12:17.701563 / 116.507676 / Sim_time = 43.00000064074993 / 0.36907123243551343x
======[Agent] Wallclock_time = 2025-06-09 16:12:17.863382 / 116.669495 / Sim_time = 43.05000064149499 / 0.36898789742423727x
======[Agent] Wallclock_time = 2025-06-09 16:12:18.008907 / 116.81502 / Sim_time = 43.10000064224005 / 0.36895624968424745x
======[Agent] Wallclock_time = 2025-06-09 16:12:18.171430 / 116.977543 / Sim_time = 43.150000642985106 / 0.3688710727315616x
======[Agent] Wallclock_time = 2025-06-09 16:12:18.315236 / 117.121349 / Sim_time = 43.200000643730164 / 0.3688450668260604x
======[Agent] Wallclock_time = 2025-06-09 16:12:18.467593 / 117.273706 / Sim_time = 43.25000064447522 / 0.36879223252518933x
======[Agent] Wallclock_time = 2025-06-09 16:12:18.619012 / 117.425125 / Sim_time = 43.30000064522028 / 0.36874248081694155x
======[Agent] Wallclock_time = 2025-06-09 16:12:18.765915 / 117.572028 / Sim_time = 43.35000064596534 / 0.36870701880677376x
======[Agent] Wallclock_time = 2025-06-09 16:12:18.941818 / 117.747931 / Sim_time = 43.400000646710396 / 0.3685808463663283x
======[Agent] Wallclock_time = 2025-06-09 16:12:19.097172 / 117.903285 / Sim_time = 43.450000647455454 / 0.3685192666870034x
======[Agent] Wallclock_time = 2025-06-09 16:12:19.242149 / 118.048262 / Sim_time = 43.50000064820051 / 0.3684902379838725x
======[Agent] Wallclock_time = 2025-06-09 16:12:19.382442 / 118.188555 / Sim_time = 43.55000064894557 / 0.36847588307567086x
======[Agent] Wallclock_time = 2025-06-09 16:12:19.523443 / 118.329556 / Sim_time = 43.60000064969063 / 0.36845935761250564x
======[Agent] Wallclock_time = 2025-06-09 16:12:19.707425 / 118.513538 / Sim_time = 43.650000650435686 / 0.36830925038441853x
======[Agent] Wallclock_time = 2025-06-09 16:12:19.856099 / 118.662212 / Sim_time = 43.700000651180744 / 0.3682691536377824x
======[Agent] Wallclock_time = 2025-06-09 16:12:19.998845 / 118.804958 / Sim_time = 43.7500006519258 / 0.3682475305819747x
======[Agent] Wallclock_time = 2025-06-09 16:12:20.146711 / 118.952824 / Sim_time = 43.80000065267086 / 0.36821011027498246x
======[Agent] Wallclock_time = 2025-06-09 16:12:20.296540 / 119.102653 / Sim_time = 43.85000065341592 / 0.3681667148648742x
======[Agent] Wallclock_time = 2025-06-09 16:12:20.447600 / 119.253713 / Sim_time = 43.900000654160976 / 0.36811962856479286x
======[Agent] Wallclock_time = 2025-06-09 16:12:20.607688 / 119.413801 / Sim_time = 43.950000654906034 / 0.36804483436610197x
======[Agent] Wallclock_time = 2025-06-09 16:12:20.757829 / 119.563942 / Sim_time = 44.00000065565109 / 0.36800085308995584x
======[Agent] Wallclock_time = 2025-06-09 16:12:20.905539 / 119.711652 / Sim_time = 44.05000065639615 / 0.3679644542198944x
======[Agent] Wallclock_time = 2025-06-09 16:12:21.062303 / 119.868416 / Sim_time = 44.10000065714121 / 0.36790035464209825x
======[Agent] Wallclock_time = 2025-06-09 16:12:21.227173 / 120.033286 / Sim_time = 44.15000065788627 / 0.36781158224981036x
======[Agent] Wallclock_time = 2025-06-09 16:12:21.376925 / 120.183038 / Sim_time = 44.200000658631325 / 0.3677693094205349x
======[Agent] Wallclock_time = 2025-06-09 16:12:21.536527 / 120.34264 / Sim_time = 44.25000065937638 / 0.36769704372724954x
======[Agent] Wallclock_time = 2025-06-09 16:12:21.678623 / 120.484736 / Sim_time = 44.30000066012144 / 0.3676783836065162x
======[Agent] Wallclock_time = 2025-06-09 16:12:21.834174 / 120.640287 / Sim_time = 44.3500006608665 / 0.3676187627281073x
======[Agent] Wallclock_time = 2025-06-09 16:12:22.004501 / 120.810614 / Sim_time = 44.40000066161156 / 0.36751434064618616x
======[Agent] Wallclock_time = 2025-06-09 16:12:22.152776 / 120.958889 / Sim_time = 44.450000662356615 / 0.36747719454633937x
======[Agent] Wallclock_time = 2025-06-09 16:12:22.310089 / 121.116202 / Sim_time = 44.50000066310167 / 0.3674127203095533x
======[Agent] Wallclock_time = 2025-06-09 16:12:22.488383 / 121.294496 / Sim_time = 44.55000066384673 / 0.36728487151614214x
======[Agent] Wallclock_time = 2025-06-09 16:12:22.631251 / 121.437364 / Sim_time = 44.60000066459179 / 0.3672645051821662x
======[Agent] Wallclock_time = 2025-06-09 16:12:22.795734 / 121.601847 / Sim_time = 44.65000066533685 / 0.36717890877453585x
======[Agent] Wallclock_time = 2025-06-09 16:12:22.966974 / 121.773087 / Sim_time = 44.700000666081905 / 0.36707317432880365x
======[Agent] Wallclock_time = 2025-06-09 16:12:23.113670 / 121.919783 / Sim_time = 44.75000066682696 / 0.3670416114931526x
======[Agent] Wallclock_time = 2025-06-09 16:12:23.272474 / 122.078587 / Sim_time = 44.80000066757202 / 0.36697372401474476x
======[Agent] Wallclock_time = 2025-06-09 16:12:23.436553 / 122.242666 / Sim_time = 44.85000066831708 / 0.3668901803739842x
======[Agent] Wallclock_time = 2025-06-09 16:12:23.591216 / 122.397329 / Sim_time = 44.90000066906214 / 0.36683507884378175x
======[Agent] Wallclock_time = 2025-06-09 16:12:23.733079 / 122.539192 / Sim_time = 44.950000669807196 / 0.3668184286002032x
======[Agent] Wallclock_time = 2025-06-09 16:12:23.880108 / 122.686221 / Sim_time = 45.000000670552254 / 0.3667863719119716x
======[Agent] Wallclock_time = 2025-06-09 16:12:24.045784 / 122.851897 / Sim_time = 45.05000067129731 / 0.36669872482776955x
======[Agent] Wallclock_time = 2025-06-09 16:12:24.184346 / 122.990459 / Sim_time = 45.10000067204237 / 0.366692134874523x
======[Agent] Wallclock_time = 2025-06-09 16:12:24.349943 / 123.156056 / Sim_time = 45.15000067278743 / 0.3666050662398704x
======[Agent] Wallclock_time = 2025-06-09 16:12:24.507050 / 123.313163 / Sim_time = 45.200000673532486 / 0.36654346568068163x
======[Agent] Wallclock_time = 2025-06-09 16:12:24.675420 / 123.481533 / Sim_time = 45.250000674277544 / 0.36644859459011536x
======[Agent] Wallclock_time = 2025-06-09 16:12:24.826096 / 123.632209 / Sim_time = 45.3000006750226 / 0.36640641330455637x
======[Agent] Wallclock_time = 2025-06-09 16:12:24.983199 / 123.789312 / Sim_time = 45.35000067576766 / 0.3663453136443154x
======[Agent] Wallclock_time = 2025-06-09 16:12:25.137974 / 123.944087 / Sim_time = 45.40000067651272 / 0.3662912486116752x
======[Agent] Wallclock_time = 2025-06-09 16:12:25.294451 / 124.100564 / Sim_time = 45.450000677257776 / 0.3662322956482464x
======[Agent] Wallclock_time = 2025-06-09 16:12:25.444887 / 124.251 / Sim_time = 45.500000678002834 / 0.3661912941280851x
======[Agent] Wallclock_time = 2025-06-09 16:12:25.601437 / 124.40755 / Sim_time = 45.55000067874789 / 0.3661323974819085x
======[Agent] Wallclock_time = 2025-06-09 16:12:25.754849 / 124.560962 / Sim_time = 45.60000067949295 / 0.36608287110549004x
======[Agent] Wallclock_time = 2025-06-09 16:12:25.889202 / 124.695315 / Sim_time = 45.65000068023801 / 0.3660894123474139x
======[Agent] Wallclock_time = 2025-06-09 16:12:26.051248 / 124.857361 / Sim_time = 45.70000068098307 / 0.3660147411432308x
======[Agent] Wallclock_time = 2025-06-09 16:12:26.216909 / 125.023022 / Sim_time = 45.750000681728125 / 0.36592968255115105x
======[Agent] Wallclock_time = 2025-06-09 16:12:26.368535 / 125.174648 / Sim_time = 45.80000068247318 / 0.365885868491555x
======[Agent] Wallclock_time = 2025-06-09 16:12:26.541897 / 125.34801 / Sim_time = 45.85000068321824 / 0.3657787220115918x
======[Agent] Wallclock_time = 2025-06-09 16:12:26.710644 / 125.516757 / Sim_time = 45.9000006839633 / 0.36568531641274704x
======[Agent] Wallclock_time = 2025-06-09 16:12:26.898254 / 125.704367 / Sim_time = 45.95000068470836 / 0.36553730187755906x
======[Agent] Wallclock_time = 2025-06-09 16:12:27.058112 / 125.864225 / Sim_time = 46.000000685453415 / 0.3654702932080995x
======[Agent] Wallclock_time = 2025-06-09 16:12:27.208254 / 126.014367 / Sim_time = 46.05000068619847 / 0.36543162776487786x
======[Agent] Wallclock_time = 2025-06-09 16:12:27.383715 / 126.189828 / Sim_time = 46.10000068694353 / 0.3653197416768161x
======[Agent] Wallclock_time = 2025-06-09 16:12:27.530776 / 126.336889 / Sim_time = 46.15000068768859 / 0.3652902629051257x
======[Agent] Wallclock_time = 2025-06-09 16:12:27.719675 / 126.525788 / Sim_time = 46.20000068843365 / 0.36514007364538204x
======[Agent] Wallclock_time = 2025-06-09 16:12:27.890528 / 126.696641 / Sim_time = 46.250000689178705 / 0.3650423190529546x
======[Agent] Wallclock_time = 2025-06-09 16:12:28.028634 / 126.834747 / Sim_time = 46.30000068992376 / 0.365039050780564x
======[Agent] Wallclock_time = 2025-06-09 16:12:28.179399 / 126.985512 / Sim_time = 46.35000069066882 / 0.36499940002028575x
======[Agent] Wallclock_time = 2025-06-09 16:12:28.347831 / 127.153944 / Sim_time = 46.40000069141388 / 0.36490913551433657x
======[Agent] Wallclock_time = 2025-06-09 16:12:28.512590 / 127.318703 / Sim_time = 46.45000069215894 / 0.3648296343587837x
======[Agent] Wallclock_time = 2025-06-09 16:12:28.696976 / 127.503089 / Sim_time = 46.500000692903996 / 0.3646941918302243x
======[Agent] Wallclock_time = 2025-06-09 16:12:28.868963 / 127.675076 / Sim_time = 46.550000693649054 / 0.3645945438803198x
======[Agent] Wallclock_time = 2025-06-09 16:12:29.040925 / 127.847038 / Sim_time = 46.60000069439411 / 0.3644952353073585x
======[Agent] Wallclock_time = 2025-06-09 16:12:29.190563 / 127.996676 / Sim_time = 46.65000069513917 / 0.3644597476530681x
======[Agent] Wallclock_time = 2025-06-09 16:12:29.347082 / 128.153195 / Sim_time = 46.70000069588423 / 0.3644047757928191x
======[Agent] Wallclock_time = 2025-06-09 16:12:29.512640 / 128.318753 / Sim_time = 46.750000696629286 / 0.3643242727924304x
======[Agent] Wallclock_time = 2025-06-09 16:12:29.691231 / 128.497344 / Sim_time = 46.800000697374344 / 0.3642070336515336x
======[Agent] Wallclock_time = 2025-06-09 16:12:29.870218 / 128.676331 / Sim_time = 46.8500006981194 / 0.3640889994689072x
======[Agent] Wallclock_time = 2025-06-09 16:12:30.038949 / 128.845062 / Sim_time = 46.90000069886446 / 0.36400026489645027x
======[Agent] Wallclock_time = 2025-06-09 16:12:30.196782 / 129.002895 / Sim_time = 46.95000069960952 / 0.3639425049887797x
======[Agent] Wallclock_time = 2025-06-09 16:12:30.368671 / 129.174784 / Sim_time = 47.000000700354576 / 0.3638452908507571x
======[Agent] Wallclock_time = 2025-06-09 16:12:30.518308 / 129.324421 / Sim_time = 47.050000701099634 / 0.36381092237928714x
======[Agent] Wallclock_time = 2025-06-09 16:12:30.692684 / 129.498797 / Sim_time = 47.10000070184469 / 0.36370713926172943x
======[Agent] Wallclock_time = 2025-06-09 16:12:30.869638 / 129.675751 / Sim_time = 47.15000070258975 / 0.36359640674980936x
======[Agent] Wallclock_time = 2025-06-09 16:12:31.005328 / 129.811441 / Sim_time = 47.20000070333481 / 0.36360151877380387x
======[Agent] Wallclock_time = 2025-06-09 16:12:31.182810 / 129.988923 / Sim_time = 47.250000704079866 / 0.363489719922981x
======[Agent] Wallclock_time = 2025-06-09 16:12:31.340767 / 130.14688 / Sim_time = 47.300000704824924 / 0.3634327405473291x
======[Agent] Wallclock_time = 2025-06-09 16:12:31.487942 / 130.294055 / Sim_time = 47.35000070556998 / 0.36340596890319427x
======[Agent] Wallclock_time = 2025-06-09 16:12:31.647472 / 130.453585 / Sim_time = 47.40000070631504 / 0.3633448430065914x
======[Agent] Wallclock_time = 2025-06-09 16:12:31.801852 / 130.607965 / Sim_time = 47.4500007070601 / 0.3632981909554225x
======[Agent] Wallclock_time = 2025-06-09 16:12:31.947251 / 130.753364 / Sim_time = 47.50000070780516 / 0.36327659937839746x
======[Agent] Wallclock_time = 2025-06-09 16:12:32.113611 / 130.919724 / Sim_time = 47.550000708550215 / 0.36319689699050406x
======[Agent] Wallclock_time = 2025-06-09 16:12:32.241072 / 131.047185 / Sim_time = 47.60000070929527 / 0.3632251809461937x
======[Agent] Wallclock_time = 2025-06-09 16:12:32.385371 / 131.191484 / Sim_time = 47.65000071004033 / 0.36320678789830924x
======[Agent] Wallclock_time = 2025-06-09 16:12:32.524414 / 131.330527 / Sim_time = 47.70000071078539 / 0.3632029703788138x
======[Agent] Wallclock_time = 2025-06-09 16:12:32.660920 / 131.467033 / Sim_time = 47.75000071153045 / 0.36320616975786385x
======[Agent] Wallclock_time = 2025-06-09 16:12:32.795980 / 131.602093 / Sim_time = 47.800000712275505 / 0.36321335329311377x
======[Agent] Wallclock_time = 2025-06-09 16:12:32.938439 / 131.744552 / Sim_time = 47.85000071302056 / 0.36320012316636363x
======[Agent] Wallclock_time = 2025-06-09 16:12:33.088489 / 131.894602 / Sim_time = 47.90000071376562 / 0.363166019089595x
======[Agent] Wallclock_time = 2025-06-09 16:12:33.241914 / 132.048027 / Sim_time = 47.95000071451068 / 0.3631227113434973x
======[Agent] Wallclock_time = 2025-06-09 16:12:33.419205 / 132.225318 / Sim_time = 48.00000071525574 / 0.36301397060194734x
======[Agent] Wallclock_time = 2025-06-09 16:12:33.568977 / 132.37509 / Sim_time = 48.050000716000795 / 0.36298096367705673x
======[Agent] Wallclock_time = 2025-06-09 16:12:33.707012 / 132.513125 / Sim_time = 48.10000071674585 / 0.3629801782771901x
======[Agent] Wallclock_time = 2025-06-09 16:12:33.863451 / 132.669564 / Sim_time = 48.15000071749091 / 0.3629290421761598x
======[Agent] Wallclock_time = 2025-06-09 16:12:34.022126 / 132.828239 / Sim_time = 48.20000071823597 / 0.36287191796857293x
======[Agent] Wallclock_time = 2025-06-09 16:12:34.195531 / 133.001644 / Sim_time = 48.25000071898103 / 0.36277474844019664x
======[Agent] Wallclock_time = 2025-06-09 16:12:34.387518 / 133.193631 / Sim_time = 48.300000719726086 / 0.3626272347248447x
======[Agent] Wallclock_time = 2025-06-09 16:12:34.645051 / 133.451164 / Sim_time = 48.350000720471144 / 0.36230211089324216x
======[Agent] Wallclock_time = 2025-06-09 16:12:34.837611 / 133.643724 / Sim_time = 48.4000007212162 / 0.3621542195800876x
======[Agent] Wallclock_time = 2025-06-09 16:12:35.025385 / 133.831498 / Sim_time = 48.45000072196126 / 0.3620196995946474x
======[Agent] Wallclock_time = 2025-06-09 16:12:35.195562 / 134.001675 / Sim_time = 48.50000072270632 / 0.3619330787441841x
======[Agent] Wallclock_time = 2025-06-09 16:12:35.367084 / 134.173197 / Sim_time = 48.550000723451376 / 0.3618430503701943x
======[Agent] Wallclock_time = 2025-06-09 16:12:35.546232 / 134.352345 / Sim_time = 48.600000724196434 / 0.36173271848346183x
======[Agent] Wallclock_time = 2025-06-09 16:12:35.732867 / 134.53898 / Sim_time = 48.65000072494149 / 0.36160255654075085x
======[Agent] Wallclock_time = 2025-06-09 16:12:35.947583 / 134.753696 / Sim_time = 48.70000072568655 / 0.36139742933846664x
======[Agent] Wallclock_time = 2025-06-09 16:12:36.118688 / 134.924801 / Sim_time = 48.75000072643161 / 0.36130970033249316x
======[Agent] Wallclock_time = 2025-06-09 16:12:36.285389 / 135.091502 / Sim_time = 48.800000727176666 / 0.3612339693521752x
======[Agent] Wallclock_time = 2025-06-09 16:12:36.453901 / 135.260014 / Sim_time = 48.850000727921724 / 0.36115358951783194x
======[Agent] Wallclock_time = 2025-06-09 16:12:36.676425 / 135.482538 / Sim_time = 48.90000072866678 / 0.3609294638339514x
======[Agent] Wallclock_time = 2025-06-09 16:12:36.829444 / 135.635557 / Sim_time = 48.95000072941184 / 0.36089091180198446x
======[Agent] Wallclock_time = 2025-06-09 16:12:37.042051 / 135.848164 / Sim_time = 49.0000007301569 / 0.36069416467043475x
======[Agent] Wallclock_time = 2025-06-09 16:12:37.203383 / 136.009496 / Sim_time = 49.05000073090196 / 0.36063393762568113x
======[Agent] Wallclock_time = 2025-06-09 16:12:37.390206 / 136.196319 / Sim_time = 49.100000731647015 / 0.3605063674685624x
======[Agent] Wallclock_time = 2025-06-09 16:12:37.554285 / 136.360398 / Sim_time = 49.15000073239207 / 0.3604392551944361x
======[Agent] Wallclock_time = 2025-06-09 16:12:37.719430 / 136.525543 / Sim_time = 49.20000073313713 / 0.3603694904450714x
======[Agent] Wallclock_time = 2025-06-09 16:12:37.898510 / 136.704623 / Sim_time = 49.25000073388219 / 0.36026316733059466x
======[Agent] Wallclock_time = 2025-06-09 16:12:38.040286 / 136.846399 / Sim_time = 49.30000073462725 / 0.36025529966139325x
======[Agent] Wallclock_time = 2025-06-09 16:12:38.218208 / 137.024321 / Sim_time = 49.350000735372305 / 0.36015241836486783x
======[Agent] Wallclock_time = 2025-06-09 16:12:38.393797 / 137.19991 / Sim_time = 49.40000073611736 / 0.36005592627714617x
======[Agent] Wallclock_time = 2025-06-09 16:12:38.560952 / 137.367065 / Sim_time = 49.45000073686242 / 0.3599817813322363x
======[Agent] Wallclock_time = 2025-06-09 16:12:38.716834 / 137.522947 / Sim_time = 49.50000073760748 / 0.35993731868099654x
======[Agent] Wallclock_time = 2025-06-09 16:12:38.899564 / 137.705677 / Sim_time = 49.55000073835254 / 0.35982279013495133x
======[Agent] Wallclock_time = 2025-06-09 16:12:39.061259 / 137.867372 / Sim_time = 49.600000739097595 / 0.35976344697170715x
======[Agent] Wallclock_time = 2025-06-09 16:12:39.221850 / 138.027963 / Sim_time = 49.65000073984265 / 0.35970711987340404x
======[Agent] Wallclock_time = 2025-06-09 16:12:39.380415 / 138.186528 / Sim_time = 49.70000074058771 / 0.3596561966184655x
======[Agent] Wallclock_time = 2025-06-09 16:12:39.539663 / 138.345776 / Sim_time = 49.75000074133277 / 0.35960361476969127x
======[Agent] Wallclock_time = 2025-06-09 16:12:39.682928 / 138.489041 / Sim_time = 49.80000074207783 / 0.35959264927994233x
======[Agent] Wallclock_time = 2025-06-09 16:12:39.864357 / 138.67047 / Sim_time = 49.850000742822886 / 0.3594827453896817x
======[Agent] Wallclock_time = 2025-06-09 16:12:40.019796 / 138.825909 / Sim_time = 49.900000743567944 / 0.35944040750462825x
======[Agent] Wallclock_time = 2025-06-09 16:12:40.169614 / 138.975727 / Sim_time = 49.950000744313 / 0.3594127004035215x
======[Agent] Wallclock_time = 2025-06-09 16:12:40.339776 / 139.145889 / Sim_time = 50.00000074505806 / 0.35933250900821834x
======[Agent] Wallclock_time = 2025-06-09 16:12:40.506699 / 139.312812 / Sim_time = 50.05000074580312 / 0.3592608660066176x
======[Agent] Wallclock_time = 2025-06-09 16:12:40.640867 / 139.44698 / Sim_time = 50.100000746548176 / 0.3592737646436196x
======[Agent] Wallclock_time = 2025-06-09 16:12:40.831821 / 139.637934 / Sim_time = 50.150000747293234 / 0.3591405298703672x
======[Agent] Wallclock_time = 2025-06-09 16:12:41.011140 / 139.817253 / Sim_time = 50.20000074803829 / 0.35903753387648385x
======[Agent] Wallclock_time = 2025-06-09 16:12:41.163332 / 139.969445 / Sim_time = 50.25000074878335 / 0.3590043651628267x
======[Agent] Wallclock_time = 2025-06-09 16:12:41.334833 / 140.140946 / Sim_time = 50.30000074952841 / 0.3589218088175285x
======[Agent] Wallclock_time = 2025-06-09 16:12:41.477934 / 140.284047 / Sim_time = 50.350000750273466 / 0.35891209952172215x
======[Agent] Wallclock_time = 2025-06-09 16:12:41.634028 / 140.440141 / Sim_time = 50.400000751018524 / 0.3588692059331711x
======[Agent] Wallclock_time = 2025-06-09 16:12:41.784460 / 140.590573 / Sim_time = 50.45000075176358 / 0.3588408584898867x
======[Agent] Wallclock_time = 2025-06-09 16:12:41.946643 / 140.752756 / Sim_time = 50.50000075250864 / 0.3587826157371505x
======[Agent] Wallclock_time = 2025-06-09 16:12:42.094417 / 140.90053 / Sim_time = 50.5500007532537 / 0.3587611912606889x
======[Agent] Wallclock_time = 2025-06-09 16:12:42.259171 / 141.065284 / Sim_time = 50.600000753998756 / 0.35869663054283585x
======[Agent] Wallclock_time = 2025-06-09 16:12:42.398441 / 141.204554 / Sim_time = 50.650000754743814 / 0.358696944418658x
======[Agent] Wallclock_time = 2025-06-09 16:12:42.589873 / 141.395986 / Sim_time = 50.70000075548887 / 0.3585649326039303x
======[Agent] Wallclock_time = 2025-06-09 16:12:42.722974 / 141.529087 / Sim_time = 50.75000075623393 / 0.35858100444913826x
======[Agent] Wallclock_time = 2025-06-09 16:12:42.911213 / 141.717326 / Sim_time = 50.80000075697899 / 0.358457527624049x
======[Agent] Wallclock_time = 2025-06-09 16:12:43.081366 / 141.887479 / Sim_time = 50.85000075772405 / 0.3583800539416878x
======[Agent] Wallclock_time = 2025-06-09 16:12:43.242369 / 142.048482 / Sim_time = 50.900000758469105 / 0.3583258456265902x
======[Agent] Wallclock_time = 2025-06-09 16:12:43.411018 / 142.217131 / Sim_time = 50.95000075921416 / 0.3582524984751358x
======[Agent] Wallclock_time = 2025-06-09 16:12:43.562376 / 142.368489 / Sim_time = 51.00000075995922 / 0.3582228265212023x
======[Agent] Wallclock_time = 2025-06-09 16:12:43.713698 / 142.519811 / Sim_time = 51.05000076070428 / 0.3581933080685618x
======[Agent] Wallclock_time = 2025-06-09 16:12:43.909376 / 142.715489 / Sim_time = 51.10000076144934 / 0.35805253562151x
======[Agent] Wallclock_time = 2025-06-09 16:12:44.057636 / 142.863749 / Sim_time = 51.150000762194395 / 0.35803094269387886x
======[Agent] Wallclock_time = 2025-06-09 16:12:44.199360 / 143.005473 / Sim_time = 51.20000076293945 / 0.35802575707841877x
======[Agent] Wallclock_time = 2025-06-09 16:12:44.373564 / 143.179677 / Sim_time = 51.25000076368451 / 0.35793936610374116x
======[Agent] Wallclock_time = 2025-06-09 16:12:44.508702 / 143.314815 / Sim_time = 51.30000076442957 / 0.357950731148754x
======[Agent] Wallclock_time = 2025-06-09 16:12:44.713485 / 143.519598 / Sim_time = 51.35000076517463 / 0.3577883696190746x
======[Agent] Wallclock_time = 2025-06-09 16:12:44.848836 / 143.654949 / Sim_time = 51.400000765919685 / 0.3577993193022566x
======[Agent] Wallclock_time = 2025-06-09 16:12:45.005882 / 143.811995 / Sim_time = 51.45000076666474 / 0.35775627068099614x
======[Agent] Wallclock_time = 2025-06-09 16:12:45.152585 / 143.958698 / Sim_time = 51.5000007674098 / 0.35773901642534567x
======[Agent] Wallclock_time = 2025-06-09 16:12:45.291403 / 144.097516 / Sim_time = 51.55000076815486 / 0.35774137166100206x
======[Agent] Wallclock_time = 2025-06-09 16:12:45.440639 / 144.246752 / Sim_time = 51.60000076889992 / 0.35771788505168467x
======[Agent] Wallclock_time = 2025-06-09 16:12:45.587255 / 144.393368 / Sim_time = 51.650000769644976 / 0.3577009372667843x
======[Agent] Wallclock_time = 2025-06-09 16:12:45.739941 / 144.546054 / Sim_time = 51.700000770390034 / 0.35766900355084397x
======[Agent] Wallclock_time = 2025-06-09 16:12:45.864913 / 144.671026 / Sim_time = 51.75000077113509 / 0.3577056477465456x
======[Agent] Wallclock_time = 2025-06-09 16:12:46.024081 / 144.830194 / Sim_time = 51.80000077188015 / 0.3576577624008275x
======[Agent] Wallclock_time = 2025-06-09 16:12:46.182042 / 144.988155 / Sim_time = 51.85000077262521 / 0.3576129592080539x
======[Agent] Wallclock_time = 2025-06-09 16:12:46.330958 / 145.137071 / Sim_time = 51.900000773370266 / 0.3575905371745658x
======[Agent] Wallclock_time = 2025-06-09 16:12:46.475211 / 145.281324 / Sim_time = 51.950000774115324 / 0.3575796376585724x
======[Agent] Wallclock_time = 2025-06-09 16:12:46.617657 / 145.42377 / Sim_time = 52.00000077486038 / 0.35757320279661015x
======[Agent] Wallclock_time = 2025-06-09 16:12:46.779622 / 145.585735 / Sim_time = 52.05000077560544 / 0.35751884109225635x
======[Agent] Wallclock_time = 2025-06-09 16:12:46.931014 / 145.737127 / Sim_time = 52.1000007763505 / 0.3574905335262783x
======[Agent] Wallclock_time = 2025-06-09 16:12:47.092438 / 145.898551 / Sim_time = 52.150000777095556 / 0.3574377057342387x
======[Agent] Wallclock_time = 2025-06-09 16:12:47.255884 / 146.061997 / Sim_time = 52.200000777840614 / 0.3573800473082215x
======[Agent] Wallclock_time = 2025-06-09 16:12:47.427888 / 146.234001 / Sim_time = 52.25000077858567 / 0.3573016064641438x
======[Agent] Wallclock_time = 2025-06-09 16:12:47.587452 / 146.393565 / Sim_time = 52.30000077933073 / 0.3572537052815501x
======[Agent] Wallclock_time = 2025-06-09 16:12:47.757727 / 146.56384 / Sim_time = 52.35000078007579 / 0.3571798036969562x
======[Agent] Wallclock_time = 2025-06-09 16:12:47.921233 / 146.727346 / Sim_time = 52.40000078082085 / 0.35712254795553167x
======[Agent] Wallclock_time = 2025-06-09 16:12:48.074628 / 146.880741 / Sim_time = 52.450000781565905 / 0.3570899992366369x
======[Agent] Wallclock_time = 2025-06-09 16:12:48.224373 / 147.030486 / Sim_time = 52.50000078231096 / 0.3570663822462555x
======[Agent] Wallclock_time = 2025-06-09 16:12:48.369228 / 147.175341 / Sim_time = 52.55000078305602 / 0.3570546762203853x
======[Agent] Wallclock_time = 2025-06-09 16:12:48.546498 / 147.352611 / Sim_time = 52.60000078380108 / 0.35696445052711384x
======[Agent] Wallclock_time = 2025-06-09 16:12:48.676624 / 147.482737 / Sim_time = 52.65000078454614 / 0.3569885185682957x
======[Agent] Wallclock_time = 2025-06-09 16:12:48.810716 / 147.616829 / Sim_time = 52.700000785291195 / 0.357002952436668x
======[Agent] Wallclock_time = 2025-06-09 16:12:48.957173 / 147.763286 / Sim_time = 52.75000078603625 / 0.3569874846892046x
======[Agent] Wallclock_time = 2025-06-09 16:12:49.113408 / 147.919521 / Sim_time = 52.80000078678131 / 0.35694845062627456x
======[Agent] Wallclock_time = 2025-06-09 16:12:49.294331 / 148.100444 / Sim_time = 52.85000078752637 / 0.356850003349909x
======[Agent] Wallclock_time = 2025-06-09 16:12:49.495435 / 148.301548 / Sim_time = 52.90000078827143 / 0.3567032495508535x
======[Agent] Wallclock_time = 2025-06-09 16:12:49.680888 / 148.487001 / Sim_time = 52.950000789016485 / 0.3565944751927564x
======[Agent] Wallclock_time = 2025-06-09 16:12:49.839345 / 148.645458 / Sim_time = 53.00000078976154 / 0.35655071437868735x
======[Agent] Wallclock_time = 2025-06-09 16:12:50.008620 / 148.814733 / Sim_time = 53.0500007905066 / 0.35648113086609334x
======[Agent] Wallclock_time = 2025-06-09 16:12:50.174810 / 148.980923 / Sim_time = 53.10000079125166 / 0.3564190857655372x
======[Agent] Wallclock_time = 2025-06-09 16:12:50.340334 / 149.146447 / Sim_time = 53.15000079199672 / 0.35635877020407003x
======[Agent] Wallclock_time = 2025-06-09 16:12:50.519738 / 149.325851 / Sim_time = 53.200000792741776 / 0.3562654702518422x
======[Agent] Wallclock_time = 2025-06-09 16:12:50.711473 / 149.517586 / Sim_time = 53.250000793486834 / 0.35614302019607674x
======[Agent] Wallclock_time = 2025-06-09 16:12:50.874910 / 149.681023 / Sim_time = 53.30000079423189 / 0.3560881909929283x
======[Agent] Wallclock_time = 2025-06-09 16:12:51.043565 / 149.849678 / Sim_time = 53.35000079497695 / 0.3560210838350491x
======[Agent] Wallclock_time = 2025-06-09 16:12:51.243145 / 150.049258 / Sim_time = 53.40000079572201 / 0.3558807662678061x
======[Agent] Wallclock_time = 2025-06-09 16:12:51.418276 / 150.224389 / Sim_time = 53.450000796467066 / 0.3557987178616463x
======[Agent] Wallclock_time = 2025-06-09 16:12:51.622719 / 150.428832 / Sim_time = 53.500000797212124 / 0.3556475473376326x
======[Agent] Wallclock_time = 2025-06-09 16:12:51.793144 / 150.599257 / Sim_time = 53.55000079795718 / 0.3555770877466509x
======[Agent] Wallclock_time = 2025-06-09 16:12:51.953680 / 150.759793 / Sim_time = 53.60000079870224 / 0.35553010654900336x
======[Agent] Wallclock_time = 2025-06-09 16:12:52.105837 / 150.91195 / Sim_time = 53.6500007994473 / 0.35550296246576124x
======[Agent] Wallclock_time = 2025-06-09 16:12:52.264060 / 151.070173 / Sim_time = 53.700000800192356 / 0.35546159954813056x
======[Agent] Wallclock_time = 2025-06-09 16:12:52.403495 / 151.209608 / Sim_time = 53.750000800937414 / 0.35546448434978456x
======[Agent] Wallclock_time = 2025-06-09 16:12:52.551585 / 151.357698 / Sim_time = 53.80000080168247 / 0.3554470374849714x
======[Agent] Wallclock_time = 2025-06-09 16:12:52.715001 / 151.521114 / Sim_time = 53.85000080242753 / 0.3553936741037518x
======[Agent] Wallclock_time = 2025-06-09 16:12:52.887964 / 151.694077 / Sim_time = 53.90000080317259 / 0.35531806218848216x
======[Agent] Wallclock_time = 2025-06-09 16:12:53.073674 / 151.879787 / Sim_time = 53.950000803917646 / 0.3552128078182637x
======[Agent] Wallclock_time = 2025-06-09 16:12:53.238719 / 152.044832 / Sim_time = 54.000000804662704 / 0.3551560742859607x
======[Agent] Wallclock_time = 2025-06-09 16:12:53.388406 / 152.194519 / Sim_time = 54.05000080540776 / 0.35513529675868943x
======[Agent] Wallclock_time = 2025-06-09 16:12:53.568959 / 152.375072 / Sim_time = 54.10000080615282 / 0.35504262641809553x
======[Agent] Wallclock_time = 2025-06-09 16:12:53.750490 / 152.556603 / Sim_time = 54.15000080689788 / 0.3549478999542086x
======[Agent] Wallclock_time = 2025-06-09 16:12:53.937145 / 152.743258 / Sim_time = 54.20000080764294 / 0.3548414946481519x
======[Agent] Wallclock_time = 2025-06-09 16:12:54.113479 / 152.919592 / Sim_time = 54.250000808387995 / 0.35475929107302956x
======[Agent] Wallclock_time = 2025-06-09 16:12:54.288857 / 153.09497 / Sim_time = 54.30000080913305 / 0.3546794916230196x
======[Agent] Wallclock_time = 2025-06-09 16:12:54.509445 / 153.315558 / Sim_time = 54.35000080987811 / 0.3544953103491803x
======[Agent] Wallclock_time = 2025-06-09 16:12:54.674798 / 153.480911 / Sim_time = 54.40000081062317 / 0.3544391678223447x
======[Agent] Wallclock_time = 2025-06-09 16:12:54.843430 / 153.649543 / Sim_time = 54.45000081136823 / 0.3543755833740739x
======[Agent] Wallclock_time = 2025-06-09 16:12:55.019583 / 153.825696 / Sim_time = 54.500000812113285 / 0.3542948150697671x
======[Agent] Wallclock_time = 2025-06-09 16:12:55.194429 / 154.000542 / Sim_time = 54.55000081285834 / 0.354217237726479x
======[Agent] Wallclock_time = 2025-06-09 16:12:55.395388 / 154.201501 / Sim_time = 54.6000008136034 / 0.35407986549844217x
======[Agent] Wallclock_time = 2025-06-09 16:12:55.576272 / 154.382385 / Sim_time = 54.65000081434846 / 0.35398887525589917x
======[Agent] Wallclock_time = 2025-06-09 16:12:55.775873 / 154.581986 / Sim_time = 54.70000081509352 / 0.3538552477896469x
======[Agent] Wallclock_time = 2025-06-09 16:12:55.942445 / 154.748558 / Sim_time = 54.750000815838575 / 0.3537974616757133x
======[Agent] Wallclock_time = 2025-06-09 16:12:56.133333 / 154.939446 / Sim_time = 54.80000081658363 / 0.3536842847127446x
======[Agent] Wallclock_time = 2025-06-09 16:12:56.333432 / 155.139545 / Sim_time = 54.85000081732869 / 0.35355039404643507x
======[Agent] Wallclock_time = 2025-06-09 16:12:56.529526 / 155.335639 / Sim_time = 54.90000081807375 / 0.3534259603626016x
======[Agent] Wallclock_time = 2025-06-09 16:12:56.699032 / 155.505145 / Sim_time = 54.95000081881881 / 0.35336224699556923x
======[Agent] Wallclock_time = 2025-06-09 16:12:56.915584 / 155.721697 / Sim_time = 55.000000819563866 / 0.3531919359164699x
======[Agent] Wallclock_time = 2025-06-09 16:12:57.089650 / 155.895763 / Sim_time = 55.050000820308924 / 0.35311830573614233x
======[Agent] Wallclock_time = 2025-06-09 16:12:57.279025 / 156.085138 / Sim_time = 55.10000082105398 / 0.35301021299568563x
======[Agent] Wallclock_time = 2025-06-09 16:12:57.470798 / 156.276911 / Sim_time = 55.15000082179904 / 0.352896967133116x
======[Agent] Wallclock_time = 2025-06-09 16:12:57.682498 / 156.488611 / Sim_time = 55.2000008225441 / 0.3527390762224088x
======[Agent] Wallclock_time = 2025-06-09 16:12:57.853345 / 156.659458 / Sim_time = 55.250000823289156 / 0.3526735561011136x
======[Agent] Wallclock_time = 2025-06-09 16:12:58.018034 / 156.824147 / Sim_time = 55.300000824034214 / 0.35262202447694313x
======[Agent] Wallclock_time = 2025-06-09 16:12:58.193416 / 156.999529 / Sim_time = 55.35000082477927 / 0.35254658807410305x
======[Agent] Wallclock_time = 2025-06-09 16:12:58.355088 / 157.161201 / Sim_time = 55.40000082552433 / 0.3525020677556197x
======[Agent] Wallclock_time = 2025-06-09 16:12:58.500787 / 157.3069 / Sim_time = 55.45000082626939 / 0.35249342738838535x
======[Agent] Wallclock_time = 2025-06-09 16:12:58.678868 / 157.484981 / Sim_time = 55.500000827014446 / 0.3524123256851316x
======[Agent] Wallclock_time = 2025-06-09 16:12:58.835700 / 157.641813 / Sim_time = 55.550000827759504 / 0.35237889866732774x
======[Agent] Wallclock_time = 2025-06-09 16:12:59.007025 / 157.813138 / Sim_time = 55.60000082850456 / 0.35231318013158336x
======[Agent] Wallclock_time = 2025-06-09 16:12:59.166249 / 157.972362 / Sim_time = 55.65000082924962 / 0.3522745868335044x
======[Agent] Wallclock_time = 2025-06-09 16:12:59.337528 / 158.143641 / Sim_time = 55.70000082999468 / 0.35220922111419933x
======[Agent] Wallclock_time = 2025-06-09 16:12:59.512424 / 158.318537 / Sim_time = 55.75000083073974 / 0.35213595167815415x
======[Agent] Wallclock_time = 2025-06-09 16:12:59.683054 / 158.489167 / Sim_time = 55.800000831484795 / 0.3520723202435946x
======[Agent] Wallclock_time = 2025-06-09 16:12:59.866231 / 158.672344 / Sim_time = 55.85000083222985 / 0.35198099078462636x
======[Agent] Wallclock_time = 2025-06-09 16:13:00.031985 / 158.838098 / Sim_time = 55.90000083297491 / 0.3519284706148036x
======[Agent] Wallclock_time = 2025-06-09 16:13:00.199526 / 159.005639 / Sim_time = 55.95000083371997 / 0.35187210537617847x
======[Agent] Wallclock_time = 2025-06-09 16:13:00.380026 / 159.186139 / Sim_time = 56.00000083446503 / 0.3517872184037746x
======[Agent] Wallclock_time = 2025-06-09 16:13:00.559441 / 159.365554 / Sim_time = 56.050000835210085 / 0.3517049181800724x
======[Agent] Wallclock_time = 2025-06-09 16:13:00.716939 / 159.523052 / Sim_time = 56.10000083595514 / 0.3516711124912696x
======[Agent] Wallclock_time = 2025-06-09 16:13:00.893168 / 159.699281 / Sim_time = 56.1500008367002 / 0.3515961304833283x
======[Agent] Wallclock_time = 2025-06-09 16:13:01.046954 / 159.853067 / Sim_time = 56.20000083744526 / 0.35157066624676653x
======[Agent] Wallclock_time = 2025-06-09 16:13:01.199247 / 160.00536 / Sim_time = 56.25000083819032 / 0.3515485311845749x
======[Agent] Wallclock_time = 2025-06-09 16:13:01.368992 / 160.175105 / Sim_time = 56.300000838935375 / 0.3514881376278651x
======[Agent] Wallclock_time = 2025-06-09 16:13:01.560168 / 160.366281 / Sim_time = 56.35000083968043 / 0.3513809081771514x
======[Agent] Wallclock_time = 2025-06-09 16:13:01.697826 / 160.503939 / Sim_time = 56.40000084042549 / 0.3513910611836405x
======[Agent] Wallclock_time = 2025-06-09 16:13:01.888840 / 160.694953 / Sim_time = 56.45000084117055 / 0.3512845207817433x
======[Agent] Wallclock_time = 2025-06-09 16:13:02.042138 / 160.848251 / Sim_time = 56.50000084191561 / 0.3512605777810902x
======[Agent] Wallclock_time = 2025-06-09 16:13:02.204805 / 161.010918 / Sim_time = 56.550000842660666 / 0.3512162425309452x
======[Agent] Wallclock_time = 2025-06-09 16:13:02.397076 / 161.203189 / Sim_time = 56.600000843405724 / 0.3511075065388389x
======[Agent] Wallclock_time = 2025-06-09 16:13:02.576464 / 161.382577 / Sim_time = 56.65000084415078 / 0.3510270493270253x
======[Agent] Wallclock_time = 2025-06-09 16:13:02.733762 / 161.539875 / Sim_time = 56.70000084489584 / 0.35099476120143486x
======[Agent] Wallclock_time = 2025-06-09 16:13:02.913613 / 161.719726 / Sim_time = 56.7500008456409 / 0.35091359190188703x
======[Agent] Wallclock_time = 2025-06-09 16:13:03.134385 / 161.940498 / Sim_time = 56.800000846385956 / 0.35074395104327094x
======[Agent] Wallclock_time = 2025-06-09 16:13:03.356369 / 162.162482 / Sim_time = 56.850000847131014 / 0.3505721519172301x
======[Agent] Wallclock_time = 2025-06-09 16:13:03.552240 / 162.358353 / Sim_time = 56.90000084787607 / 0.350457179069173x
======[Agent] Wallclock_time = 2025-06-09 16:13:03.738902 / 162.545015 / Sim_time = 56.95000084862113 / 0.3503623318518213x
======[Agent] Wallclock_time = 2025-06-09 16:13:03.919051 / 162.725164 / Sim_time = 57.00000084936619 / 0.3502817214407278x
======[Agent] Wallclock_time = 2025-06-09 16:13:04.079154 / 162.885267 / Sim_time = 57.050000850111246 / 0.35024438769973926x
======[Agent] Wallclock_time = 2025-06-09 16:13:04.255544 / 163.061657 / Sim_time = 57.100000850856304 / 0.35017214794222506x
======[Agent] Wallclock_time = 2025-06-09 16:13:04.460844 / 163.266957 / Sim_time = 57.15000085160136 / 0.35003807177915114x
======[Agent] Wallclock_time = 2025-06-09 16:13:04.617231 / 163.423344 / Sim_time = 57.20000085234642 / 0.3500090589462389x
======[Agent] Wallclock_time = 2025-06-09 16:13:04.796114 / 163.602227 / Sim_time = 57.25000085309148 / 0.34993197813323984x
======[Agent] Wallclock_time = 2025-06-09 16:13:04.956779 / 163.762892 / Sim_time = 57.300000853836536 / 0.34989398550589246x
======[Agent] Wallclock_time = 2025-06-09 16:13:05.125682 / 163.931795 / Sim_time = 57.350000854581594 / 0.34983848628080544x
======[Agent] Wallclock_time = 2025-06-09 16:13:05.284869 / 164.090982 / Sim_time = 57.40000085532665 / 0.3498038122016629x
======[Agent] Wallclock_time = 2025-06-09 16:13:05.483883 / 164.289996 / Sim_time = 57.45000085607171 / 0.3496844151828729x
======[Agent] Wallclock_time = 2025-06-09 16:13:05.666924 / 164.473037 / Sim_time = 57.50000085681677 / 0.3495992553330272x
======[Agent] Wallclock_time = 2025-06-09 16:13:05.838386 / 164.644499 / Sim_time = 57.55000085756183 / 0.3495388650591768x
======[Agent] Wallclock_time = 2025-06-09 16:13:05.994265 / 164.800378 / Sim_time = 57.600000858306885 / 0.349511645820746x
======[Agent] Wallclock_time = 2025-06-09 16:13:06.172402 / 164.978515 / Sim_time = 57.65000085905194 / 0.3494373277740085x
======[Agent] Wallclock_time = 2025-06-09 16:13:06.310692 / 165.116805 / Sim_time = 57.700000859797 / 0.3494474799964607x
======[Agent] Wallclock_time = 2025-06-09 16:13:06.490061 / 165.296174 / Sim_time = 57.75000086054206 / 0.34937076940312395x
======[Agent] Wallclock_time = 2025-06-09 16:13:06.663539 / 165.469652 / Sim_time = 57.80000086128712 / 0.3493066605024746x
======[Agent] Wallclock_time = 2025-06-09 16:13:06.825073 / 165.631186 / Sim_time = 57.850000862032175 / 0.34926787032824747x
======[Agent] Wallclock_time = 2025-06-09 16:13:06.983625 / 165.789738 / Sim_time = 57.90000086277723 / 0.34923543716161776x
======[Agent] Wallclock_time = 2025-06-09 16:13:07.147946 / 165.954059 / Sim_time = 57.95000086352229 / 0.3491909268250888x
======[Agent] Wallclock_time = 2025-06-09 16:13:07.320483 / 166.126596 / Sim_time = 58.00000086426735 / 0.34912923716940647x
======[Agent] Wallclock_time = 2025-06-09 16:13:07.493116 / 166.299229 / Sim_time = 58.05000086501241 / 0.34906747401419636x
======[Agent] Wallclock_time = 2025-06-09 16:13:07.659497 / 166.46561 / Sim_time = 58.100000865757465 / 0.3490189465969029x
======[Agent] Wallclock_time = 2025-06-09 16:13:07.826857 / 166.63297 / Sim_time = 58.15000086650252 / 0.3489684658326422x
======[Agent] Wallclock_time = 2025-06-09 16:13:07.976213 / 166.782326 / Sim_time = 58.20000086724758 / 0.3489557515314665x
======[Agent] Wallclock_time = 2025-06-09 16:13:08.124395 / 166.930508 / Sim_time = 58.25000086799264 / 0.3489455140367667x
======[Agent] Wallclock_time = 2025-06-09 16:13:08.279995 / 167.086108 / Sim_time = 58.3000008687377 / 0.34891980336829875x
======[Agent] Wallclock_time = 2025-06-09 16:13:08.429362 / 167.235475 / Sim_time = 58.350000869482756 / 0.348907144027538x
======[Agent] Wallclock_time = 2025-06-09 16:13:08.589678 / 167.395791 / Sim_time = 58.400000870227814 / 0.34887168697414167x
======[Agent] Wallclock_time = 2025-06-09 16:13:08.750686 / 167.556799 / Sim_time = 58.45000087097287 / 0.348834857104878x
======[Agent] Wallclock_time = 2025-06-09 16:13:08.897673 / 167.703786 / Sim_time = 58.50000087171793 / 0.34882725929907527x
======[Agent] Wallclock_time = 2025-06-09 16:13:09.067415 / 167.873528 / Sim_time = 58.55000087246299 / 0.34877239310816105x
======[Agent] Wallclock_time = 2025-06-09 16:13:09.200898 / 168.007011 / Sim_time = 58.600000873208046 / 0.3487928969839899x
======[Agent] Wallclock_time = 2025-06-09 16:13:09.346711 / 168.152824 / Sim_time = 58.650000873953104 / 0.3487877913139406x
======[Agent] Wallclock_time = 2025-06-09 16:13:09.518092 / 168.324205 / Sim_time = 58.70000087469816 / 0.34872971564002053x
======[Agent] Wallclock_time = 2025-06-09 16:13:09.680539 / 168.486652 / Sim_time = 58.75000087544322 / 0.34869024630625883x
======[Agent] Wallclock_time = 2025-06-09 16:13:09.838424 / 168.644537 / Sim_time = 58.80000087618828 / 0.3486602842990637x
======[Agent] Wallclock_time = 2025-06-09 16:13:10.000630 / 168.806743 / Sim_time = 58.850000876933336 / 0.34862145438988146x
======[Agent] Wallclock_time = 2025-06-09 16:13:10.159392 / 168.965505 / Sim_time = 58.900000877678394 / 0.3485898041015785x
======[Agent] Wallclock_time = 2025-06-09 16:13:10.302031 / 169.108144 / Sim_time = 58.95000087842345 / 0.3485914450517439x
======[Agent] Wallclock_time = 2025-06-09 16:13:10.435774 / 169.241887 / Sim_time = 59.00000087916851 / 0.34861140651168704x
======[Agent] Wallclock_time = 2025-06-09 16:13:10.603889 / 169.410002 / Sim_time = 59.05000087991357 / 0.34856060222058993x
======[Agent] Wallclock_time = 2025-06-09 16:13:10.746825 / 169.552938 / Sim_time = 59.10000088065863 / 0.3485616528744889x
======[Agent] Wallclock_time = 2025-06-09 16:13:10.903674 / 169.709787 / Sim_time = 59.150000881403685 / 0.348534126362891x
======[Agent] Wallclock_time = 2025-06-09 16:13:11.081581 / 169.887694 / Sim_time = 59.20000088214874 / 0.3484634526777205x
======[Agent] Wallclock_time = 2025-06-09 16:13:11.240184 / 170.046297 / Sim_time = 59.2500008828938 / 0.3484324768943184x
======[Agent] Wallclock_time = 2025-06-09 16:13:11.389184 / 170.195297 / Sim_time = 59.30000088363886 / 0.3484212167297556x
======[Agent] Wallclock_time = 2025-06-09 16:13:11.550389 / 170.356502 / Sim_time = 59.35000088438392 / 0.34838501496919055x
======[Agent] Wallclock_time = 2025-06-09 16:13:11.703572 / 170.509685 / Sim_time = 59.400000885128975 / 0.34836527039422177x
======[Agent] Wallclock_time = 2025-06-09 16:13:11.851408 / 170.657521 / Sim_time = 59.45000088587403 / 0.3483564754781511x
======[Agent] Wallclock_time = 2025-06-09 16:13:11.995196 / 170.801309 / Sim_time = 59.50000088661909 / 0.3483559515967614x
======[Agent] Wallclock_time = 2025-06-09 16:13:12.146610 / 170.952723 / Sim_time = 59.55000088736415 / 0.34833988896143636x
======[Agent] Wallclock_time = 2025-06-09 16:13:12.292323 / 171.098436 / Sim_time = 59.60000088810921 / 0.3483354608375752x
======[Agent] Wallclock_time = 2025-06-09 16:13:12.446983 / 171.253096 / Sim_time = 59.650000888854265 / 0.34831284204060303x
======[Agent] Wallclock_time = 2025-06-09 16:13:12.595009 / 171.401122 / Sim_time = 59.70000088959932 / 0.34830374439354567x
======[Agent] Wallclock_time = 2025-06-09 16:13:12.759217 / 171.56533 / Sim_time = 59.75000089034438 / 0.34826181157074576x
======[Agent] Wallclock_time = 2025-06-09 16:13:12.910880 / 171.716993 / Sim_time = 59.80000089108944 / 0.34824539843701435x
======[Agent] Wallclock_time = 2025-06-09 16:13:13.061430 / 171.867543 / Sim_time = 59.8500008918345 / 0.3482312693593643x
======[Agent] Wallclock_time = 2025-06-09 16:13:13.213634 / 172.019747 / Sim_time = 59.900000892579556 / 0.3482138168634947x
======[Agent] Wallclock_time = 2025-06-09 16:13:13.396365 / 172.202478 / Sim_time = 59.950000893324614 / 0.3481346694596064x
======[Agent] Wallclock_time = 2025-06-09 16:13:13.550975 / 172.357088 / Sim_time = 60.00000089406967 / 0.3481124767064582x
======[Agent] Wallclock_time = 2025-06-09 16:13:13.715971 / 172.522084 / Sim_time = 60.05000089481473 / 0.3480693684725386x
======[Agent] Wallclock_time = 2025-06-09 16:13:13.859240 / 172.665353 / Sim_time = 60.10000089555979 / 0.34807013556115235x
======[Agent] Wallclock_time = 2025-06-09 16:13:14.028538 / 172.834651 / Sim_time = 60.150000896304846 / 0.34801848199886054x
======[Agent] Wallclock_time = 2025-06-09 16:13:14.183590 / 172.989703 / Sim_time = 60.200000897049904 / 0.3479955850404857x
======[Agent] Wallclock_time = 2025-06-09 16:13:14.325688 / 173.131801 / Sim_time = 60.25000089779496 / 0.34799876481981573x
======[Agent] Wallclock_time = 2025-06-09 16:13:14.465624 / 173.271737 / Sim_time = 60.30000089854002 / 0.3480062815568038x
======[Agent] Wallclock_time = 2025-06-09 16:13:14.603346 / 173.409459 / Sim_time = 60.35000089928508 / 0.3480182293922945x
======[Agent] Wallclock_time = 2025-06-09 16:13:14.779825 / 173.585938 / Sim_time = 60.400000900030136 / 0.3479524530816376x
======[Agent] Wallclock_time = 2025-06-09 16:13:14.930433 / 173.736546 / Sim_time = 60.450000900775194 / 0.34793861368788526x
======[Agent] Wallclock_time = 2025-06-09 16:13:15.101438 / 173.907551 / Sim_time = 60.50000090152025 / 0.34788399163604233x
======[Agent] Wallclock_time = 2025-06-09 16:13:15.264647 / 174.07076 / Sim_time = 60.55000090226531 / 0.34784505483408285x
======[Agent] Wallclock_time = 2025-06-09 16:13:15.436085 / 174.242198 / Sim_time = 60.60000090301037 / 0.3477897651018226x
======[Agent] Wallclock_time = 2025-06-09 16:13:15.609003 / 174.415116 / Sim_time = 60.650000903755426 / 0.3477316333758712x
======[Agent] Wallclock_time = 2025-06-09 16:13:15.754260 / 174.560373 / Sim_time = 60.700000904500484 / 0.3477287091715329x
======[Agent] Wallclock_time = 2025-06-09 16:13:15.931310 / 174.737423 / Sim_time = 60.75000090524554 / 0.3476625224278551x
======[Agent] Wallclock_time = 2025-06-09 16:13:16.078822 / 174.884935 / Sim_time = 60.8000009059906 / 0.34765517825084447x
======[Agent] Wallclock_time = 2025-06-09 16:13:16.230618 / 175.036731 / Sim_time = 60.85000090673566 / 0.3476393378678775x
======[Agent] Wallclock_time = 2025-06-09 16:13:16.395200 / 175.201313 / Sim_time = 60.90000090748072 / 0.3475981558958112x
======[Agent] Wallclock_time = 2025-06-09 16:13:16.549101 / 175.355214 / Sim_time = 60.950000908225775 / 0.34757822102743263x
======[Agent] Wallclock_time = 2025-06-09 16:13:16.686999 / 175.493112 / Sim_time = 61.00000090897083 / 0.34759001435313586x
======[Agent] Wallclock_time = 2025-06-09 16:13:16.858606 / 175.664719 / Sim_time = 61.05000090971589 / 0.34753508685275064x
======[Agent] Wallclock_time = 2025-06-09 16:13:17.002385 / 175.808498 / Sim_time = 61.10000091046095 / 0.34753526746581664x
======[Agent] Wallclock_time = 2025-06-09 16:13:17.154448 / 175.960561 / Sim_time = 61.15000091120601 / 0.34751908634867135x
======[Agent] Wallclock_time = 2025-06-09 16:13:17.306930 / 176.113043 / Sim_time = 61.200000911951065 / 0.34750210641607415x
======[Agent] Wallclock_time = 2025-06-09 16:13:17.464524 / 176.270637 / Sim_time = 61.25000091269612 / 0.34747507854990944x
======[Agent] Wallclock_time = 2025-06-09 16:13:17.644645 / 176.450758 / Sim_time = 61.30000091344118 / 0.3474037414432628x
======[Agent] Wallclock_time = 2025-06-09 16:13:17.893612 / 176.699725 / Sim_time = 61.35000091418624 / 0.3471972223893605x
======[Agent] Wallclock_time = 2025-06-09 16:13:18.076009 / 176.882122 / Sim_time = 61.4000009149313 / 0.3471218747198011x
======[Agent] Wallclock_time = 2025-06-09 16:13:18.239519 / 177.045632 / Sim_time = 61.450000915676355 / 0.3470837045670338x
======[Agent] Wallclock_time = 2025-06-09 16:13:18.396671 / 177.202784 / Sim_time = 61.50000091642141 / 0.3470580567084358x
======[Agent] Wallclock_time = 2025-06-09 16:13:18.565647 / 177.37176 / Sim_time = 61.55000091716647 / 0.34700932046818506x
======[Agent] Wallclock_time = 2025-06-09 16:13:18.726884 / 177.532997 / Sim_time = 61.60000091791153 / 0.34697580158639435x
======[Agent] Wallclock_time = 2025-06-09 16:13:18.880254 / 177.686367 / Sim_time = 61.65000091865659 / 0.34695770419433697x
======[Agent] Wallclock_time = 2025-06-09 16:13:19.034696 / 177.840809 / Sim_time = 61.700000919401646 / 0.346937546723907x
======[Agent] Wallclock_time = 2025-06-09 16:13:19.197141 / 178.003254 / Sim_time = 61.750000920146704 / 0.3469018269650269x
======[Agent] Wallclock_time = 2025-06-09 16:13:19.341955 / 178.148068 / Sim_time = 61.80000092089176 / 0.34690050088217x
======[Agent] Wallclock_time = 2025-06-09 16:13:19.498409 / 178.304522 / Sim_time = 61.85000092163682 / 0.34687653095587706x
======[Agent] Wallclock_time = 2025-06-09 16:13:19.657834 / 178.463947 / Sim_time = 61.90000092238188 / 0.3468468288194537x
======[Agent] Wallclock_time = 2025-06-09 16:13:19.830053 / 178.636166 / Sim_time = 61.950000923126936 / 0.34679234064386655x
======[Agent] Wallclock_time = 2025-06-09 16:13:19.998892 / 178.805005 / Sim_time = 62.000000923871994 / 0.3467445118740391x
======[Agent] Wallclock_time = 2025-06-09 16:13:20.158281 / 178.964394 / Sim_time = 62.05000092461705 / 0.3467150801490541x
======[Agent] Wallclock_time = 2025-06-09 16:13:20.327780 / 179.133893 / Sim_time = 62.10000092536211 / 0.3466661345836297x
======[Agent] Wallclock_time = 2025-06-09 16:13:20.495320 / 179.301433 / Sim_time = 62.15000092610717 / 0.3466210685836436x
======[Agent] Wallclock_time = 2025-06-09 16:13:20.666047 / 179.47216 / Sim_time = 62.200000926852226 / 0.34656993238906714x
======[Agent] Wallclock_time = 2025-06-09 16:13:20.846812 / 179.652925 / Sim_time = 62.250000927597284 / 0.34649953196178307x
======[Agent] Wallclock_time = 2025-06-09 16:13:20.997794 / 179.803907 / Sim_time = 62.30000092834234 / 0.34648665583049043x
======[Agent] Wallclock_time = 2025-06-09 16:13:21.154170 / 179.960283 / Sim_time = 62.3500009290874 / 0.3464634164065578x
======[Agent] Wallclock_time = 2025-06-09 16:13:21.310028 / 180.116141 / Sim_time = 62.40000092983246 / 0.34644121366456987x
======[Agent] Wallclock_time = 2025-06-09 16:13:21.462338 / 180.268451 / Sim_time = 62.45000093057752 / 0.34642586741209697x
======[Agent] Wallclock_time = 2025-06-09 16:13:21.626587 / 180.4327 / Sim_time = 62.500000931322575 / 0.3463876256559754x
======[Agent] Wallclock_time = 2025-06-09 16:13:21.780649 / 180.586762 / Sim_time = 62.55000093206763 / 0.34636899111728087x
======[Agent] Wallclock_time = 2025-06-09 16:13:21.933806 / 180.739919 / Sim_time = 62.60000093281269 / 0.346352122580569x
======[Agent] Wallclock_time = 2025-06-09 16:13:22.098386 / 180.904499 / Sim_time = 62.65000093355775 / 0.34631341379820496x
======[Agent] Wallclock_time = 2025-06-09 16:13:22.252748 / 181.058861 / Sim_time = 62.70000093430281 / 0.3462943171833254x
======[Agent] Wallclock_time = 2025-06-09 16:13:22.425847 / 181.23196 / Sim_time = 62.750000935047865 / 0.34623945299490705x
======[Agent] Wallclock_time = 2025-06-09 16:13:22.570648 / 181.376761 / Sim_time = 62.80000093579292 / 0.3462387041804586x
======[Agent] Wallclock_time = 2025-06-09 16:13:22.730606 / 181.536719 / Sim_time = 62.85000093653798 / 0.34620904836056676x
======[Agent] Wallclock_time = 2025-06-09 16:13:22.905733 / 181.711846 / Sim_time = 62.90000093728304 / 0.34615054643568255x
======[Agent] Wallclock_time = 2025-06-09 16:13:23.069148 / 181.875261 / Sim_time = 62.9500009380281 / 0.34611444391870416x
======[Agent] Wallclock_time = 2025-06-09 16:13:23.259608 / 182.065721 / Sim_time = 63.000000938773155 / 0.3460269981946517x
======[Agent] Wallclock_time = 2025-06-09 16:13:23.443694 / 182.249807 / Sim_time = 63.05000093951821 / 0.34595183405425584x
======[Agent] Wallclock_time = 2025-06-09 16:13:23.603194 / 182.409307 / Sim_time = 63.10000094026327 / 0.34592344028160243x
======[Agent] Wallclock_time = 2025-06-09 16:13:23.781156 / 182.587269 / Sim_time = 63.15000094100833 / 0.3458601217201327x
======[Agent] Wallclock_time = 2025-06-09 16:13:23.954891 / 182.761004 / Sim_time = 63.20000094175339 / 0.3458049242103593x
======[Agent] Wallclock_time = 2025-06-09 16:13:24.133934 / 182.940047 / Sim_time = 63.250000942498446 / 0.34573979967709734x
======[Agent] Wallclock_time = 2025-06-09 16:13:24.298193 / 183.104306 / Sim_time = 63.300000943243504 / 0.34570271242300044x
======[Agent] Wallclock_time = 2025-06-09 16:13:24.467205 / 183.273318 / Sim_time = 63.35000094398856 / 0.3456567272234431x
======[Agent] Wallclock_time = 2025-06-09 16:13:24.633816 / 183.439929 / Sim_time = 63.40000094473362 / 0.34561535034928664x
======[Agent] Wallclock_time = 2025-06-09 16:13:24.805945 / 183.612058 / Sim_time = 63.45000094547868 / 0.3455636632634193x
======[Agent] Wallclock_time = 2025-06-09 16:13:24.975441 / 183.781554 / Sim_time = 63.500000946223736 / 0.3455170230479207x
======[Agent] Wallclock_time = 2025-06-09 16:13:25.150394 / 183.956507 / Sim_time = 63.550000946968794 / 0.34546022058762077x
======[Agent] Wallclock_time = 2025-06-09 16:13:25.315279 / 184.121392 / Sim_time = 63.60000094771385 / 0.34542241308549726x
======[Agent] Wallclock_time = 2025-06-09 16:13:25.482208 / 184.288321 / Sim_time = 63.65000094845891 / 0.34538084248766054x
======[Agent] Wallclock_time = 2025-06-09 16:13:25.656218 / 184.462331 / Sim_time = 63.70000094920397 / 0.3453260905778827x
======[Agent] Wallclock_time = 2025-06-09 16:13:25.808890 / 184.615003 / Sim_time = 63.750000949949026 / 0.3453113484964195x
======[Agent] Wallclock_time = 2025-06-09 16:13:25.963622 / 184.769735 / Sim_time = 63.800000950694084 / 0.34529278108188555x
======[Agent] Wallclock_time = 2025-06-09 16:13:26.143243 / 184.949356 / Sim_time = 63.85000095143914 / 0.3452277807534425x
======[Agent] Wallclock_time = 2025-06-09 16:13:26.286251 / 185.092364 / Sim_time = 63.9000009521842 / 0.3452311826380993x
======[Agent] Wallclock_time = 2025-06-09 16:13:26.447901 / 185.254014 / Sim_time = 63.95000095292926 / 0.34519983870951665x
======[Agent] Wallclock_time = 2025-06-09 16:13:26.614134 / 185.420247 / Sim_time = 64.00000095367432 / 0.3451600180084773x
======[Agent] Wallclock_time = 2025-06-09 16:13:26.771515 / 185.577628 / Sim_time = 64.05000095441937 / 0.3451367306930374x
======[Agent] Wallclock_time = 2025-06-09 16:13:26.927180 / 185.733293 / Sim_time = 64.10000095516443 / 0.3451166713470863x
======[Agent] Wallclock_time = 2025-06-09 16:13:27.102091 / 185.908204 / Sim_time = 64.15000095590949 / 0.3450609199311589x
======[Agent] Wallclock_time = 2025-06-09 16:13:27.256986 / 186.063099 / Sim_time = 64.20000095665455 / 0.34504238755190786x
======[Agent] Wallclock_time = 2025-06-09 16:13:27.419617 / 186.22573 / Sim_time = 64.2500009573996 / 0.34500955344809847x
======[Agent] Wallclock_time = 2025-06-09 16:13:27.582444 / 186.388557 / Sim_time = 64.30000095814466 / 0.34497641387786904x
======[Agent] Wallclock_time = 2025-06-09 16:13:27.745105 / 186.551218 / Sim_time = 64.35000095888972 / 0.3449436390988914x
======[Agent] Wallclock_time = 2025-06-09 16:13:27.925006 / 186.731119 / Sim_time = 64.40000095963478 / 0.3448790776033275x
======[Agent] Wallclock_time = 2025-06-09 16:13:28.099862 / 186.905975 / Sim_time = 64.45000096037984 / 0.34482394763694524x
======[Agent] Wallclock_time = 2025-06-09 16:13:28.257547 / 187.06366 / Sim_time = 64.5000009611249 / 0.344800567681383x
======[Agent] Wallclock_time = 2025-06-09 16:13:28.438871 / 187.244984 / Sim_time = 64.55000096186996 / 0.3447337004668146x
======[Agent] Wallclock_time = 2025-06-09 16:13:28.616137 / 187.42225 / Sim_time = 64.60000096261501 / 0.34467442519866137x
======[Agent] Wallclock_time = 2025-06-09 16:13:28.772528 / 187.578641 / Sim_time = 64.65000096336007 / 0.34465361282656504x
======[Agent] Wallclock_time = 2025-06-09 16:13:28.934112 / 187.740225 / Sim_time = 64.70000096410513 / 0.3446233024425249x
======[Agent] Wallclock_time = 2025-06-09 16:13:29.109208 / 187.915321 / Sim_time = 64.75000096485019 / 0.3445682664511625x
======[Agent] Wallclock_time = 2025-06-09 16:13:29.280394 / 188.086507 / Sim_time = 64.80000096559525 / 0.34452049473756513x
======[Agent] Wallclock_time = 2025-06-09 16:13:29.474670 / 188.280783 / Sim_time = 64.8500009663403 / 0.34443056536351313x
======[Agent] Wallclock_time = 2025-06-09 16:13:29.652401 / 188.458514 / Sim_time = 64.90000096708536 / 0.34437105131813806x
======[Agent] Wallclock_time = 2025-06-09 16:13:29.811723 / 188.617836 / Sim_time = 64.95000096783042 / 0.3443452538739578x
======[Agent] Wallclock_time = 2025-06-09 16:13:29.976978 / 188.783091 / Sim_time = 65.00000096857548 / 0.3443086788948517x
======[Agent] Wallclock_time = 2025-06-09 16:13:30.151357 / 188.95747 / Sim_time = 65.05000096932054 / 0.3442555444554591x
======[Agent] Wallclock_time = 2025-06-09 16:13:30.296267 / 189.10238 / Sim_time = 65.1000009700656 / 0.3442561469290797x
======[Agent] Wallclock_time = 2025-06-09 16:13:30.474223 / 189.280336 / Sim_time = 65.15000097081065 / 0.3441966458373405x
======[Agent] Wallclock_time = 2025-06-09 16:13:30.653863 / 189.459976 / Sim_time = 65.20000097155571 / 0.3441341977017774x
======[Agent] Wallclock_time = 2025-06-09 16:13:30.835231 / 189.641344 / Sim_time = 65.25000097230077 / 0.34406873273144506x
======[Agent] Wallclock_time = 2025-06-09 16:13:30.991142 / 189.797255 / Sim_time = 65.30000097304583 / 0.3440495328739762x
======[Agent] Wallclock_time = 2025-06-09 16:13:31.157121 / 189.963234 / Sim_time = 65.35000097379088 / 0.34401213111406476x
======[Agent] Wallclock_time = 2025-06-09 16:13:31.327670 / 190.133783 / Sim_time = 65.40000097453594 / 0.3439665270217072x
======[Agent] Wallclock_time = 2025-06-09 16:13:31.504447 / 190.31056 / Sim_time = 65.450000975281 / 0.3439097497560369x
======[Agent] Wallclock_time = 2025-06-09 16:13:31.666805 / 190.472918 / Sim_time = 65.50000097602606 / 0.3438791077738321x
======[Agent] Wallclock_time = 2025-06-09 16:13:31.815147 / 190.62126 / Sim_time = 65.55000097677112 / 0.3438738003461459x
======[Agent] Wallclock_time = 2025-06-09 16:13:31.964191 / 190.770304 / Sim_time = 65.60000097751617 / 0.3438672358056334x
======[Agent] Wallclock_time = 2025-06-09 16:13:32.136566 / 190.942679 / Sim_time = 65.65000097826123 / 0.34381866591279636x
======[Agent] Wallclock_time = 2025-06-09 16:13:32.298678 / 191.104791 / Sim_time = 65.70000097900629 / 0.34378864520649866x
======[Agent] Wallclock_time = 2025-06-09 16:13:32.447093 / 191.253206 / Sim_time = 65.75000097975135 / 0.3437832942599513x
======[Agent] Wallclock_time = 2025-06-09 16:13:32.624780 / 191.430893 / Sim_time = 65.8000009804964 / 0.3437253842571384x
======[Agent] Wallclock_time = 2025-06-09 16:13:32.783876 / 191.589989 / Sim_time = 65.85000098124146 / 0.3437009293857837x
======[Agent] Wallclock_time = 2025-06-09 16:13:32.949645 / 191.755758 / Sim_time = 65.90000098198652 / 0.34366455539463453x
======[Agent] Wallclock_time = 2025-06-09 16:13:33.114588 / 191.920701 / Sim_time = 65.95000098273158 / 0.3436297231584644x
======[Agent] Wallclock_time = 2025-06-09 16:13:33.246096 / 192.052209 / Sim_time = 66.00000098347664 / 0.3436547680048222x
======[Agent] Wallclock_time = 2025-06-09 16:13:33.387450 / 192.193563 / Sim_time = 66.0500009842217 / 0.34366217208871663x
======[Agent] Wallclock_time = 2025-06-09 16:13:33.535144 / 192.341257 / Sim_time = 66.10000098496675 / 0.3436582372274375x
======[Agent] Wallclock_time = 2025-06-09 16:13:33.688933 / 192.495046 / Sim_time = 66.15000098571181 / 0.3436434272821989x
======[Agent] Wallclock_time = 2025-06-09 16:13:33.840629 / 192.646742 / Sim_time = 66.20000098645687 / 0.3436323742972128x
======[Agent] Wallclock_time = 2025-06-09 16:13:34.000173 / 192.806286 / Sim_time = 66.25000098720193 / 0.3436073519918844x
======[Agent] Wallclock_time = 2025-06-09 16:13:34.151508 / 192.957621 / Sim_time = 66.30000098794699 / 0.34359698801924476x
======[Agent] Wallclock_time = 2025-06-09 16:13:34.298495 / 193.104608 / Sim_time = 66.35000098869205 / 0.3435943765480495x
======[Agent] Wallclock_time = 2025-06-09 16:13:34.449235 / 193.255348 / Sim_time = 66.4000009894371 / 0.3435850965652994x
======[Agent] Wallclock_time = 2025-06-09 16:13:34.606935 / 193.413048 / Sim_time = 66.45000099018216 / 0.343563467479788x
======[Agent] Wallclock_time = 2025-06-09 16:13:34.755113 / 193.561226 / Sim_time = 66.50000099092722 / 0.3435587736572487x
======[Agent] Wallclock_time = 2025-06-09 16:13:34.903994 / 193.710107 / Sim_time = 66.55000099167228 / 0.3435528402182549x
======[Agent] Wallclock_time = 2025-06-09 16:13:35.047433 / 193.853546 / Sim_time = 66.60000099241734 / 0.3435565601459629x
======[Agent] Wallclock_time = 2025-06-09 16:13:35.192160 / 193.998273 / Sim_time = 66.6500009931624 / 0.34355799360733885x
======[Agent] Wallclock_time = 2025-06-09 16:13:35.323351 / 194.129464 / Sim_time = 66.70000099390745 / 0.3435833800608824x
======[Agent] Wallclock_time = 2025-06-09 16:13:35.464006 / 194.270119 / Sim_time = 66.75000099465251 / 0.3435919931806874x
======[Agent] Wallclock_time = 2025-06-09 16:13:35.614124 / 194.420237 / Sim_time = 66.80000099539757 / 0.3435838698804163x
======[Agent] Wallclock_time = 2025-06-09 16:13:35.755179 / 194.561292 / Sim_time = 66.85000099614263 / 0.34359176338312575x
======[Agent] Wallclock_time = 2025-06-09 16:13:35.911716 / 194.717829 / Sim_time = 66.90000099688768 / 0.3435723260069918x
======[Agent] Wallclock_time = 2025-06-09 16:13:36.057876 / 194.863989 / Sim_time = 66.95000099763274 / 0.34357121482521796x
======[Agent] Wallclock_time = 2025-06-09 16:13:36.205717 / 195.01183 / Sim_time = 67.0000009983778 / 0.34356714375345354x
======[Agent] Wallclock_time = 2025-06-09 16:13:36.358383 / 195.164496 / Sim_time = 67.05000099912286 / 0.34355458507441733x
======[Agent] Wallclock_time = 2025-06-09 16:13:36.523067 / 195.32918 / Sim_time = 67.10000099986792 / 0.3435209090570024x
======[Agent] Wallclock_time = 2025-06-09 16:13:36.654167 / 195.46028 / Sim_time = 67.15000100061297 / 0.3435463074866437x
======[Agent] Wallclock_time = 2025-06-09 16:13:36.802141 / 195.608254 / Sim_time = 67.20000100135803 / 0.34354203406633327x
======[Agent] Wallclock_time = 2025-06-09 16:13:36.967592 / 195.773705 / Sim_time = 67.25000100210309 / 0.34350709915309585x
======[Agent] Wallclock_time = 2025-06-09 16:13:37.135340 / 195.941453 / Sim_time = 67.30000100284815 / 0.343468196771264x
======[Agent] Wallclock_time = 2025-06-09 16:13:37.349002 / 196.155115 / Sim_time = 67.3500010035932 / 0.34334897488968524x
======[Agent] Wallclock_time = 2025-06-09 16:13:37.525444 / 196.331557 / Sim_time = 67.40000100433826 / 0.3432950807253952x
======[Agent] Wallclock_time = 2025-06-09 16:13:37.689016 / 196.495129 / Sim_time = 67.45000100508332 / 0.34326376477922027x
======[Agent] Wallclock_time = 2025-06-09 16:13:37.874755 / 196.680868 / Sim_time = 67.50000100582838 / 0.3431938169604347x
======[Agent] Wallclock_time = 2025-06-09 16:13:38.043270 / 196.849383 / Sim_time = 67.55000100657344 / 0.3431540237672458x
======[Agent] Wallclock_time = 2025-06-09 16:13:38.200379 / 197.006492 / Sim_time = 67.6000010073185 / 0.3431341636861125x
======[Agent] Wallclock_time = 2025-06-09 16:13:38.386422 / 197.192535 / Sim_time = 67.65000100806355 / 0.3430639904501106x
======[Agent] Wallclock_time = 2025-06-09 16:13:38.553274 / 197.359387 / Sim_time = 67.70000100880861 / 0.34302730166823503x
======[Agent] Wallclock_time = 2025-06-09 16:13:38.711245 / 197.517358 / Sim_time = 67.75000100955367 / 0.34300609672724025x
======[Agent] Wallclock_time = 2025-06-09 16:13:38.856997 / 197.66311 / Sim_time = 67.80000101029873 / 0.34300612797284613x
======[Agent] Wallclock_time = 2025-06-09 16:13:39.019487 / 197.8256 / Sim_time = 67.85000101104379 / 0.3429771376096227x
======[Agent] Wallclock_time = 2025-06-09 16:13:39.170424 / 197.976537 / Sim_time = 67.90000101178885 / 0.3429682076092746x
======[Agent] Wallclock_time = 2025-06-09 16:13:39.333880 / 198.139993 / Sim_time = 67.9500010125339 / 0.3429376222644342x
======[Agent] Wallclock_time = 2025-06-09 16:13:39.497796 / 198.303909 / Sim_time = 68.00000101327896 / 0.3429062919127179x
======[Agent] Wallclock_time = 2025-06-09 16:13:39.653176 / 198.459289 / Sim_time = 68.05000101402402 / 0.3428897607522078x
======[Agent] Wallclock_time = 2025-06-09 16:13:39.828449 / 198.634562 / Sim_time = 68.10000101476908 / 0.3428389173071088x
======[Agent] Wallclock_time = 2025-06-09 16:13:39.981688 / 198.787801 / Sim_time = 68.15000101551414 / 0.34282615857979915x
======[Agent] Wallclock_time = 2025-06-09 16:13:40.131521 / 198.937634 / Sim_time = 68.2000010162592 / 0.342819288767506x
======[Agent] Wallclock_time = 2025-06-09 16:13:40.283747 / 199.08986 / Sim_time = 68.25000101700425 / 0.3428083088143989x
======[Agent] Wallclock_time = 2025-06-09 16:13:40.436739 / 199.242852 / Sim_time = 68.30000101774931 / 0.34279602774267437x
======[Agent] Wallclock_time = 2025-06-09 16:13:40.593688 / 199.399801 / Sim_time = 68.35000101849437 / 0.342776963160215x
======[Agent] Wallclock_time = 2025-06-09 16:13:40.754783 / 199.560896 / Sim_time = 68.40000101923943 / 0.3427508075952506x
======[Agent] Wallclock_time = 2025-06-09 16:13:40.909988 / 199.716101 / Sim_time = 68.45000101998448 / 0.34273480176334264x
======[Agent] Wallclock_time = 2025-06-09 16:13:41.089088 / 199.895201 / Sim_time = 68.50000102072954 / 0.3426778531960672x
======[Agent] Wallclock_time = 2025-06-09 16:13:41.234515 / 200.040628 / Sim_time = 68.5500010214746 / 0.3426786799669247x
======[Agent] Wallclock_time = 2025-06-09 16:13:41.395052 / 200.201165 / Sim_time = 68.60000102221966 / 0.3426536422431778x
======[Agent] Wallclock_time = 2025-06-09 16:13:41.562381 / 200.368494 / Sim_time = 68.65000102296472 / 0.3426170304296158x
======[Agent] Wallclock_time = 2025-06-09 16:13:41.730343 / 200.536456 / Sim_time = 68.70000102370977 / 0.342579398352943x
======[Agent] Wallclock_time = 2025-06-09 16:13:41.877256 / 200.683369 / Sim_time = 68.75000102445483 / 0.342577757136904x
======[Agent] Wallclock_time = 2025-06-09 16:13:42.028045 / 200.834158 / Sim_time = 68.80000102519989 / 0.34256950680517745x
======[Agent] Wallclock_time = 2025-06-09 16:13:42.188271 / 200.994384 / Sim_time = 68.85000102594495 / 0.3425451851468636x
======[Agent] Wallclock_time = 2025-06-09 16:13:42.340811 / 201.146924 / Sim_time = 68.90000102669 / 0.3425339901926604x
======[Agent] Wallclock_time = 2025-06-09 16:13:42.494036 / 201.300149 / Sim_time = 68.95000102743506 / 0.3425216466471091x
======[Agent] Wallclock_time = 2025-06-09 16:13:42.674057 / 201.48017 / Sim_time = 69.00000102818012 / 0.342463769831097x
======[Agent] Wallclock_time = 2025-06-09 16:13:42.851201 / 201.657314 / Sim_time = 69.05000102892518 / 0.34241088135312475x
======[Agent] Wallclock_time = 2025-06-09 16:13:43.023588 / 201.829701 / Sim_time = 69.10000102967024 / 0.34236615483820887x
======[Agent] Wallclock_time = 2025-06-09 16:13:43.190364 / 201.996477 / Sim_time = 69.1500010304153 / 0.3423310135225862x
======[Agent] Wallclock_time = 2025-06-09 16:13:43.353605 / 202.159718 / Sim_time = 69.20000103116035 / 0.34230191560340795x
======[Agent] Wallclock_time = 2025-06-09 16:13:43.507353 / 202.313466 / Sim_time = 69.25000103190541 / 0.3422889247667807x
======[Agent] Wallclock_time = 2025-06-09 16:13:43.691281 / 202.497394 / Sim_time = 69.30000103265047 / 0.3422249414612664x
======[Agent] Wallclock_time = 2025-06-09 16:13:43.850335 / 202.656448 / Sim_time = 69.35000103339553 / 0.3422030708360421x
======[Agent] Wallclock_time = 2025-06-09 16:13:44.023117 / 202.82923 / Sim_time = 69.40000103414059 / 0.342158074928676x
======[Agent] Wallclock_time = 2025-06-09 16:13:44.200478 / 203.006591 / Sim_time = 69.45000103488564 / 0.34210543897782447x
======[Agent] Wallclock_time = 2025-06-09 16:13:44.363006 / 203.169119 / Sim_time = 69.5000010356307 / 0.3420778674428532x
======[Agent] Wallclock_time = 2025-06-09 16:13:44.541216 / 203.347329 / Sim_time = 69.55000103637576 / 0.3420239614379903x
======[Agent] Wallclock_time = 2025-06-09 16:13:44.688987 / 203.4951 / Sim_time = 69.60000103712082 / 0.34202130181915436x
======[Agent] Wallclock_time = 2025-06-09 16:13:44.860615 / 203.666728 / Sim_time = 69.65000103786588 / 0.341978583066758x
======[Agent] Wallclock_time = 2025-06-09 16:13:45.036443 / 203.842556 / Sim_time = 69.70000103861094 / 0.341928890990358x
======[Agent] Wallclock_time = 2025-06-09 16:13:45.197198 / 204.003311 / Sim_time = 69.750001039356 / 0.341904544553257x
======[Agent] Wallclock_time = 2025-06-09 16:13:45.378173 / 204.184286 / Sim_time = 69.80000104010105 / 0.34184638084108104x
======[Agent] Wallclock_time = 2025-06-09 16:13:45.556972 / 204.363085 / Sim_time = 69.85000104084611 / 0.3417919593887845x
======[Agent] Wallclock_time = 2025-06-09 16:13:45.738229 / 204.544342 / Sim_time = 69.90000104159117 / 0.34173352645493715x
======[Agent] Wallclock_time = 2025-06-09 16:13:45.907196 / 204.713309 / Sim_time = 69.95000104233623 / 0.34169570942076266x
======[Agent] Wallclock_time = 2025-06-09 16:13:46.075335 / 204.881448 / Sim_time = 70.00000104308128 / 0.34165933551848854x
======[Agent] Wallclock_time = 2025-06-09 16:13:46.228081 / 205.034194 / Sim_time = 70.05000104382634 / 0.34164866858821485x
======[Agent] Wallclock_time = 2025-06-09 16:13:46.380396 / 205.186509 / Sim_time = 70.1000010445714 / 0.341638735156005x
======[Agent] Wallclock_time = 2025-06-09 16:13:46.543707 / 205.34982 / Sim_time = 70.15000104531646 / 0.3416105231297175x
======[Agent] Wallclock_time = 2025-06-09 16:13:46.693248 / 205.499361 / Sim_time = 70.20000104606152 / 0.3416052444115245x
======[Agent] Wallclock_time = 2025-06-09 16:13:46.851123 / 205.657236 / Sim_time = 70.25000104680657 / 0.3415861305297132x
======[Agent] Wallclock_time = 2025-06-09 16:13:47.008310 / 205.814423 / Sim_time = 70.30000104755163 / 0.3415681877618648x
======[Agent] Wallclock_time = 2025-06-09 16:13:47.153518 / 205.959631 / Sim_time = 70.35000104829669 / 0.34157013749048326x
======[Agent] Wallclock_time = 2025-06-09 16:13:47.318696 / 206.124809 / Sim_time = 70.40000104904175 / 0.3415389920873118x
======[Agent] Wallclock_time = 2025-06-09 16:13:47.475104 / 206.281217 / Sim_time = 70.4500010497868 / 0.3415224156224131x
======[Agent] Wallclock_time = 2025-06-09 16:13:47.647182 / 206.453295 / Sim_time = 70.50000105053186 / 0.3414799437838378x
======[Agent] Wallclock_time = 2025-06-09 16:13:47.790637 / 206.59675 / Sim_time = 70.55000105127692 / 0.3414848470095968x
======[Agent] Wallclock_time = 2025-06-09 16:13:47.950725 / 206.756838 / Sim_time = 70.60000105202198 / 0.34146227168433624x
======[Agent] Wallclock_time = 2025-06-09 16:13:48.109275 / 206.915388 / Sim_time = 70.65000105276704 / 0.34144226919700066x
======[Agent] Wallclock_time = 2025-06-09 16:13:48.261182 / 207.067295 / Sim_time = 70.7000010535121 / 0.3414332505780863x
======[Agent] Wallclock_time = 2025-06-09 16:13:48.434275 / 207.240388 / Sim_time = 70.75000105425715 / 0.34138934185413367x
======[Agent] Wallclock_time = 2025-06-09 16:13:48.582958 / 207.389071 / Sim_time = 70.80000105500221 / 0.3413856830928141x
======[Agent] Wallclock_time = 2025-06-09 16:13:48.746071 / 207.552184 / Sim_time = 70.85000105574727 / 0.34135829521048094x
======[Agent] Wallclock_time = 2025-06-09 16:13:48.909066 / 207.715179 / Sim_time = 70.90000105649233 / 0.34133114424607397x
======[Agent] Wallclock_time = 2025-06-09 16:13:49.075717 / 207.88183 / Sim_time = 70.95000105723739 / 0.34129803340293846x
======[Agent] Wallclock_time = 2025-06-09 16:13:49.211870 / 208.017983 / Sim_time = 71.00000105798244 / 0.34131500901522266x
======[Agent] Wallclock_time = 2025-06-09 16:13:49.380437 / 208.18655 / Sim_time = 71.0500010587275 / 0.34127881834781904x
======[Agent] Wallclock_time = 2025-06-09 16:13:49.548764 / 208.354877 / Sim_time = 71.10000105947256 / 0.34124307930835357x
======[Agent] Wallclock_time = 2025-06-09 16:13:49.709267 / 208.51538 / Sim_time = 71.15000106021762 / 0.3412202008313094x
======[Agent] Wallclock_time = 2025-06-09 16:13:49.885805 / 208.691918 / Sim_time = 71.20000106096268 / 0.341171141518864x
======[Agent] Wallclock_time = 2025-06-09 16:13:50.055026 / 208.861139 / Sim_time = 71.25000106170774 / 0.3411341155598705x
======[Agent] Wallclock_time = 2025-06-09 16:13:50.221902 / 209.028015 / Sim_time = 71.3000010624528 / 0.3411009761609066x
======[Agent] Wallclock_time = 2025-06-09 16:13:50.398202 / 209.204315 / Sim_time = 71.35000106319785 / 0.34105252566455035x
======[Agent] Wallclock_time = 2025-06-09 16:13:50.545825 / 209.351938 / Sim_time = 71.40000106394291 / 0.34105086723904926x
======[Agent] Wallclock_time = 2025-06-09 16:13:50.738162 / 209.544275 / Sim_time = 71.45000106468797 / 0.34097643606942685x
======[Agent] Wallclock_time = 2025-06-09 16:13:50.912170 / 209.718283 / Sim_time = 71.50000106543303 / 0.3409319355027216x
======[Agent] Wallclock_time = 2025-06-09 16:13:51.077884 / 209.883997 / Sim_time = 71.55000106617808 / 0.3409009795310814x
======[Agent] Wallclock_time = 2025-06-09 16:13:51.232568 / 210.038681 / Sim_time = 71.60000106692314 / 0.34088797281558975x
======[Agent] Wallclock_time = 2025-06-09 16:13:51.409109 / 210.215222 / Sim_time = 71.6500010676682 / 0.340839543142718x
======[Agent] Wallclock_time = 2025-06-09 16:13:51.562209 / 210.368322 / Sim_time = 71.70000106841326 / 0.3408291683728165x
======[Agent] Wallclock_time = 2025-06-09 16:13:51.712185 / 210.518298 / Sim_time = 71.75000106915832 / 0.34082386627167227x
======[Agent] Wallclock_time = 2025-06-09 16:13:51.878028 / 210.684141 / Sim_time = 71.80000106990337 / 0.3407929041844644x
======[Agent] Wallclock_time = 2025-06-09 16:13:52.049583 / 210.855696 / Sim_time = 71.85000107064843 / 0.340752759735211x
======[Agent] Wallclock_time = 2025-06-09 16:13:52.194446 / 211.000559 / Sim_time = 71.90000107139349 / 0.34075578119967104x
======[Agent] Wallclock_time = 2025-06-09 16:13:52.344535 / 211.150648 / Sim_time = 71.95000107213855 / 0.34075036474325104x
======[Agent] Wallclock_time = 2025-06-09 16:13:52.479420 / 211.285533 / Sim_time = 72.0000010728836 / 0.34076947570001354x
======[Agent] Wallclock_time = 2025-06-09 16:13:52.638949 / 211.445062 / Sim_time = 72.05000107362866 / 0.34074884342669226x
======[Agent] Wallclock_time = 2025-06-09 16:13:52.814599 / 211.620712 / Sim_time = 72.10000107437372 / 0.3407022861358088x
======[Agent] Wallclock_time = 2025-06-09 16:13:52.957600 / 211.763713 / Sim_time = 72.15000107511878 / 0.3407083269586977x
======[Agent] Wallclock_time = 2025-06-09 16:13:53.117863 / 211.923976 / Sim_time = 72.20000107586384 / 0.34068660730136796x
======[Agent] Wallclock_time = 2025-06-09 16:13:53.282279 / 212.088392 / Sim_time = 72.2500010766089 / 0.3406582497846422x
======[Agent] Wallclock_time = 2025-06-09 16:13:53.447252 / 212.253365 / Sim_time = 72.30000107735395 / 0.3406290423160624x
======[Agent] Wallclock_time = 2025-06-09 16:13:53.630682 / 212.436795 / Sim_time = 72.35000107809901 / 0.3405702882488449x
======[Agent] Wallclock_time = 2025-06-09 16:13:53.767949 / 212.574062 / Sim_time = 72.40000107884407 / 0.34058558138322015x
======[Agent] Wallclock_time = 2025-06-09 16:13:53.962054 / 212.768167 / Sim_time = 72.45000107958913 / 0.3405098685167533x
======[Agent] Wallclock_time = 2025-06-09 16:13:54.123708 / 212.929821 / Sim_time = 72.50000108033419 / 0.3404861764015562x
======[Agent] Wallclock_time = 2025-06-09 16:13:54.281529 / 213.087642 / Sim_time = 72.55000108107924 / 0.3404686444108046x
======[Agent] Wallclock_time = 2025-06-09 16:13:54.459791 / 213.265904 / Sim_time = 72.6000010818243 / 0.3404185071389431x
======[Agent] Wallclock_time = 2025-06-09 16:13:54.613006 / 213.419119 / Sim_time = 72.65000108256936 / 0.3404083992782769x
======[Agent] Wallclock_time = 2025-06-09 16:13:54.788511 / 213.594624 / Sim_time = 72.70000108331442 / 0.3403627832905154x
======[Agent] Wallclock_time = 2025-06-09 16:13:54.926998 / 213.733111 / Sim_time = 72.75000108405948 / 0.34037618395904745x
======[Agent] Wallclock_time = 2025-06-09 16:13:55.075239 / 213.881352 / Sim_time = 72.80000108480453 / 0.34037404397350435x
======[Agent] Wallclock_time = 2025-06-09 16:13:55.223236 / 214.029349 / Sim_time = 72.8500010855496 / 0.3403722949849023x
======[Agent] Wallclock_time = 2025-06-09 16:13:55.389065 / 214.195178 / Sim_time = 72.90000108629465 / 0.3403422122979928x
======[Agent] Wallclock_time = 2025-06-09 16:13:55.549073 / 214.355186 / Sim_time = 72.95000108703971 / 0.34032141758222784x
======[Agent] Wallclock_time = 2025-06-09 16:13:55.707434 / 214.513547 / Sim_time = 73.00000108778477 / 0.3403032666487871x
======[Agent] Wallclock_time = 2025-06-09 16:13:55.870588 / 214.676701 / Sim_time = 73.05000108852983 / 0.34027754512113867x
======[Agent] Wallclock_time = 2025-06-09 16:13:56.025077 / 214.83119 / Sim_time = 73.10000108927488 / 0.3402655863130888x
======[Agent] Wallclock_time = 2025-06-09 16:13:56.169193 / 214.975306 / Sim_time = 73.15000109001994 / 0.3402700625529399x
======[Agent] Wallclock_time = 2025-06-09 16:13:56.317583 / 215.123696 / Sim_time = 73.200001090765 / 0.34026777237498107x
======[Agent] Wallclock_time = 2025-06-09 16:13:56.469176 / 215.275289 / Sim_time = 73.25000109151006 / 0.340260422695739x
======[Agent] Wallclock_time = 2025-06-09 16:13:56.610243 / 215.416356 / Sim_time = 73.30000109225512 / 0.3402697092441108x
======[Agent] Wallclock_time = 2025-06-09 16:13:56.766134 / 215.572247 / Sim_time = 73.35000109300017 / 0.3402555841866601x
======[Agent] Wallclock_time = 2025-06-09 16:13:56.919013 / 215.725126 / Sim_time = 73.40000109374523 / 0.34024623004515103x
======[Agent] Wallclock_time = 2025-06-09 16:13:57.072994 / 215.879107 / Sim_time = 73.45000109449029 / 0.34023515235005086x
======[Agent] Wallclock_time = 2025-06-09 16:13:57.225566 / 216.031679 / Sim_time = 73.50000109523535 / 0.3402263094429123x
======[Agent] Wallclock_time = 2025-06-09 16:13:57.418673 / 216.224786 / Sim_time = 73.5500010959804 / 0.34015369978111865x
======[Agent] Wallclock_time = 2025-06-09 16:13:57.569753 / 216.375866 / Sim_time = 73.60000109672546 / 0.34014727386210253x
======[Agent] Wallclock_time = 2025-06-09 16:13:57.724533 / 216.530646 / Sim_time = 73.65000109747052 / 0.34013504472907635x
======[Agent] Wallclock_time = 2025-06-09 16:13:57.897383 / 216.703496 / Sim_time = 73.70000109821558 / 0.3400944717742062x
======[Agent] Wallclock_time = 2025-06-09 16:13:58.032192 / 216.838305 / Sim_time = 73.75000109896064 / 0.34011362054015365x
======[Agent] Wallclock_time = 2025-06-09 16:13:58.173657 / 216.97977 / Sim_time = 73.8000010997057 / 0.3401223117592665x
======[Agent] Wallclock_time = 2025-06-09 16:13:58.321822 / 217.127935 / Sim_time = 73.85000110045075 / 0.3401204961487549x
======[Agent] Wallclock_time = 2025-06-09 16:13:58.484350 / 217.290463 / Sim_time = 73.90000110119581 / 0.34009620111580646x
======[Agent] Wallclock_time = 2025-06-09 16:13:58.627923 / 217.434036 / Sim_time = 73.95000110194087 / 0.3401015883288509x
======[Agent] Wallclock_time = 2025-06-09 16:13:58.771360 / 217.577473 / Sim_time = 74.00000110268593 / 0.34010718102009074x
======[Agent] Wallclock_time = 2025-06-09 16:13:58.905046 / 217.711159 / Sim_time = 74.05000110343099 / 0.3401279994813288x
======[Agent] Wallclock_time = 2025-06-09 16:13:59.070642 / 217.876755 / Sim_time = 74.10000110417604 / 0.3400989747860035x
======[Agent] Wallclock_time = 2025-06-09 16:13:59.231797 / 218.03791 / Sim_time = 74.1500011049211 / 0.3400769206969577x
======[Agent] Wallclock_time = 2025-06-09 16:13:59.394900 / 218.201013 / Sim_time = 74.20000110566616 / 0.34005186334218723x
======[Agent] Wallclock_time = 2025-06-09 16:13:59.561153 / 218.367266 / Sim_time = 74.25000110641122 / 0.34002193847347406x
======[Agent] Wallclock_time = 2025-06-09 16:13:59.717572 / 218.523685 / Sim_time = 74.30000110715628 / 0.340007359384393x
======[Agent] Wallclock_time = 2025-06-09 16:13:59.907631 / 218.713744 / Sim_time = 74.35000110790133 / 0.3399405076591514x
======[Agent] Wallclock_time = 2025-06-09 16:14:00.047653 / 218.853766 / Sim_time = 74.40000110864639 / 0.3399514777240281x
======[Agent] Wallclock_time = 2025-06-09 16:14:00.218329 / 219.024442 / Sim_time = 74.45000110939145 / 0.33991485386155024x
======[Agent] Wallclock_time = 2025-06-09 16:14:00.376479 / 219.182592 / Sim_time = 74.50000111013651 / 0.3398977105464012x
======[Agent] Wallclock_time = 2025-06-09 16:14:00.512228 / 219.318341 / Sim_time = 74.55000111088157 / 0.33991530692626676x
======[Agent] Wallclock_time = 2025-06-09 16:14:00.678269 / 219.484382 / Sim_time = 74.60000111162663 / 0.3398859661261023x
======[Agent] Wallclock_time = 2025-06-09 16:14:00.817532 / 219.623645 / Sim_time = 74.65000111237168 / 0.33989810711986207x
======[Agent] Wallclock_time = 2025-06-09 16:14:00.974578 / 219.780691 / Sim_time = 74.70000111311674 / 0.3398827298726933x
======[Agent] Wallclock_time = 2025-06-09 16:14:01.118331 / 219.924444 / Sim_time = 74.7500011138618 / 0.33988791726100503x
======[Agent] Wallclock_time = 2025-06-09 16:14:01.279662 / 220.085775 / Sim_time = 74.80000111460686 / 0.33986595112135587x
======[Agent] Wallclock_time = 2025-06-09 16:14:01.428812 / 220.234925 / Sim_time = 74.85000111535192 / 0.33986281355029574x
======[Agent] Wallclock_time = 2025-06-09 16:14:01.582608 / 220.388721 / Sim_time = 74.90000111609697 / 0.3398525156992098x
======[Agent] Wallclock_time = 2025-06-09 16:14:01.737847 / 220.54396 / Sim_time = 74.95000111684203 / 0.3398400086623699x
======[Agent] Wallclock_time = 2025-06-09 16:14:01.898961 / 220.705074 / Sim_time = 75.00000111758709 / 0.3398184733130049x
======[Agent] Wallclock_time = 2025-06-09 16:14:02.048690 / 220.854803 / Sim_time = 75.05000111833215 / 0.3398144857363433x
======[Agent] Wallclock_time = 2025-06-09 16:14:02.208034 / 221.014147 / Sim_time = 75.1000011190772 / 0.3397957205126633x
======[Agent] Wallclock_time = 2025-06-09 16:14:02.381931 / 221.188044 / Sim_time = 75.15000111982226 / 0.33975462690558156x
======[Agent] Wallclock_time = 2025-06-09 16:14:02.556572 / 221.362685 / Sim_time = 75.20000112056732 / 0.3397124560903805x
======[Agent] Wallclock_time = 2025-06-09 16:14:02.732068 / 221.538181 / Sim_time = 75.25000112131238 / 0.33966904085157007x
======[Agent] Wallclock_time = 2025-06-09 16:14:02.922411 / 221.728524 / Sim_time = 75.30000112205744 / 0.33960295301972254x
======[Agent] Wallclock_time = 2025-06-09 16:14:03.074642 / 221.880755 / Sim_time = 75.3500011228025 / 0.3395952998605158x
======[Agent] Wallclock_time = 2025-06-09 16:14:03.227357 / 222.03347 / Sim_time = 75.40000112354755 / 0.33958691694828985x
======[Agent] Wallclock_time = 2025-06-09 16:14:03.401933 / 222.208046 / Sim_time = 75.45000112429261 / 0.33954513770916694x
======[Agent] Wallclock_time = 2025-06-09 16:14:03.567785 / 222.373898 / Sim_time = 75.50000112503767 / 0.3395167431399459x
======[Agent] Wallclock_time = 2025-06-09 16:14:03.731203 / 222.537316 / Sim_time = 75.55000112578273 / 0.33949210402842595x
======[Agent] Wallclock_time = 2025-06-09 16:14:03.886529 / 222.692642 / Sim_time = 75.60000112652779 / 0.339479836278971x
======[Agent] Wallclock_time = 2025-06-09 16:14:04.065923 / 222.872036 / Sim_time = 75.65000112727284 / 0.3394309266163218x
======[Agent] Wallclock_time = 2025-06-09 16:14:04.279655 / 223.085768 / Sim_time = 75.7000011280179 / 0.3393298571971687x
======[Agent] Wallclock_time = 2025-06-09 16:14:04.459914 / 223.266027 / Sim_time = 75.75000112876296 / 0.3392798396906273x
======[Agent] Wallclock_time = 2025-06-09 16:14:04.647269 / 223.453382 / Sim_time = 75.80000112950802 / 0.33921913032570566x
======[Agent] Wallclock_time = 2025-06-09 16:14:04.848420 / 223.654533 / Sim_time = 75.85000113025308 / 0.3391376019758612x
======[Agent] Wallclock_time = 2025-06-09 16:14:05.022806 / 223.828919 / Sim_time = 75.90000113099813 / 0.33909676360557556x
======[Agent] Wallclock_time = 2025-06-09 16:14:05.196827 / 224.00294 / Sim_time = 75.95000113174319 / 0.3390565412900469x
======[Agent] Wallclock_time = 2025-06-09 16:14:05.393824 / 224.199937 / Sim_time = 76.00000113248825 / 0.3389816391913128x
======[Agent] Wallclock_time = 2025-06-09 16:14:05.584612 / 224.390725 / Sim_time = 76.05000113323331 / 0.3389162462797294x
======[Agent] Wallclock_time = 2025-06-09 16:14:05.775404 / 224.581517 / Sim_time = 76.10000113397837 / 0.3388509584384895x
======[Agent] Wallclock_time = 2025-06-09 16:14:05.953043 / 224.759156 / Sim_time = 76.15000113472342 / 0.3388056072301508x
======[Agent] Wallclock_time = 2025-06-09 16:14:06.135067 / 224.94118 / Sim_time = 76.20000113546848 / 0.33875372389237307x
======[Agent] Wallclock_time = 2025-06-09 16:14:06.308398 / 225.114511 / Sim_time = 76.25000113621354 / 0.3387150036774389x
======[Agent] Wallclock_time = 2025-06-09 16:14:06.512265 / 225.318378 / Sim_time = 76.3000011369586 / 0.3386304445459573x
======[Agent] Wallclock_time = 2025-06-09 16:14:06.695693 / 225.501806 / Sim_time = 76.35000113770366 / 0.3385767232435399x
======[Agent] Wallclock_time = 2025-06-09 16:14:06.866846 / 225.672959 / Sim_time = 76.40000113844872 / 0.338541502426732x
======[Agent] Wallclock_time = 2025-06-09 16:14:07.048482 / 225.854595 / Sim_time = 76.45000113919377 / 0.33849062335247343x
======[Agent] Wallclock_time = 2025-06-09 16:14:07.246744 / 226.052857 / Sim_time = 76.50000113993883 / 0.33841493418950525x
======[Agent] Wallclock_time = 2025-06-09 16:14:07.437542 / 226.243655 / Sim_time = 76.55000114068389 / 0.33835053977599555x
======[Agent] Wallclock_time = 2025-06-09 16:14:07.644003 / 226.450116 / Sim_time = 76.60000114142895 / 0.33826285555346497x
======[Agent] Wallclock_time = 2025-06-09 16:14:07.825886 / 226.631999 / Sim_time = 76.650001142174 / 0.3382120056672506x
======[Agent] Wallclock_time = 2025-06-09 16:14:07.986977 / 226.79309 / Sim_time = 76.70000114291906 / 0.3381922392374469x
======[Agent] Wallclock_time = 2025-06-09 16:14:08.164271 / 226.970384 / Sim_time = 76.75000114366412 / 0.33814835945867133x
======[Agent] Wallclock_time = 2025-06-09 16:14:08.322130 / 227.128243 / Sim_time = 76.80000114440918 / 0.338133479115277x
======[Agent] Wallclock_time = 2025-06-09 16:14:08.504089 / 227.310202 / Sim_time = 76.85000114515424 / 0.3380827714120056x
======[Agent] Wallclock_time = 2025-06-09 16:14:08.689995 / 227.496108 / Sim_time = 76.9000011458993 / 0.33802628007868696x
======[Agent] Wallclock_time = 2025-06-09 16:14:08.851625 / 227.657738 / Sim_time = 76.95000114664435 / 0.33800591983710443x
======[Agent] Wallclock_time = 2025-06-09 16:14:09.020697 / 227.82681 / Sim_time = 77.00000114738941 / 0.3379745481791245x
======[Agent] Wallclock_time = 2025-06-09 16:14:09.199414 / 228.005527 / Sim_time = 77.05000114813447 / 0.33792892757028165x
======[Agent] Wallclock_time = 2025-06-09 16:14:09.345589 / 228.151702 / Sim_time = 77.10000114887953 / 0.33793157158787246x
======[Agent] Wallclock_time = 2025-06-09 16:14:09.526553 / 228.332666 / Sim_time = 77.15000114962459 / 0.3378827244407515x
======[Agent] Wallclock_time = 2025-06-09 16:14:09.702847 / 228.50896 / Sim_time = 77.20000115036964 / 0.33784085888584303x
======[Agent] Wallclock_time = 2025-06-09 16:14:09.874345 / 228.680458 / Sim_time = 77.2500011511147 / 0.33780614233758605x
======[Agent] Wallclock_time = 2025-06-09 16:14:10.065255 / 228.871368 / Sim_time = 77.30000115185976 / 0.33774282945270073x
======[Agent] Wallclock_time = 2025-06-09 16:14:10.249718 / 229.055831 / Sim_time = 77.35000115260482 / 0.33768912638368254x
======[Agent] Wallclock_time = 2025-06-09 16:14:10.409730 / 229.215843 / Sim_time = 77.40000115334988 / 0.3376715259678796x
======[Agent] Wallclock_time = 2025-06-09 16:14:10.566396 / 229.372509 / Sim_time = 77.45000115409493 / 0.33765887565549224x
======[Agent] Wallclock_time = 2025-06-09 16:14:10.725802 / 229.531915 / Sim_time = 77.50000115483999 / 0.3376422120323789x
======[Agent] Wallclock_time = 2025-06-09 16:14:10.897740 / 229.703853 / Sim_time = 77.55000115558505 / 0.337607151711266x
======[Agent] Wallclock_time = 2025-06-09 16:14:11.076003 / 229.882116 / Sim_time = 77.60000115633011 / 0.33756285588337903x
======[Agent] Wallclock_time = 2025-06-09 16:14:11.250242 / 230.056355 / Sim_time = 77.65000115707517 / 0.3375245323370564x
======[Agent] Wallclock_time = 2025-06-09 16:14:11.414828 / 230.220941 / Sim_time = 77.70000115782022 / 0.3375004172943717x
======[Agent] Wallclock_time = 2025-06-09 16:14:11.572927 / 230.37904 / Sim_time = 77.75000115856528 / 0.3374858393051988x
======[Agent] Wallclock_time = 2025-06-09 16:14:11.727307 / 230.53342 / Sim_time = 77.80000115931034 / 0.3374767254248209x
======[Agent] Wallclock_time = 2025-06-09 16:14:11.895053 / 230.701166 / Sim_time = 77.8500011600554 / 0.3374480721609497x
======[Agent] Wallclock_time = 2025-06-09 16:14:12.061756 / 230.867869 / Sim_time = 77.90000116080046 / 0.33742098490030914x
======[Agent] Wallclock_time = 2025-06-09 16:14:12.200431 / 231.006544 / Sim_time = 77.95000116154552 / 0.3374348725232346x
======[Agent] Wallclock_time = 2025-06-09 16:14:12.345065 / 231.151178 / Sim_time = 78.00000116229057 / 0.33744004420451784x
======[Agent] Wallclock_time = 2025-06-09 16:14:12.502032 / 231.308145 / Sim_time = 78.05000116303563 / 0.337427217428155x
======[Agent] Wallclock_time = 2025-06-09 16:14:12.662761 / 231.468874 / Sim_time = 78.10000116378069 / 0.3374089241685969x
======[Agent] Wallclock_time = 2025-06-09 16:14:12.801854 / 231.607967 / Sim_time = 78.15000116452575 / 0.3374221740064397x
======[Agent] Wallclock_time = 2025-06-09 16:14:12.978395 / 231.784508 / Sim_time = 78.2000011652708 / 0.3373808908073356x
======[Agent] Wallclock_time = 2025-06-09 16:14:13.151617 / 231.95773 / Sim_time = 78.25000116601586 / 0.33734449729922156x
======[Agent] Wallclock_time = 2025-06-09 16:14:13.303046 / 232.109159 / Sim_time = 78.30000116676092 / 0.33733982822682446x
======[Agent] Wallclock_time = 2025-06-09 16:14:13.438906 / 232.245019 / Sim_time = 78.35000116750598 / 0.3373577790692118x
======[Agent] Wallclock_time = 2025-06-09 16:14:13.613237 / 232.41935 / Sim_time = 78.40000116825104 / 0.3373198653571042x
======[Agent] Wallclock_time = 2025-06-09 16:14:13.780992 / 232.587105 / Sim_time = 78.4500011689961 / 0.33729154450523635x
======[Agent] Wallclock_time = 2025-06-09 16:14:13.949541 / 232.755654 / Sim_time = 78.50000116974115 / 0.33726211397480027x
======[Agent] Wallclock_time = 2025-06-09 16:14:14.103439 / 232.909552 / Sim_time = 78.55000117048621 / 0.3372539393169538x
======[Agent] Wallclock_time = 2025-06-09 16:14:14.272371 / 233.078484 / Sim_time = 78.60000117123127 / 0.33722402256232586x
======[Agent] Wallclock_time = 2025-06-09 16:14:14.426759 / 233.232872 / Sim_time = 78.65000117197633 / 0.3372151758985347x
======[Agent] Wallclock_time = 2025-06-09 16:14:14.593734 / 233.399847 / Sim_time = 78.70000117272139 / 0.3371881558455586x
======[Agent] Wallclock_time = 2025-06-09 16:14:14.746066 / 233.552179 / Sim_time = 78.75000117346644 / 0.337182313298619x
======[Agent] Wallclock_time = 2025-06-09 16:14:14.926469 / 233.732582 / Sim_time = 78.8000011742115 / 0.33713598405474954x
======[Agent] Wallclock_time = 2025-06-09 16:14:15.099787 / 233.9059 / Sim_time = 78.85000117495656 / 0.3370999366626489x
======[Agent] Wallclock_time = 2025-06-09 16:14:15.240494 / 234.046607 / Sim_time = 78.90000117570162 / 0.33711090742193156x
======[Agent] Wallclock_time = 2025-06-09 16:14:15.394163 / 234.200276 / Sim_time = 78.95000117644668 / 0.3371032068008318x
======[Agent] Wallclock_time = 2025-06-09 16:14:15.557809 / 234.363922 / Sim_time = 79.00000117719173 / 0.3370811659997128x
======[Agent] Wallclock_time = 2025-06-09 16:14:15.720661 / 234.526774 / Sim_time = 79.05000117793679 / 0.337060297079939x
======[Agent] Wallclock_time = 2025-06-09 16:14:15.888106 / 234.694219 / Sim_time = 79.10000117868185 / 0.337032861238992x
======[Agent] Wallclock_time = 2025-06-09 16:14:16.064518 / 234.870631 / Sim_time = 79.15000117942691 / 0.3369925982224175x
======[Agent] Wallclock_time = 2025-06-09 16:14:16.242007 / 235.04812 / Sim_time = 79.20000118017197 / 0.33695085172057637x
======[Agent] Wallclock_time = 2025-06-09 16:14:16.391470 / 235.197583 / Sim_time = 79.25000118091702 / 0.3369493139374782x
======[Agent] Wallclock_time = 2025-06-09 16:14:16.526919 / 235.333032 / Sim_time = 79.30000118166208 / 0.3369678431450241x
======[Agent] Wallclock_time = 2025-06-09 16:14:16.680031 / 235.486144 / Sim_time = 79.35000118240714 / 0.33696107496385086x
======[Agent] Wallclock_time = 2025-06-09 16:14:16.824892 / 235.631005 / Sim_time = 79.4000011831522 / 0.33696611452740555x
======[Agent] Wallclock_time = 2025-06-09 16:14:17.005564 / 235.811677 / Sim_time = 79.45000118389726 / 0.3369199747641101x
======[Agent] Wallclock_time = 2025-06-09 16:14:17.173334 / 235.979447 / Sim_time = 79.50000118464231 / 0.33689232389937085x
======[Agent] Wallclock_time = 2025-06-09 16:14:17.312255 / 236.118368 / Sim_time = 79.55000118538737 / 0.3369058703620932x
======[Agent] Wallclock_time = 2025-06-09 16:14:17.476195 / 236.282308 / Sim_time = 79.60000118613243 / 0.3368837259808993x
======[Agent] Wallclock_time = 2025-06-09 16:14:17.621781 / 236.427894 / Sim_time = 79.65000118687749 / 0.33688776290971223x
======[Agent] Wallclock_time = 2025-06-09 16:14:17.761461 / 236.567574 / Sim_time = 79.70000118762255 / 0.33690020546694655x
======[Agent] Wallclock_time = 2025-06-09 16:14:17.922311 / 236.728424 / Sim_time = 79.7500011883676 / 0.3368825042567062x
======[Agent] Wallclock_time = 2025-06-09 16:14:18.071892 / 236.878005 / Sim_time = 79.80000118911266 / 0.336880852691494x
======[Agent] Wallclock_time = 2025-06-09 16:14:18.229116 / 237.035229 / Sim_time = 79.85000118985772 / 0.3368683408723049x
======[Agent] Wallclock_time = 2025-06-09 16:14:18.402588 / 237.208701 / Sim_time = 79.90000119060278 / 0.336832772242324x
======[Agent] Wallclock_time = 2025-06-09 16:14:18.571428 / 237.377541 / Sim_time = 79.95000119134784 / 0.33680382756817023x
======[Agent] Wallclock_time = 2025-06-09 16:14:18.715541 / 237.521654 / Sim_time = 80.0000011920929 / 0.336809983573579x
======[Agent] Wallclock_time = 2025-06-09 16:14:18.864604 / 237.670717 / Sim_time = 80.05000119283795 / 0.33680911722802065x
======[Agent] Wallclock_time = 2025-06-09 16:14:19.012731 / 237.818844 / Sim_time = 80.10000119358301 / 0.3368095775623459x
======[Agent] Wallclock_time = 2025-06-09 16:14:19.171416 / 237.977529 / Sim_time = 80.15000119432807 / 0.3367950946294322x
======[Agent] Wallclock_time = 2025-06-09 16:14:19.324503 / 238.130616 / Sim_time = 80.20000119507313 / 0.33678854804006003x
======[Agent] Wallclock_time = 2025-06-09 16:14:19.476056 / 238.282169 / Sim_time = 80.25000119581819 / 0.3367841779702795x
======[Agent] Wallclock_time = 2025-06-09 16:14:19.645937 / 238.45205 / Sim_time = 80.30000119656324 / 0.33675392785524544x
======[Agent] Wallclock_time = 2025-06-09 16:14:19.813929 / 238.620042 / Sim_time = 80.3500011973083 / 0.33672638642365954x
======[Agent] Wallclock_time = 2025-06-09 16:14:19.972308 / 238.778421 / Sim_time = 80.40000119805336 / 0.33671243887492863x
======[Agent] Wallclock_time = 2025-06-09 16:14:20.139117 / 238.94523 / Sim_time = 80.45000119879842 / 0.33668663112533065x
======[Agent] Wallclock_time = 2025-06-09 16:14:20.284817 / 239.09093 / Sim_time = 80.50000119954348 / 0.3366905825702418x
======[Agent] Wallclock_time = 2025-06-09 16:14:20.448638 / 239.254751 / Sim_time = 80.55000120028853 / 0.33666902828299633x
======[Agent] Wallclock_time = 2025-06-09 16:14:20.602942 / 239.409055 / Sim_time = 80.60000120103359 / 0.3366608858639358x
======[Agent] Wallclock_time = 2025-06-09 16:14:20.744777 / 239.55089 / Sim_time = 80.65000120177865 / 0.33667027716533x
======[Agent] Wallclock_time = 2025-06-09 16:14:20.908684 / 239.714797 / Sim_time = 80.70000120252371 / 0.33664865733702026x
======[Agent] Wallclock_time = 2025-06-09 16:14:21.075934 / 239.882047 / Sim_time = 80.75000120326877 / 0.33662237583328997x
======[Agent] Wallclock_time = 2025-06-09 16:14:21.239808 / 240.045921 / Sim_time = 80.80000120401382 / 0.3366008648118166x
======[Agent] Wallclock_time = 2025-06-09 16:14:21.396411 / 240.202524 / Sim_time = 80.85000120475888 / 0.33658957145340995x
======[Agent] Wallclock_time = 2025-06-09 16:14:21.551826 / 240.357939 / Sim_time = 80.90000120550394 / 0.3365799563855786x
======[Agent] Wallclock_time = 2025-06-09 16:14:21.733803 / 240.539916 / Sim_time = 80.950001206249 / 0.33653318758563716x
======[Agent] Wallclock_time = 2025-06-09 16:14:21.900471 / 240.706584 / Sim_time = 81.00000120699406 / 0.33650789003388465x
======[Agent] Wallclock_time = 2025-06-09 16:14:22.067192 / 240.873305 / Sim_time = 81.05000120773911 / 0.33648255345350814x
======[Agent] Wallclock_time = 2025-06-09 16:14:22.233975 / 241.040088 / Sim_time = 81.10000120848417 / 0.3364571653795563x
======[Agent] Wallclock_time = 2025-06-09 16:14:22.397568 / 241.203681 / Sim_time = 81.15000120922923 / 0.33643626182042974x
======[Agent] Wallclock_time = 2025-06-09 16:14:22.551373 / 241.357486 / Sim_time = 81.20000120997429 / 0.33642902951410747x
======[Agent] Wallclock_time = 2025-06-09 16:14:22.706593 / 241.512706 / Sim_time = 81.25000121071935 / 0.3364198353642064x
======[Agent] Wallclock_time = 2025-06-09 16:14:22.871606 / 241.677719 / Sim_time = 81.3000012114644 / 0.3363970214169515x
======[Agent] Wallclock_time = 2025-06-09 16:14:23.040023 / 241.846136 / Sim_time = 81.35000121220946 / 0.3363695041326x
======[Agent] Wallclock_time = 2025-06-09 16:14:23.184510 / 241.990623 / Sim_time = 81.40000121295452 / 0.3363752852426405x
======[Agent] Wallclock_time = 2025-06-09 16:14:23.336353 / 242.142466 / Sim_time = 81.45000121369958 / 0.33637084063915884x
======[Agent] Wallclock_time = 2025-06-09 16:14:23.500992 / 242.307105 / Sim_time = 81.50000121444464 / 0.33634863850074115x
======[Agent] Wallclock_time = 2025-06-09 16:14:23.661778 / 242.467891 / Sim_time = 81.5500012151897 / 0.33633181097524667x
======[Agent] Wallclock_time = 2025-06-09 16:14:23.816644 / 242.622757 / Sim_time = 81.60000121593475 / 0.33632321181117786x
======[Agent] Wallclock_time = 2025-06-09 16:14:23.969253 / 242.775366 / Sim_time = 81.65000121667981 / 0.33631775020752974x
======[Agent] Wallclock_time = 2025-06-09 16:14:24.122273 / 242.928386 / Sim_time = 81.70000121742487 / 0.3363117264760422x
======[Agent] Wallclock_time = 2025-06-09 16:14:24.277227 / 243.08334 / Sim_time = 81.75000121816993 / 0.33630303465114175x
======[Agent] Wallclock_time = 2025-06-09 16:14:24.444338 / 243.250451 / Sim_time = 81.80000121891499 / 0.33627754688671924x
======[Agent] Wallclock_time = 2025-06-09 16:14:24.612371 / 243.418484 / Sim_time = 81.85000121966004 / 0.33625082049578264x
======[Agent] Wallclock_time = 2025-06-09 16:14:24.755513 / 243.561626 / Sim_time = 81.9000012204051 / 0.3362584915651431x
======[Agent] Wallclock_time = 2025-06-09 16:14:24.911477 / 243.71759 / Sim_time = 81.95000122115016 / 0.336248462709185x
======[Agent] Wallclock_time = 2025-06-09 16:14:25.053472 / 243.859585 / Sim_time = 82.00000122189522 / 0.33625770733673593x
======[Agent] Wallclock_time = 2025-06-09 16:14:25.204684 / 244.010797 / Sim_time = 82.05000122264028 / 0.33625423947285743x
======[Agent] Wallclock_time = 2025-06-09 16:14:25.358583 / 244.164696 / Sim_time = 82.10000122338533 / 0.3362470755244231x
======[Agent] Wallclock_time = 2025-06-09 16:14:25.501280 / 244.307393 / Sim_time = 82.15000122413039 / 0.3362553378349568x
======[Agent] Wallclock_time = 2025-06-09 16:14:25.669762 / 244.475875 / Sim_time = 82.20000122487545 / 0.33622812474544045x
======[Agent] Wallclock_time = 2025-06-09 16:14:25.839960 / 244.646073 / Sim_time = 82.25000122562051 / 0.3361985909621756x
======[Agent] Wallclock_time = 2025-06-09 16:14:26.012398 / 244.818511 / Sim_time = 82.30000122636557 / 0.3361660224309719x
======[Agent] Wallclock_time = 2025-06-09 16:14:26.167821 / 244.973934 / Sim_time = 82.35000122711062 / 0.3361568462637513x
======[Agent] Wallclock_time = 2025-06-09 16:14:26.318726 / 245.124839 / Sim_time = 82.40000122785568 / 0.3361538773880777x
======[Agent] Wallclock_time = 2025-06-09 16:14:26.468456 / 245.274569 / Sim_time = 82.45000122860074 / 0.33615252250663713x
======[Agent] Wallclock_time = 2025-06-09 16:14:26.629006 / 245.435119 / Sim_time = 82.5000012293458 / 0.33613635012435067x
======[Agent] Wallclock_time = 2025-06-09 16:14:26.780387 / 245.5865 / Sim_time = 82.55000123009086 / 0.3361327479211721x
======[Agent] Wallclock_time = 2025-06-09 16:14:26.923024 / 245.729137 / Sim_time = 82.60000123083591 / 0.3361411108920511x
======[Agent] Wallclock_time = 2025-06-09 16:14:27.071481 / 245.877594 / Sim_time = 82.65000123158097 / 0.33614150742858473x
======[Agent] Wallclock_time = 2025-06-09 16:14:27.227796 / 246.033909 / Sim_time = 82.70000123232603 / 0.336131167599172x
======[Agent] Wallclock_time = 2025-06-09 16:14:27.370473 / 246.176586 / Sim_time = 82.75000123307109 / 0.3361394616692321x
======[Agent] Wallclock_time = 2025-06-09 16:14:27.546015 / 246.352128 / Sim_time = 82.80000123381615 / 0.336102901984732x
======[Agent] Wallclock_time = 2025-06-09 16:14:27.701834 / 246.507947 / Sim_time = 82.8500012345612 / 0.33609328279091305x
======[Agent] Wallclock_time = 2025-06-09 16:14:27.877604 / 246.683717 / Sim_time = 82.90000123530626 / 0.33605649447390074x
======[Agent] Wallclock_time = 2025-06-09 16:14:28.038595 / 246.844708 / Sim_time = 82.95000123605132 / 0.3360398765209696x
======[Agent] Wallclock_time = 2025-06-09 16:14:28.191590 / 246.997703 / Sim_time = 83.00000123679638 / 0.33603415819068644x
======[Agent] Wallclock_time = 2025-06-09 16:14:28.366837 / 247.17295 / Sim_time = 83.05000123754144 / 0.3359981957546151x
======[Agent] Wallclock_time = 2025-06-09 16:14:28.535726 / 247.341839 / Sim_time = 83.1000012382865 / 0.33597092025893055x
======[Agent] Wallclock_time = 2025-06-09 16:14:28.733055 / 247.539168 / Sim_time = 83.15000123903155 / 0.3359050852669356x
======[Agent] Wallclock_time = 2025-06-09 16:14:28.891342 / 247.697455 / Sim_time = 83.20000123977661 / 0.33589228983998554x
======[Agent] Wallclock_time = 2025-06-09 16:14:29.045938 / 247.852051 / Sim_time = 83.25000124052167 / 0.3358845126361655x
======[Agent] Wallclock_time = 2025-06-09 16:14:29.191043 / 247.997156 / Sim_time = 83.30000124126673 / 0.3358895992809992x
======[Agent] Wallclock_time = 2025-06-09 16:14:29.349620 / 248.155733 / Sim_time = 83.35000124201179 / 0.3358764448354169x
======[Agent] Wallclock_time = 2025-06-09 16:14:29.516377 / 248.32249 / Sim_time = 83.40000124275684 / 0.33585224355036586x
======[Agent] Wallclock_time = 2025-06-09 16:14:29.668192 / 248.474305 / Sim_time = 83.4500012435019 / 0.3358482696841922x
======[Agent] Wallclock_time = 2025-06-09 16:14:29.848693 / 248.654806 / Sim_time = 83.50000124424696 / 0.3358055562324049x
======[Agent] Wallclock_time = 2025-06-09 16:14:29.996121 / 248.802234 / Sim_time = 83.55000124499202 / 0.33580753715199707x
======[Agent] Wallclock_time = 2025-06-09 16:14:30.160453 / 248.966566 / Sim_time = 83.60000124573708 / 0.3357867154701471x
======[Agent] Wallclock_time = 2025-06-09 16:14:30.310675 / 249.116788 / Sim_time = 83.65000124648213 / 0.3357849389963359x
======[Agent] Wallclock_time = 2025-06-09 16:14:30.474226 / 249.280339 / Sim_time = 83.70000124722719 / 0.33576521043649876x
======[Agent] Wallclock_time = 2025-06-09 16:14:30.702023 / 249.508136 / Sim_time = 83.75000124797225 / 0.33565905678087976x
======[Agent] Wallclock_time = 2025-06-09 16:14:30.867769 / 249.673882 / Sim_time = 83.80000124871731 / 0.33563649085340236x
======[Agent] Wallclock_time = 2025-06-09 16:14:31.030346 / 249.836459 / Sim_time = 83.85000124946237 / 0.33561821187695623x
======[Agent] Wallclock_time = 2025-06-09 16:14:31.188406 / 249.994519 / Sim_time = 83.90000125020742 / 0.3356060204031394x
======[Agent] Wallclock_time = 2025-06-09 16:14:31.383175 / 250.189288 / Sim_time = 83.95000125095248 / 0.33554460455696217x
======[Agent] Wallclock_time = 2025-06-09 16:14:31.545703 / 250.351816 / Sim_time = 84.00000125169754 / 0.33552648855244965x
======[Agent] Wallclock_time = 2025-06-09 16:14:31.704713 / 250.510826 / Sim_time = 84.0500012524426 / 0.33551310768235987x
======[Agent] Wallclock_time = 2025-06-09 16:14:31.892350 / 250.698463 / Sim_time = 84.10000125318766 / 0.33546143356991415x
======[Agent] Wallclock_time = 2025-06-09 16:14:32.057148 / 250.863261 / Sim_time = 84.15000125393271 / 0.3354403728872831x
======[Agent] Wallclock_time = 2025-06-09 16:14:32.225864 / 251.031977 / Sim_time = 84.20000125467777 / 0.3354141047957925x
======[Agent] Wallclock_time = 2025-06-09 16:14:32.428827 / 251.23494 / Sim_time = 84.25000125542283 / 0.33534215389495164x
======[Agent] Wallclock_time = 2025-06-09 16:14:32.603698 / 251.409811 / Sim_time = 84.30000125616789 / 0.3353077813991376x
======[Agent] Wallclock_time = 2025-06-09 16:14:32.780357 / 251.58647 / Sim_time = 84.35000125691295 / 0.33527107394065747x
======[Agent] Wallclock_time = 2025-06-09 16:14:32.975366 / 251.781479 / Sim_time = 84.400001257658 / 0.33520998598817514x
======[Agent] Wallclock_time = 2025-06-09 16:14:33.178831 / 251.984944 / Sim_time = 84.45000125840306 / 0.3351377458514236x
======[Agent] Wallclock_time = 2025-06-09 16:14:33.362417 / 252.16853 / Sim_time = 84.50000125914812 / 0.3350920361359603x
======[Agent] Wallclock_time = 2025-06-09 16:14:33.531682 / 252.337795 / Sim_time = 84.55000125989318 / 0.3350654078374797x
======[Agent] Wallclock_time = 2025-06-09 16:14:33.696901 / 252.503014 / Sim_time = 84.60000126063824 / 0.33504418373578104x
======[Agent] Wallclock_time = 2025-06-09 16:14:33.858087 / 252.6642 / Sim_time = 84.6500012613833 / 0.335028334972063x
======[Agent] Wallclock_time = 2025-06-09 16:14:34.035487 / 252.8416 / Sim_time = 84.70000126212835 / 0.3349910231192384x
======[Agent] Wallclock_time = 2025-06-09 16:14:34.188257 / 252.99437 / Sim_time = 84.75000126287341 / 0.3349863725287677x
======[Agent] Wallclock_time = 2025-06-09 16:14:34.369810 / 253.175923 / Sim_time = 84.80000126361847 / 0.33494364438428087x
======[Agent] Wallclock_time = 2025-06-09 16:14:34.536421 / 253.342534 / Sim_time = 84.85000126436353 / 0.3349207296696332x
======[Agent] Wallclock_time = 2025-06-09 16:14:34.699014 / 253.505127 / Sim_time = 84.90000126510859 / 0.33490315311041213x
======[Agent] Wallclock_time = 2025-06-09 16:14:34.845720 / 253.651833 / Sim_time = 84.95000126585364 / 0.33490657392284534x
======[Agent] Wallclock_time = 2025-06-09 16:14:35.004634 / 253.810747 / Sim_time = 85.0000012665987 / 0.3348938820652722x
======[Agent] Wallclock_time = 2025-06-09 16:14:35.168399 / 253.974512 / Sim_time = 85.05000126734376 / 0.334874809770415x
======[Agent] Wallclock_time = 2025-06-09 16:14:35.318408 / 254.124521 / Sim_time = 85.10000126808882 / 0.3348738880424718x
======[Agent] Wallclock_time = 2025-06-09 16:14:35.485422 / 254.291535 / Sim_time = 85.15000126883388 / 0.3348505738433646x
======[Agent] Wallclock_time = 2025-06-09 16:14:35.637115 / 254.443228 / Sim_time = 85.20000126957893 / 0.33484745140133x
======[Agent] Wallclock_time = 2025-06-09 16:14:35.793068 / 254.599181 / Sim_time = 85.25000127032399 / 0.3348387300255847x
======[Agent] Wallclock_time = 2025-06-09 16:14:35.956999 / 254.763112 / Sim_time = 85.30000127106905 / 0.3348195340443753x
======[Agent] Wallclock_time = 2025-06-09 16:14:36.102499 / 254.908612 / Sim_time = 85.35000127181411 / 0.3348245701767186x
======[Agent] Wallclock_time = 2025-06-09 16:14:36.242794 / 255.048907 / Sim_time = 85.40000127255917 / 0.3348364336888747x
======[Agent] Wallclock_time = 2025-06-09 16:14:36.414514 / 255.220627 / Sim_time = 85.45000127330422 / 0.33480705486335693x
======[Agent] Wallclock_time = 2025-06-09 16:14:36.577587 / 255.3837 / Sim_time = 85.50000127404928 / 0.33478905069117015x
======[Agent] Wallclock_time = 2025-06-09 16:14:36.733730 / 255.539843 / Sim_time = 85.55000127479434 / 0.33478014813778456x
======[Agent] Wallclock_time = 2025-06-09 16:14:36.894433 / 255.700546 / Sim_time = 85.6000012755394 / 0.33476528638406977x
======[Agent] Wallclock_time = 2025-06-09 16:14:37.045360 / 255.851473 / Sim_time = 85.65000127628446 / 0.3347632339527336x
======[Agent] Wallclock_time = 2025-06-09 16:14:37.181558 / 255.987671 / Sim_time = 85.70000127702951 / 0.3347804453308385x
======[Agent] Wallclock_time = 2025-06-09 16:14:37.338937 / 256.14505 / Sim_time = 85.75000127777457 / 0.33476995361737794x
======[Agent] Wallclock_time = 2025-06-09 16:14:37.490515 / 256.296628 / Sim_time = 85.80000127851963 / 0.33476705168149135x
======[Agent] Wallclock_time = 2025-06-09 16:14:37.658635 / 256.464748 / Sim_time = 85.85000127926469 / 0.33474256094137256x
======[Agent] Wallclock_time = 2025-06-09 16:14:37.811098 / 256.617211 / Sim_time = 85.90000128000975 / 0.334738524383251x
======[Agent] Wallclock_time = 2025-06-09 16:14:37.988442 / 256.794555 / Sim_time = 85.9500012807548 / 0.3347020600911679x
======[Agent] Wallclock_time = 2025-06-09 16:14:38.125395 / 256.931508 / Sim_time = 86.00000128149986 / 0.334718257144401x
======[Agent] Wallclock_time = 2025-06-09 16:14:38.310952 / 257.117065 / Sim_time = 86.05000128224492 / 0.33467116082351084x
======[Agent] Wallclock_time = 2025-06-09 16:14:38.476305 / 257.282418 / Sim_time = 86.10000128298998 / 0.3346504098565341x
======[Agent] Wallclock_time = 2025-06-09 16:14:38.647693 / 257.453806 / Sim_time = 86.15000128373504 / 0.33462184148830787x
======[Agent] Wallclock_time = 2025-06-09 16:14:38.804543 / 257.610656 / Sim_time = 86.2000012844801 / 0.3346121934967108x
======[Agent] Wallclock_time = 2025-06-09 16:14:38.925805 / 257.731918 / Sim_time = 86.25000128522515 / 0.33464875947753464x
======[Agent] Wallclock_time = 2025-06-09 16:14:39.093404 / 257.899517 / Sim_time = 86.30000128597021 / 0.3346251581417738x
======[Agent] Wallclock_time = 2025-06-09 16:14:39.237254 / 258.043367 / Sim_time = 86.35000128671527 / 0.33463238237134346x
======[Agent] Wallclock_time = 2025-06-09 16:14:39.379062 / 258.185175 / Sim_time = 86.40000128746033 / 0.33464224522269764x
======[Agent] Wallclock_time = 2025-06-09 16:14:39.532094 / 258.338207 / Sim_time = 86.45000128820539 / 0.33463755769833803x
======[Agent] Wallclock_time = 2025-06-09 16:14:39.681554 / 258.487667 / Sim_time = 86.50000128895044 / 0.3346374999448253x
======[Agent] Wallclock_time = 2025-06-09 16:14:39.862266 / 258.668379 / Sim_time = 86.5500012896955 / 0.3345970119242274x
======[Agent] Wallclock_time = 2025-06-09 16:14:40.028200 / 258.834313 / Sim_time = 86.60000129044056 / 0.3345756816823544x
======[Agent] Wallclock_time = 2025-06-09 16:14:40.174598 / 258.980711 / Sim_time = 86.65000129118562 / 0.3345796155126399x
======[Agent] Wallclock_time = 2025-06-09 16:14:40.324421 / 259.130534 / Sim_time = 86.70000129193068 / 0.33457912263171596x
======[Agent] Wallclock_time = 2025-06-09 16:14:40.466570 / 259.272683 / Sim_time = 86.75000129267573 / 0.3345885332013267x
======[Agent] Wallclock_time = 2025-06-09 16:14:40.597595 / 259.403708 / Sim_time = 86.80000129342079 / 0.3346122819537292x
======[Agent] Wallclock_time = 2025-06-09 16:14:40.731396 / 259.537509 / Sim_time = 86.85000129416585 / 0.33463242749138955x
======[Agent] Wallclock_time = 2025-06-09 16:14:40.915438 / 259.721551 / Sim_time = 86.90000129491091 / 0.33458781673105825x
======[Agent] Wallclock_time = 2025-06-09 16:14:41.075022 / 259.881135 / Sim_time = 86.95000129565597 / 0.3345747536499805x
======[Agent] Wallclock_time = 2025-06-09 16:14:41.252734 / 260.058847 / Sim_time = 87.00000129640102 / 0.33453838529867713x
======[Agent] Wallclock_time = 2025-06-09 16:14:41.387688 / 260.193801 / Sim_time = 87.05000129714608 / 0.33455703558483507x
======[Agent] Wallclock_time = 2025-06-09 16:14:41.543424 / 260.349537 / Sim_time = 87.10000129789114 / 0.3345489596508539x
======[Agent] Wallclock_time = 2025-06-09 16:14:41.681363 / 260.487476 / Sim_time = 87.1500012986362 / 0.33456374975542563x
======[Agent] Wallclock_time = 2025-06-09 16:14:41.850994 / 260.657107 / Sim_time = 87.20000129938126 / 0.3345378446233451x
======[Agent] Wallclock_time = 2025-06-09 16:14:41.998317 / 260.80443 / Sim_time = 87.25000130012631 / 0.3345405856777074x
======[Agent] Wallclock_time = 2025-06-09 16:14:42.138284 / 260.944397 / Sim_time = 87.30000130087137 / 0.33455275434834125x
======[Agent] Wallclock_time = 2025-06-09 16:14:42.299543 / 261.105656 / Sim_time = 87.35000130161643 / 0.3345376278022435x
======[Agent] Wallclock_time = 2025-06-09 16:14:42.465547 / 261.27166 / Sim_time = 87.40000130236149 / 0.3345164446305308x
======[Agent] Wallclock_time = 2025-06-09 16:14:42.607996 / 261.414109 / Sim_time = 87.45000130310655 / 0.33452542830302345x
======[Agent] Wallclock_time = 2025-06-09 16:14:42.766944 / 261.573057 / Sim_time = 87.5000013038516 / 0.33451330115605316x
======[Agent] Wallclock_time = 2025-06-09 16:14:42.939882 / 261.745995 / Sim_time = 87.55000130459666 / 0.3344833101315898x
======[Agent] Wallclock_time = 2025-06-09 16:14:43.092095 / 261.898208 / Sim_time = 87.60000130534172 / 0.3344798251751175x
======[Agent] Wallclock_time = 2025-06-09 16:14:43.265752 / 262.071865 / Sim_time = 87.65000130608678 / 0.3344489758834314x
======[Agent] Wallclock_time = 2025-06-09 16:14:43.407089 / 262.213202 / Sim_time = 87.70000130683184 / 0.33445938716481816x
======[Agent] Wallclock_time = 2025-06-09 16:14:43.552933 / 262.359046 / Sim_time = 87.7500013075769 / 0.3344640414782398x
======[Agent] Wallclock_time = 2025-06-09 16:14:43.707006 / 262.513119 / Sim_time = 87.80000130832195 / 0.3344582060682304x
======[Agent] Wallclock_time = 2025-06-09 16:14:43.858338 / 262.664451 / Sim_time = 87.85000130906701 / 0.3344558676240486x
======[Agent] Wallclock_time = 2025-06-09 16:14:44.033933 / 262.840046 / Sim_time = 87.90000130981207 / 0.3344226582853124x
======[Agent] Wallclock_time = 2025-06-09 16:14:44.194285 / 263.000398 / Sim_time = 87.95000131055713 / 0.3344088737906904x
======[Agent] Wallclock_time = 2025-06-09 16:14:44.346948 / 263.153061 / Sim_time = 88.00000131130219 / 0.3344048766600725x
======[Agent] Wallclock_time = 2025-06-09 16:14:44.499167 / 263.30528 / Sim_time = 88.05000131204724 / 0.33440144804767763x
======[Agent] Wallclock_time = 2025-06-09 16:14:44.679196 / 263.485309 / Sim_time = 88.1000013127923 / 0.3343627289294652x
======[Agent] Wallclock_time = 2025-06-09 16:14:44.860462 / 263.666575 / Sim_time = 88.15000131353736 / 0.33432249419951376x
======[Agent] Wallclock_time = 2025-06-09 16:14:45.031197 / 263.83731 / Sim_time = 88.20000131428242 / 0.33429565749675405x
======[Agent] Wallclock_time = 2025-06-09 16:14:45.189193 / 263.995306 / Sim_time = 88.25000131502748 / 0.33428498546880225x
======[Agent] Wallclock_time = 2025-06-09 16:14:45.340406 / 264.146519 / Sim_time = 88.30000131577253 / 0.3342829099817233x
======[Agent] Wallclock_time = 2025-06-09 16:14:45.501220 / 264.307333 / Sim_time = 88.35000131651759 / 0.33426869411838633x
======[Agent] Wallclock_time = 2025-06-09 16:14:45.643865 / 264.449978 / Sim_time = 88.40000131726265 / 0.3342774603664452x
======[Agent] Wallclock_time = 2025-06-09 16:14:45.796935 / 264.603048 / Sim_time = 88.45000131800771 / 0.3342730467903035x
======[Agent] Wallclock_time = 2025-06-09 16:14:45.994493 / 264.800606 / Sim_time = 88.50000131875277 / 0.33421247950721555x
======[Agent] Wallclock_time = 2025-06-09 16:14:46.181358 / 264.987471 / Sim_time = 88.55000131949782 / 0.3341654864656275x
======[Agent] Wallclock_time = 2025-06-09 16:14:46.356032 / 265.162145 / Sim_time = 88.60000132024288 / 0.3341339209121346x
======[Agent] Wallclock_time = 2025-06-09 16:14:46.508323 / 265.314436 / Sim_time = 88.65000132098794 / 0.33413058304300075x
======[Agent] Wallclock_time = 2025-06-09 16:14:46.653797 / 265.45991 / Sim_time = 88.700001321733 / 0.33413582934577074x
======[Agent] Wallclock_time = 2025-06-09 16:14:46.819616 / 265.625729 / Sim_time = 88.75000132247806 / 0.33411547722096174x
======[Agent] Wallclock_time = 2025-06-09 16:14:46.979800 / 265.785913 / Sim_time = 88.80000132322311 / 0.33410223370637937x
======[Agent] Wallclock_time = 2025-06-09 16:14:47.150811 / 265.956924 / Sim_time = 88.85000132396817 / 0.33407540556666465x
======[Agent] Wallclock_time = 2025-06-09 16:14:47.306162 / 266.112275 / Sim_time = 88.90000132471323 / 0.33406826970474596x
======[Agent] Wallclock_time = 2025-06-09 16:14:47.439373 / 266.245486 / Sim_time = 88.95000132545829 / 0.33408892136686563x
======[Agent] Wallclock_time = 2025-06-09 16:14:47.627529 / 266.433642 / Sim_time = 89.00000132620335 / 0.3340406512386004x
======[Agent] Wallclock_time = 2025-06-09 16:14:47.780403 / 266.586516 / Sim_time = 89.0500013269484 / 0.33403665206493915x
======[Agent] Wallclock_time = 2025-06-09 16:14:47.947781 / 266.753894 / Sim_time = 89.10000132769346 / 0.33401449544799533x
======[Agent] Wallclock_time = 2025-06-09 16:14:48.117494 / 266.923607 / Sim_time = 89.15000132843852 / 0.333989444923819x
======[Agent] Wallclock_time = 2025-06-09 16:14:48.276101 / 267.082214 / Sim_time = 89.20000132918358 / 0.3339783133251631x
======[Agent] Wallclock_time = 2025-06-09 16:14:48.429549 / 267.235662 / Sim_time = 89.25000132992864 / 0.3339736421716293x
======[Agent] Wallclock_time = 2025-06-09 16:14:48.574538 / 267.380651 / Sim_time = 89.3000013306737 / 0.33397954196443236x
======[Agent] Wallclock_time = 2025-06-09 16:14:48.744169 / 267.550282 / Sim_time = 89.35000133141875 / 0.3339546746459573x
======[Agent] Wallclock_time = 2025-06-09 16:14:48.949941 / 267.756054 / Sim_time = 89.40000133216381 / 0.3338847660467754x
======[Agent] Wallclock_time = 2025-06-09 16:14:49.101993 / 267.908106 / Sim_time = 89.45000133290887 / 0.3338818999788267x
======[Agent] Wallclock_time = 2025-06-09 16:14:49.258773 / 268.064886 / Sim_time = 89.50000133365393 / 0.3338731483858186x
======[Agent] Wallclock_time = 2025-06-09 16:14:49.408235 / 268.214348 / Sim_time = 89.55000133439898 / 0.33387351619564665x
======[Agent] Wallclock_time = 2025-06-09 16:14:49.589369 / 268.395482 / Sim_time = 89.60000133514404 / 0.33383448496595436x
======[Agent] Wallclock_time = 2025-06-09 16:14:49.751735 / 268.557848 / Sim_time = 89.6500013358891 / 0.33381883338987633x
======[Agent] Wallclock_time = 2025-06-09 16:14:49.896857 / 268.70297 / Sim_time = 89.70000133663416 / 0.33382462245211403x
======[Agent] Wallclock_time = 2025-06-09 16:14:50.054308 / 268.860421 / Sim_time = 89.75000133737922 / 0.3338150970249437x
======[Agent] Wallclock_time = 2025-06-09 16:14:50.206496 / 269.012609 / Sim_time = 89.80000133812428 / 0.33381211334228184x
======[Agent] Wallclock_time = 2025-06-09 16:14:50.361345 / 269.167458 / Sim_time = 89.85000133886933 / 0.3338058329957418x
======[Agent] Wallclock_time = 2025-06-09 16:14:50.537945 / 269.344058 / Sim_time = 89.90000133961439 / 0.3337726038382126x
======[Agent] Wallclock_time = 2025-06-09 16:14:50.697436 / 269.503549 / Sim_time = 89.95000134035945 / 0.33376060505887584x
======[Agent] Wallclock_time = 2025-06-09 16:14:50.860055 / 269.666168 / Sim_time = 90.00000134110451 / 0.33374474916095276x
======[Agent] Wallclock_time = 2025-06-09 16:14:51.012636 / 269.818749 / Sim_time = 90.05000134184957 / 0.3337413279628007x
======[Agent] Wallclock_time = 2025-06-09 16:14:51.174355 / 269.980468 / Sim_time = 90.10000134259462 / 0.33372661468228865x
======[Agent] Wallclock_time = 2025-06-09 16:14:51.331984 / 270.138097 / Sim_time = 90.15000134333968 / 0.33371697153240903x
======[Agent] Wallclock_time = 2025-06-09 16:14:51.492058 / 270.298171 / Sim_time = 90.20000134408474 / 0.33370432106905995x
======[Agent] Wallclock_time = 2025-06-09 16:14:51.676792 / 270.482905 / Sim_time = 90.2500013448298 / 0.3336612629310783x
======[Agent] Wallclock_time = 2025-06-09 16:14:51.841099 / 270.647212 / Sim_time = 90.30000134557486 / 0.3336434431925043x
======[Agent] Wallclock_time = 2025-06-09 16:14:52.024262 / 270.830375 / Sim_time = 90.35000134631991 / 0.3336024171731208x
======[Agent] Wallclock_time = 2025-06-09 16:14:52.212581 / 271.018694 / Sim_time = 90.40000134706497 / 0.33355510078564615x
======[Agent] Wallclock_time = 2025-06-09 16:14:52.355442 / 271.161555 / Sim_time = 90.45000134781003 / 0.33356375974481445x
======[Agent] Wallclock_time = 2025-06-09 16:14:52.507131 / 271.313244 / Sim_time = 90.50000134855509 / 0.33356155583396163x
======[Agent] Wallclock_time = 2025-06-09 16:14:52.659945 / 271.466058 / Sim_time = 90.55000134930015 / 0.3335579720663572x
======[Agent] Wallclock_time = 2025-06-09 16:14:52.822209 / 271.628322 / Sim_time = 90.6000013500452 / 0.3335427879544065x
======[Agent] Wallclock_time = 2025-06-09 16:14:52.982211 / 271.788324 / Sim_time = 90.65000135079026 / 0.33353039779734056x
======[Agent] Wallclock_time = 2025-06-09 16:14:53.129160 / 271.935273 / Sim_time = 90.70000135153532 / 0.3335340311571282x
======[Agent] Wallclock_time = 2025-06-09 16:14:53.261021 / 272.067134 / Sim_time = 90.75000135228038 / 0.33355615748913975x
======[Agent] Wallclock_time = 2025-06-09 16:14:53.444980 / 272.251093 / Sim_time = 90.80000135302544 / 0.33351442904435424x
======[Agent] Wallclock_time = 2025-06-09 16:14:53.628700 / 272.434813 / Sim_time = 90.8500013537705 / 0.3334730494987107x
======[Agent] Wallclock_time = 2025-06-09 16:14:53.783855 / 272.589968 / Sim_time = 90.90000135451555 / 0.3334666662708926x
======[Agent] Wallclock_time = 2025-06-09 16:14:53.971036 / 272.777149 / Sim_time = 90.95000135526061 / 0.3334211398115346x
======[Agent] Wallclock_time = 2025-06-09 16:14:54.146699 / 272.952812 / Sim_time = 91.00000135600567 / 0.3333897434486303x
======[Agent] Wallclock_time = 2025-06-09 16:14:54.309696 / 273.115809 / Sim_time = 91.05000135675073 / 0.3333738472198931x
======[Agent] Wallclock_time = 2025-06-09 16:14:54.472441 / 273.278554 / Sim_time = 91.10000135749578 / 0.3333582773539501x
======[Agent] Wallclock_time = 2025-06-09 16:14:54.638443 / 273.444556 / Sim_time = 91.15000135824084 / 0.3333387555884831x
======[Agent] Wallclock_time = 2025-06-09 16:14:54.797217 / 273.60333 / Sim_time = 91.2000013589859 / 0.3333280630426642x
======[Agent] Wallclock_time = 2025-06-09 16:14:54.975864 / 273.781977 / Sim_time = 91.25000135973096 / 0.3332931884940786x
======[Agent] Wallclock_time = 2025-06-09 16:14:55.136730 / 273.942843 / Sim_time = 91.30000136047602 / 0.33327999038283196x
======[Agent] Wallclock_time = 2025-06-09 16:14:55.323800 / 274.129913 / Sim_time = 91.35000136122108 / 0.3332349510002948x
======[Agent] Wallclock_time = 2025-06-09 16:14:55.519440 / 274.325553 / Sim_time = 91.40000136196613 / 0.33317956414509436x
======[Agent] Wallclock_time = 2025-06-09 16:14:55.687764 / 274.493877 / Sim_time = 91.45000136271119 / 0.33315740665976507x
======[Agent] Wallclock_time = 2025-06-09 16:14:55.864221 / 274.670334 / Sim_time = 91.50000136345625 / 0.33312541221886754x
======[Agent] Wallclock_time = 2025-06-09 16:14:56.025313 / 274.831426 / Sim_time = 91.55000136420131 / 0.33311208104753004x
======[Agent] Wallclock_time = 2025-06-09 16:14:56.207940 / 275.014053 / Sim_time = 91.60000136494637 / 0.33307268226131015x
======[Agent] Wallclock_time = 2025-06-09 16:14:56.394156 / 275.200269 / Sim_time = 91.65000136569142 / 0.33302899255777574x
======[Agent] Wallclock_time = 2025-06-09 16:14:56.574000 / 275.380113 / Sim_time = 91.70000136643648 / 0.33299306683547497x
======[Agent] Wallclock_time = 2025-06-09 16:14:56.737484 / 275.543597 / Sim_time = 91.75000136718154 / 0.33297695678344785x
======[Agent] Wallclock_time = 2025-06-09 16:14:56.895110 / 275.701223 / Sim_time = 91.8000013679266 / 0.33296794044321726x
======[Agent] Wallclock_time = 2025-06-09 16:14:57.048418 / 275.854531 / Sim_time = 91.85000136867166 / 0.3329641462533215x
======[Agent] Wallclock_time = 2025-06-09 16:14:57.226968 / 276.033081 / Sim_time = 91.90000136941671 / 0.3329299086420301x
======[Agent] Wallclock_time = 2025-06-09 16:14:57.386508 / 276.192621 / Sim_time = 91.95000137016177 / 0.332918628016256x
======[Agent] Wallclock_time = 2025-06-09 16:14:57.578901 / 276.385014 / Sim_time = 92.00000137090683 / 0.33286778892837476x
======[Agent] Wallclock_time = 2025-06-09 16:14:57.740765 / 276.546878 / Sim_time = 92.05000137165189 / 0.33285376129934324x
======[Agent] Wallclock_time = 2025-06-09 16:14:57.910283 / 276.716396 / Sim_time = 92.10000137239695 / 0.33283054373783194x
======[Agent] Wallclock_time = 2025-06-09 16:14:58.091598 / 276.897711 / Sim_time = 92.150001373142 / 0.33279317567188677x
======[Agent] Wallclock_time = 2025-06-09 16:14:58.267822 / 277.073935 / Sim_time = 92.20000137388706 / 0.3327619705979073x
======[Agent] Wallclock_time = 2025-06-09 16:14:58.424817 / 277.23093 / Sim_time = 92.25000137463212 / 0.3327538836332169x
======[Agent] Wallclock_time = 2025-06-09 16:14:58.586396 / 277.392509 / Sim_time = 92.30000137537718 / 0.3327403071114298x
======[Agent] Wallclock_time = 2025-06-09 16:14:58.778872 / 277.584985 / Sim_time = 92.35000137612224 / 0.33268971189637775x
======[Agent] Wallclock_time = 2025-06-09 16:14:58.969197 / 277.77531 / Sim_time = 92.4000013768673 / 0.3326417626357961x
======[Agent] Wallclock_time = 2025-06-09 16:14:59.151153 / 277.957266 / Sim_time = 92.45000137761235 / 0.3326038930521043x
======[Agent] Wallclock_time = 2025-06-09 16:14:59.323719 / 278.129832 / Sim_time = 92.50000137835741 / 0.33257730080912934x
======[Agent] Wallclock_time = 2025-06-09 16:14:59.500676 / 278.306789 / Sim_time = 92.55000137910247 / 0.33254549472599376x
======[Agent] Wallclock_time = 2025-06-09 16:14:59.702040 / 278.508153 / Sim_time = 92.60000137984753 / 0.332484589401798x
======[Agent] Wallclock_time = 2025-06-09 16:14:59.888081 / 278.694194 / Sim_time = 92.65000138059258 / 0.3324420491463251x
======[Agent] Wallclock_time = 2025-06-09 16:15:00.052660 / 278.858773 / Sim_time = 92.70000138133764 / 0.3324251482530528x
======[Agent] Wallclock_time = 2025-06-09 16:15:00.241276 / 279.047389 / Sim_time = 92.7500013820827 / 0.3323796339210642x
======[Agent] Wallclock_time = 2025-06-09 16:15:00.449343 / 279.255456 / Sim_time = 92.80000138282776 / 0.3323110330628409x
======[Agent] Wallclock_time = 2025-06-09 16:15:00.614692 / 279.420805 / Sim_time = 92.85000138357282 / 0.33229332758613034x
======[Agent] Wallclock_time = 2025-06-09 16:15:00.823012 / 279.629125 / Sim_time = 92.90000138431787 / 0.3322245819699072x
======[Agent] Wallclock_time = 2025-06-09 16:15:01.000138 / 279.806251 / Sim_time = 92.95000138506293 / 0.3321929687414103x
======[Agent] Wallclock_time = 2025-06-09 16:15:01.174314 / 279.980427 / Sim_time = 93.00000138580799 / 0.33216489530145865x
======[Agent] Wallclock_time = 2025-06-09 16:15:01.356055 / 280.162168 / Sim_time = 93.05000138655305 / 0.3321278883687989x
======[Agent] Wallclock_time = 2025-06-09 16:15:01.546832 / 280.352945 / Sim_time = 93.10000138729811 / 0.33208022589907954x
======[Agent] Wallclock_time = 2025-06-09 16:15:01.736859 / 280.542972 / Sim_time = 93.15000138804317 / 0.33203351590118346x
======[Agent] Wallclock_time = 2025-06-09 16:15:01.872193 / 280.678306 / Sim_time = 93.20000138878822 / 0.33205155989942564x
======[Agent] Wallclock_time = 2025-06-09 16:15:02.063196 / 280.869309 / Sim_time = 93.25000138953328 / 0.3320037697168386x
======[Agent] Wallclock_time = 2025-06-09 16:15:02.206732 / 281.012845 / Sim_time = 93.30000139027834 / 0.33201211630792904x
======[Agent] Wallclock_time = 2025-06-09 16:15:02.351022 / 281.157135 / Sim_time = 93.3500013910234 / 0.33201956397606425x
======[Agent] Wallclock_time = 2025-06-09 16:15:02.491013 / 281.297126 / Sim_time = 93.40000139176846 / 0.33203207827900166x
======[Agent] Wallclock_time = 2025-06-09 16:15:02.629620 / 281.435733 / Sim_time = 93.45000139251351 / 0.3320462130027409x
======[Agent] Wallclock_time = 2025-06-09 16:15:02.786956 / 281.593069 / Sim_time = 93.50000139325857 / 0.3320382482674327x
======[Agent] Wallclock_time = 2025-06-09 16:15:02.923904 / 281.730017 / Sim_time = 93.55000139400363 / 0.33205432043005634x
======[Agent] Wallclock_time = 2025-06-09 16:15:03.077999 / 281.884112 / Sim_time = 93.60000139474869 / 0.33205017721811675x
======[Agent] Wallclock_time = 2025-06-09 16:15:03.255150 / 282.061263 / Sim_time = 93.65000139549375 / 0.3320188968188692x
======[Agent] Wallclock_time = 2025-06-09 16:15:03.414709 / 282.220822 / Sim_time = 93.7000013962388 / 0.3320083497874903x
======[Agent] Wallclock_time = 2025-06-09 16:15:03.564768 / 282.370881 / Sim_time = 93.75000139698386 / 0.3320089842691662x
======[Agent] Wallclock_time = 2025-06-09 16:15:03.730925 / 282.537038 / Sim_time = 93.80000139772892 / 0.3319907013643555x
======[Agent] Wallclock_time = 2025-06-09 16:15:03.870214 / 282.676327 / Sim_time = 93.85000139847398 / 0.33200399336758263x
======[Agent] Wallclock_time = 2025-06-09 16:15:04.010057 / 282.81617 / Sim_time = 93.90000139921904 / 0.33201662190177156x
======[Agent] Wallclock_time = 2025-06-09 16:15:04.145346 / 282.951459 / Sim_time = 93.9500013999641 / 0.3320345818233872x
======[Agent] Wallclock_time = 2025-06-09 16:15:04.307962 / 283.114075 / Sim_time = 94.00000140070915 / 0.3320204740094082x
======[Agent] Wallclock_time = 2025-06-09 16:15:04.455991 / 283.262104 / Sim_time = 94.05000140145421 / 0.3320234794908348x
======[Agent] Wallclock_time = 2025-06-09 16:15:04.606219 / 283.412332 / Sim_time = 94.10000140219927 / 0.33202390564392814x
======[Agent] Wallclock_time = 2025-06-09 16:15:04.774799 / 283.580912 / Sim_time = 94.15000140294433 / 0.33200284439490035x
======[Agent] Wallclock_time = 2025-06-09 16:15:04.919535 / 283.725648 / Sim_time = 94.20000140368938 / 0.33200970746917435x
======[Agent] Wallclock_time = 2025-06-09 16:15:05.068059 / 283.874172 / Sim_time = 94.25000140443444 / 0.33201213315137845x
======[Agent] Wallclock_time = 2025-06-09 16:15:05.232128 / 284.038241 / Sim_time = 94.3000014051795 / 0.3319963856866506x
======[Agent] Wallclock_time = 2025-06-09 16:15:05.398321 / 284.204434 / Sim_time = 94.35000140592456 / 0.3319781753572121x
======[Agent] Wallclock_time = 2025-06-09 16:15:05.565154 / 284.371267 / Sim_time = 94.40000140666962 / 0.33195923921325854x
======[Agent] Wallclock_time = 2025-06-09 16:15:05.733524 / 284.539637 / Sim_time = 94.45000140741467 / 0.3319385322364857x
======[Agent] Wallclock_time = 2025-06-09 16:15:05.895552 / 284.701665 / Sim_time = 94.50000140815973 / 0.3319252435103119x
======[Agent] Wallclock_time = 2025-06-09 16:15:06.050273 / 284.856386 / Sim_time = 94.55000140890479 / 0.33192048391859075x
======[Agent] Wallclock_time = 2025-06-09 16:15:06.217174 / 285.023287 / Sim_time = 94.60000140964985 / 0.3319015456730179x
======[Agent] Wallclock_time = 2025-06-09 16:15:06.386853 / 285.192966 / Sim_time = 94.6500014103949 / 0.33187939681162437x
======[Agent] Wallclock_time = 2025-06-09 16:15:06.540387 / 285.3465 / Sim_time = 94.70000141113997 / 0.3318760508192291x
======[Agent] Wallclock_time = 2025-06-09 16:15:06.686348 / 285.492461 / Sim_time = 94.75000141188502 / 0.3318815116815759x
======[Agent] Wallclock_time = 2025-06-09 16:15:06.852568 / 285.658681 / Sim_time = 94.80000141263008 / 0.3318634295213334x
======[Agent] Wallclock_time = 2025-06-09 16:15:07.017286 / 285.823399 / Sim_time = 94.85000141337514 / 0.331847112231224x
======[Agent] Wallclock_time = 2025-06-09 16:15:07.195724 / 286.001837 / Sim_time = 94.9000014141202 / 0.3318148952981197x
======[Agent] Wallclock_time = 2025-06-09 16:15:07.357689 / 286.163802 / Sim_time = 94.95000141486526 / 0.3318018175235446x
======[Agent] Wallclock_time = 2025-06-09 16:15:07.501257 / 286.30737 / Sim_time = 95.00000141561031 / 0.33181007392697015x
======[Agent] Wallclock_time = 2025-06-09 16:15:07.645677 / 286.45179 / Sim_time = 95.05000141635537 / 0.3318173351230245x
======[Agent] Wallclock_time = 2025-06-09 16:15:07.802953 / 286.609066 / Sim_time = 95.10000141710043 / 0.331809704886989x
======[Agent] Wallclock_time = 2025-06-09 16:15:07.956404 / 286.762517 / Sim_time = 95.15000141784549 / 0.3318065087681481x
======[Agent] Wallclock_time = 2025-06-09 16:15:08.106353 / 286.912466 / Sim_time = 95.20000141859055 / 0.3318073659832702x
======[Agent] Wallclock_time = 2025-06-09 16:15:08.266658 / 287.072771 / Sim_time = 95.2500014193356 / 0.3317962525365496x
======[Agent] Wallclock_time = 2025-06-09 16:15:08.434026 / 287.240139 / Sim_time = 95.30000142008066 / 0.33177699319762366x
======[Agent] Wallclock_time = 2025-06-09 16:15:08.554656 / 287.360769 / Sim_time = 95.35000142082572 / 0.33181171508178503x
======[Agent] Wallclock_time = 2025-06-09 16:15:08.662647 / 287.46876 / Sim_time = 95.40000142157078 / 0.33186099790659995x
======[Agent] Wallclock_time = 2025-06-09 16:15:08.815188 / 287.621301 / Sim_time = 95.45000142231584 / 0.33185883393066884x
======[Agent] Wallclock_time = 2025-06-09 16:15:08.938162 / 287.744275 / Sim_time = 95.5000014230609 / 0.33189077187474547x
======[Agent] Wallclock_time = 2025-06-09 16:15:09.074573 / 287.880686 / Sim_time = 95.55000142380595 / 0.3319071898995546x
======[Agent] Wallclock_time = 2025-06-09 16:15:09.208075 / 288.014188 / Sim_time = 95.60000142455101 / 0.33192694485455754x
======[Agent] Wallclock_time = 2025-06-09 16:15:09.354281 / 288.160394 / Sim_time = 95.65000142529607 / 0.3319320471683173x
======[Agent] Wallclock_time = 2025-06-09 16:15:09.527907 / 288.33402 / Sim_time = 95.70000142604113 / 0.3319055778449705x
======[Agent] Wallclock_time = 2025-06-09 16:15:09.713600 / 288.519713 / Sim_time = 95.75000142678618 / 0.3318652599710794x
======[Agent] Wallclock_time = 2025-06-09 16:15:09.869421 / 288.675534 / Sim_time = 95.80000142753124 / 0.3318593309268818x
======[Agent] Wallclock_time = 2025-06-09 16:15:10.016429 / 288.822542 / Sim_time = 95.8500014282763 / 0.33186353426922627x
======[Agent] Wallclock_time = 2025-06-09 16:15:10.156654 / 288.962767 / Sim_time = 95.90000142902136 / 0.33187552344243x
======[Agent] Wallclock_time = 2025-06-09 16:15:10.326063 / 289.132176 / Sim_time = 95.95000142976642 / 0.331854001526848x
======[Agent] Wallclock_time = 2025-06-09 16:15:10.474422 / 289.280535 / Sim_time = 96.00000143051147 / 0.33185665110118934x
======[Agent] Wallclock_time = 2025-06-09 16:15:10.646113 / 289.452226 / Sim_time = 96.05000143125653 / 0.33183254772657655x
======[Agent] Wallclock_time = 2025-06-09 16:15:10.817707 / 289.62382 / Sim_time = 96.10000143200159 / 0.33180858405713154x
======[Agent] Wallclock_time = 2025-06-09 16:15:10.984342 / 289.790455 / Sim_time = 96.15000143274665 / 0.33179032636675454x
======[Agent] Wallclock_time = 2025-06-09 16:15:11.149381 / 289.955494 / Sim_time = 96.2000014334917 / 0.33177391582577115x
======[Agent] Wallclock_time = 2025-06-09 16:15:11.308725 / 290.114838 / Sim_time = 96.25000143423676 / 0.3317640363854826x
======[Agent] Wallclock_time = 2025-06-09 16:15:11.469477 / 290.27559 / Sim_time = 96.30000143498182 / 0.3317525586027513x
======[Agent] Wallclock_time = 2025-06-09 16:15:11.658094 / 290.464207 / Sim_time = 96.35000143572688 / 0.3317092688341392x
======[Agent] Wallclock_time = 2025-06-09 16:15:11.817966 / 290.624079 / Sim_time = 96.40000143647194 / 0.3316988395088641x
======[Agent] Wallclock_time = 2025-06-09 16:15:11.968785 / 290.774898 / Sim_time = 96.450001437217 / 0.33169874841970914x
======[Agent] Wallclock_time = 2025-06-09 16:15:12.126065 / 290.932178 / Sim_time = 96.50000143796206 / 0.3316912911113976x
======[Agent] Wallclock_time = 2025-06-09 16:15:12.293085 / 291.099198 / Sim_time = 96.55000143870711 / 0.3316727439625689x
======[Agent] Wallclock_time = 2025-06-09 16:15:12.462710 / 291.268823 / Sim_time = 96.60000143945217 / 0.33165125190278355x
======[Agent] Wallclock_time = 2025-06-09 16:15:12.616546 / 291.422659 / Sim_time = 96.65000144019723 / 0.3316477521826642x
======[Agent] Wallclock_time = 2025-06-09 16:15:12.789611 / 291.595724 / Sim_time = 96.70000144094229 / 0.3316223862684489x
======[Agent] Wallclock_time = 2025-06-09 16:15:12.946522 / 291.752635 / Sim_time = 96.75000144168735 / 0.33161541052157706x
======[Agent] Wallclock_time = 2025-06-09 16:15:13.106129 / 291.912242 / Sim_time = 96.8000014424324 / 0.33160537966425113x
======[Agent] Wallclock_time = 2025-06-09 16:15:13.275354 / 292.081467 / Sim_time = 96.85000144317746 / 0.331584440647639x
======[Agent] Wallclock_time = 2025-06-09 16:15:13.450132 / 292.256245 / Sim_time = 96.90000144392252 / 0.33155722604557686x
======[Agent] Wallclock_time = 2025-06-09 16:15:13.625782 / 292.431895 / Sim_time = 96.95000144466758 / 0.33152905539121236x
======[Agent] Wallclock_time = 2025-06-09 16:15:13.813913 / 292.620026 / Sim_time = 97.00000144541264 / 0.33148677923579095x
======[Agent] Wallclock_time = 2025-06-09 16:15:13.979457 / 292.78557 / Sim_time = 97.0500014461577 / 0.33147012667335696x
======[Agent] Wallclock_time = 2025-06-09 16:15:14.154841 / 292.960954 / Sim_time = 97.10000144690275 / 0.33144236007827405x
======[Agent] Wallclock_time = 2025-06-09 16:15:14.310338 / 293.116451 / Sim_time = 97.15000144764781 / 0.3314371120389138x
======[Agent] Wallclock_time = 2025-06-09 16:15:14.468782 / 293.274895 / Sim_time = 97.20000144839287 / 0.3314285391521621x
======[Agent] Wallclock_time = 2025-06-09 16:15:14.634476 / 293.440589 / Sim_time = 97.25000144913793 / 0.331411787199455x
======[Agent] Wallclock_time = 2025-06-09 16:15:14.824638 / 293.630751 / Sim_time = 97.30000144988298 / 0.33136743938118257x
======[Agent] Wallclock_time = 2025-06-09 16:15:15.004311 / 293.810424 / Sim_time = 97.35000145062804 / 0.3313349771267847x
======[Agent] Wallclock_time = 2025-06-09 16:15:15.176746 / 293.982859 / Sim_time = 97.4000014513731 / 0.33131071135226203x
======[Agent] Wallclock_time = 2025-06-09 16:15:15.364861 / 294.170974 / Sim_time = 97.45000145211816 / 0.3312688157442155x
======[Agent] Wallclock_time = 2025-06-09 16:15:15.548931 / 294.355044 / Sim_time = 97.50000145286322 / 0.3312315253593475x
======[Agent] Wallclock_time = 2025-06-09 16:15:15.724770 / 294.530883 / Sim_time = 97.55000145360827 / 0.33120353715189566x
======[Agent] Wallclock_time = 2025-06-09 16:15:15.910746 / 294.716859 / Sim_time = 97.60000145435333 / 0.33116419135751574x
======[Agent] Wallclock_time = 2025-06-09 16:15:16.080439 / 294.886552 / Sim_time = 97.65000145509839 / 0.3311431791298481x
======[Agent] Wallclock_time = 2025-06-09 16:15:16.248266 / 295.054379 / Sim_time = 97.70000145584345 / 0.33112428516628895x
======[Agent] Wallclock_time = 2025-06-09 16:15:16.452260 / 295.258373 / Sim_time = 97.7500014565885 / 0.33106485482033626x
======[Agent] Wallclock_time = 2025-06-09 16:15:16.626785 / 295.432898 / Sim_time = 97.80000145733356 / 0.3310385237422334x
======[Agent] Wallclock_time = 2025-06-09 16:15:16.797503 / 295.603616 / Sim_time = 97.85000145807862 / 0.33101648675905193x
======[Agent] Wallclock_time = 2025-06-09 16:15:16.958156 / 295.764269 / Sim_time = 97.90000145882368 / 0.3310057390775781x
======[Agent] Wallclock_time = 2025-06-09 16:15:17.115053 / 295.921166 / Sim_time = 97.95000145956874 / 0.33099920422848195x
======[Agent] Wallclock_time = 2025-06-09 16:15:17.257450 / 296.063563 / Sim_time = 98.0000014603138 / 0.33100888693765695x
======[Agent] Wallclock_time = 2025-06-09 16:15:17.408477 / 296.21459 / Sim_time = 98.05000146105886 / 0.331008916381001x
======[Agent] Wallclock_time = 2025-06-09 16:15:17.576525 / 296.382638 / Sim_time = 98.10000146180391 / 0.3309899362993983x
======[Agent] Wallclock_time = 2025-06-09 16:15:17.763352 / 296.569465 / Sim_time = 98.15000146254897 / 0.33095002047000527x
======[Agent] Wallclock_time = 2025-06-09 16:15:17.930647 / 296.73676 / Sim_time = 98.20000146329403 / 0.3309319362095813x
======[Agent] Wallclock_time = 2025-06-09 16:15:18.081996 / 296.888109 / Sim_time = 98.25000146403909 / 0.33093164580866824x
======[Agent] Wallclock_time = 2025-06-09 16:15:18.253671 / 297.059784 / Sim_time = 98.30000146478415 / 0.3309087121536182x
======[Agent] Wallclock_time = 2025-06-09 16:15:18.425442 / 297.231555 / Sim_time = 98.3500014655292 / 0.330885698121221x
======[Agent] Wallclock_time = 2025-06-09 16:15:18.584500 / 297.390613 / Sim_time = 98.40000146627426 / 0.3308768545072395x
======[Agent] Wallclock_time = 2025-06-09 16:15:18.750243 / 297.556356 / Sim_time = 98.45000146701932 / 0.33086058698215925x
======[Agent] Wallclock_time = 2025-06-09 16:15:18.904585 / 297.710698 / Sim_time = 98.50000146776438 / 0.33085700739836027x
======[Agent] Wallclock_time = 2025-06-09 16:15:19.074657 / 297.88077 / Sim_time = 98.55000146850944 / 0.3308359604164748x
======[Agent] Wallclock_time = 2025-06-09 16:15:19.244891 / 298.051004 / Sim_time = 98.6000014692545 / 0.3308147576463016x
======[Agent] Wallclock_time = 2025-06-09 16:15:19.400855 / 298.206968 / Sim_time = 98.65000146999955 / 0.3308094083857597x
======[Agent] Wallclock_time = 2025-06-09 16:15:19.567739 / 298.373852 / Sim_time = 98.70000147074461 / 0.33079195786494975x
======[Agent] Wallclock_time = 2025-06-09 16:15:19.755213 / 298.561326 / Sim_time = 98.75000147148967 / 0.33075171537714265x
======[Agent] Wallclock_time = 2025-06-09 16:15:19.939566 / 298.745679 / Sim_time = 98.80000147223473 / 0.33071497833197583x
======[Agent] Wallclock_time = 2025-06-09 16:15:20.097446 / 298.903559 / Sim_time = 98.85000147297978 / 0.3307075736940493x
======[Agent] Wallclock_time = 2025-06-09 16:15:20.269046 / 299.075159 / Sim_time = 98.90000147372484 / 0.3306850061349252x
======[Agent] Wallclock_time = 2025-06-09 16:15:20.437761 / 299.243874 / Sim_time = 98.9500014744699 / 0.33066565235289513x
======[Agent] Wallclock_time = 2025-06-09 16:15:20.600884 / 299.406997 / Sim_time = 99.00000147521496 / 0.3306524958156511x
======[Agent] Wallclock_time = 2025-06-09 16:15:20.771950 / 299.578063 / Sim_time = 99.05000147596002 / 0.3306305870779762x
======[Agent] Wallclock_time = 2025-06-09 16:15:20.920202 / 299.726315 / Sim_time = 99.10000147670507 / 0.33063386790992033x
======[Agent] Wallclock_time = 2025-06-09 16:15:21.095735 / 299.901848 / Sim_time = 99.15000147745013 / 0.33060706871796747x
======[Agent] Wallclock_time = 2025-06-09 16:15:21.271366 / 300.077479 / Sim_time = 99.20000147819519 / 0.3305801929174508x
======[Agent] Wallclock_time = 2025-06-09 16:15:21.437415 / 300.243528 / Sim_time = 99.25000147894025 / 0.33056389783376916x
======[Agent] Wallclock_time = 2025-06-09 16:15:21.597980 / 300.404093 / Sim_time = 99.3000014796853 / 0.33055365502636574x
======[Agent] Wallclock_time = 2025-06-09 16:15:21.759674 / 300.565787 / Sim_time = 99.35000148043036 / 0.33054218156322895x
======[Agent] Wallclock_time = 2025-06-09 16:15:21.896360 / 300.702473 / Sim_time = 99.40000148117542 / 0.3305582090206701x
======[Agent] Wallclock_time = 2025-06-09 16:15:22.056565 / 300.862678 / Sim_time = 99.45000148192048 / 0.33054838039279866x
======[Agent] Wallclock_time = 2025-06-09 16:15:22.201033 / 301.007146 / Sim_time = 99.50000148266554 / 0.33055584310554026x
======[Agent] Wallclock_time = 2025-06-09 16:15:22.353828 / 301.159941 / Sim_time = 99.5500014834106 / 0.33055415869287846x
======[Agent] Wallclock_time = 2025-06-09 16:15:22.491895 / 301.298008 / Sim_time = 99.60000148415565 / 0.33056863394703134x
======[Agent] Wallclock_time = 2025-06-09 16:15:22.670300 / 301.476413 / Sim_time = 99.65000148490071 / 0.3305388635695263x
======[Agent] Wallclock_time = 2025-06-09 16:15:22.846237 / 301.65235 / Sim_time = 99.70000148564577 / 0.3305118324913208x
======[Agent] Wallclock_time = 2025-06-09 16:15:23.036143 / 301.842256 / Sim_time = 99.75000148639083 / 0.33046953842291854x
======[Agent] Wallclock_time = 2025-06-09 16:15:23.213851 / 302.019964 / Sim_time = 99.80000148713589 / 0.3304406428129138x
======[Agent] Wallclock_time = 2025-06-09 16:15:23.434683 / 302.240796 / Sim_time = 99.85000148788095 / 0.3303646378804636x
======[Agent] Wallclock_time = 2025-06-09 16:15:23.620878 / 302.426991 / Sim_time = 99.900001488626 / 0.3303265718173091x
======[Agent] Wallclock_time = 2025-06-09 16:15:23.786837 / 302.59295 / Sim_time = 99.95000148937106 / 0.33031064067662647x
======[Agent] Wallclock_time = 2025-06-09 16:15:23.963157 / 302.76927 / Sim_time = 100.00000149011612 / 0.3302834240961509x
======[Agent] Wallclock_time = 2025-06-09 16:15:24.124352 / 302.930465 / Sim_time = 100.05000149086118 / 0.33027272848946604x
======[Agent] Wallclock_time = 2025-06-09 16:15:24.293385 / 303.099498 / Sim_time = 100.10000149160624 / 0.33025350387780045x
======[Agent] Wallclock_time = 2025-06-09 16:15:24.463694 / 303.269807 / Sim_time = 100.1500014923513 / 0.33023291124869564x
======[Agent] Wallclock_time = 2025-06-09 16:15:24.596311 / 303.402424 / Sim_time = 100.20000149309635 / 0.3302533642240516x
======[Agent] Wallclock_time = 2025-06-09 16:15:24.775239 / 303.581352 / Sim_time = 100.25000149384141 / 0.3302234165899124x
======[Agent] Wallclock_time = 2025-06-09 16:15:24.952771 / 303.758884 / Sim_time = 100.30000149458647 / 0.3301950217184915x
======[Agent] Wallclock_time = 2025-06-09 16:15:25.115188 / 303.921301 / Sim_time = 100.35000149533153 / 0.33018308023185017x
======[Agent] Wallclock_time = 2025-06-09 16:15:25.305991 / 304.112104 / Sim_time = 100.40000149607658 / 0.3301403332362705x
======[Agent] Wallclock_time = 2025-06-09 16:15:25.463488 / 304.269601 / Sim_time = 100.45000149682164 / 0.33013377292018314x
======[Agent] Wallclock_time = 2025-06-09 16:15:25.625189 / 304.431302 / Sim_time = 100.5000014975667 / 0.33012266056302625x
======[Agent] Wallclock_time = 2025-06-09 16:15:25.788556 / 304.594669 / Sim_time = 100.55000149831176 / 0.33010975444405205x
======[Agent] Wallclock_time = 2025-06-09 16:15:25.947037 / 304.75315 / Sim_time = 100.60000149905682 / 0.3301021544712576x
======[Agent] Wallclock_time = 2025-06-09 16:15:26.101707 / 304.90782 / Sim_time = 100.65000149980187 / 0.3300986881907905x
======[Agent] Wallclock_time = 2025-06-09 16:15:26.249464 / 305.055577 / Sim_time = 100.70000150054693 / 0.33010270583527507x
======[Agent] Wallclock_time = 2025-06-09 16:15:26.422813 / 305.228926 / Sim_time = 100.75000150129199 / 0.33007904179517444x
======[Agent] Wallclock_time = 2025-06-09 16:15:26.577655 / 305.383768 / Sim_time = 100.80000150203705 / 0.3300754067145781x
======[Agent] Wallclock_time = 2025-06-09 16:15:26.777216 / 305.583329 / Sim_time = 100.8500015027821 / 0.3300234728423594x
======[Agent] Wallclock_time = 2025-06-09 16:15:26.936872 / 305.742985 / Sim_time = 100.90000150352716 / 0.3300146738897486x
======[Agent] Wallclock_time = 2025-06-09 16:15:27.100450 / 305.906563 / Sim_time = 100.95000150427222 / 0.33000165316040986x
======[Agent] Wallclock_time = 2025-06-09 16:15:27.268679 / 306.074792 / Sim_time = 101.00000150501728 / 0.32998363197902725x
======[Agent] Wallclock_time = 2025-06-09 16:15:27.416693 / 306.222806 / Sim_time = 101.05000150576234 / 0.32998741288507905x
======[Agent] Wallclock_time = 2025-06-09 16:15:27.565385 / 306.371498 / Sim_time = 101.1000015065074 / 0.3299904598698915x
======[Agent] Wallclock_time = 2025-06-09 16:15:27.728517 / 306.53463 / Sim_time = 101.15000150725245 / 0.3299779588664863x
======[Agent] Wallclock_time = 2025-06-09 16:15:27.905490 / 306.711603 / Sim_time = 101.20000150799751 / 0.32995058083086826x
======[Agent] Wallclock_time = 2025-06-09 16:15:28.060542 / 306.866655 / Sim_time = 101.25000150874257 / 0.32994680233973367x
======[Agent] Wallclock_time = 2025-06-09 16:15:28.234841 / 307.040954 / Sim_time = 101.30000150948763 / 0.3299223451056061x
======[Agent] Wallclock_time = 2025-06-09 16:15:28.399070 / 307.205183 / Sim_time = 101.35000151023269 / 0.3299087294419224x
======[Agent] Wallclock_time = 2025-06-09 16:15:28.545758 / 307.351871 / Sim_time = 101.40000151097775 / 0.32991395584190836x
======[Agent] Wallclock_time = 2025-06-09 16:15:28.695720 / 307.501833 / Sim_time = 101.4500015117228 / 0.3299156645874636x
======[Agent] Wallclock_time = 2025-06-09 16:15:28.838745 / 307.644858 / Sim_time = 101.50000151246786 / 0.3299248108598552x
======[Agent] Wallclock_time = 2025-06-09 16:15:28.988231 / 307.794344 / Sim_time = 101.55000151321292 / 0.32992702291563225x
======[Agent] Wallclock_time = 2025-06-09 16:15:29.127973 / 307.934086 / Sim_time = 101.60000151395798 / 0.3299396727853155x
======[Agent] Wallclock_time = 2025-06-09 16:15:29.278005 / 308.084118 / Sim_time = 101.65000151470304 / 0.32994129081789353x
======[Agent] Wallclock_time = 2025-06-09 16:15:29.441438 / 308.247551 / Sim_time = 101.7000015154481 / 0.32992856312063606x
======[Agent] Wallclock_time = 2025-06-09 16:15:29.590815 / 308.396928 / Sim_time = 101.75000151619315 / 0.32993088564522766x
======[Agent] Wallclock_time = 2025-06-09 16:15:29.734137 / 308.54025 / Sim_time = 101.80000151693821 / 0.32993968072968594x
======[Agent] Wallclock_time = 2025-06-09 16:15:29.887477 / 308.69359 / Sim_time = 101.85000151768327 / 0.3299377598994634x
======[Agent] Wallclock_time = 2025-06-09 16:15:30.049764 / 308.855877 / Sim_time = 101.90000151842833 / 0.3299262833588398x
======[Agent] Wallclock_time = 2025-06-09 16:15:30.206587 / 309.0127 / Sim_time = 101.95000151917338 / 0.329920652447362x
======[Agent] Wallclock_time = 2025-06-09 16:15:30.359205 / 309.165318 / Sim_time = 102.00000151991844 / 0.329919514453442x
======[Agent] Wallclock_time = 2025-06-09 16:15:30.529539 / 309.335652 / Sim_time = 102.0500015206635 / 0.3298994828477794x
======[Agent] Wallclock_time = 2025-06-09 16:15:30.674507 / 309.48062 / Sim_time = 102.10000152140856 / 0.3299065111569746x
======[Agent] Wallclock_time = 2025-06-09 16:15:30.884590 / 309.690703 / Sim_time = 102.15000152215362 / 0.32984416609363804x
======[Agent] Wallclock_time = 2025-06-09 16:15:31.035096 / 309.841209 / Sim_time = 102.20000152289867 / 0.32984531659758043x
======[Agent] Wallclock_time = 2025-06-09 16:15:31.178020 / 309.984133 / Sim_time = 102.25000152364373 / 0.32985453377741103x
======[Agent] Wallclock_time = 2025-06-09 16:15:31.352286 / 310.158399 / Sim_time = 102.30000152438879 / 0.32983040931282176x
======[Agent] Wallclock_time = 2025-06-09 16:15:31.495485 / 310.301598 / Sim_time = 102.35000152513385 / 0.32983933162278534x
======[Agent] Wallclock_time = 2025-06-09 16:15:31.660145 / 310.466258 / Sim_time = 102.4000015258789 / 0.32982544499387734x
======[Agent] Wallclock_time = 2025-06-09 16:15:31.822929 / 310.629042 / Sim_time = 102.45000152662396 / 0.32981356493079944x
======[Agent] Wallclock_time = 2025-06-09 16:15:31.988444 / 310.794557 / Sim_time = 102.50000152736902 / 0.3297987993031993x
======[Agent] Wallclock_time = 2025-06-09 16:15:32.140325 / 310.946438 / Sim_time = 102.55000152811408 / 0.3297985093162726x
======[Agent] Wallclock_time = 2025-06-09 16:15:32.304830 / 311.110943 / Sim_time = 102.60000152885914 / 0.32978483737880526x
======[Agent] Wallclock_time = 2025-06-09 16:15:32.484442 / 311.290555 / Sim_time = 102.6500015296042 / 0.3297551760747387x
======[Agent] Wallclock_time = 2025-06-09 16:15:32.657349 / 311.463462 / Sim_time = 102.70000153034925 / 0.3297326470920116x
======[Agent] Wallclock_time = 2025-06-09 16:15:32.807043 / 311.613156 / Sim_time = 102.75000153109431 / 0.3297347041290843x
======[Agent] Wallclock_time = 2025-06-09 16:15:32.978399 / 311.784512 / Sim_time = 102.80000153183937 / 0.32971384998748554x
======[Agent] Wallclock_time = 2025-06-09 16:15:33.141320 / 311.947433 / Sim_time = 102.85000153258443 / 0.3297019335647198x
======[Agent] Wallclock_time = 2025-06-09 16:15:33.302771 / 312.108884 / Sim_time = 102.90000153332949 / 0.32969158238298374x
======[Agent] Wallclock_time = 2025-06-09 16:15:33.451790 / 312.257903 / Sim_time = 102.95000153407454 / 0.329694367542419x
======[Agent] Wallclock_time = 2025-06-09 16:15:33.600196 / 312.406309 / Sim_time = 103.0000015348196 / 0.3296977969706195x
======[Agent] Wallclock_time = 2025-06-09 16:15:33.771509 / 312.577622 / Sim_time = 103.05000153556466 / 0.32967706133007607x
======[Agent] Wallclock_time = 2025-06-09 16:15:33.917344 / 312.723457 / Sim_time = 103.10000153630972 / 0.3296832058655065x
======[Agent] Wallclock_time = 2025-06-09 16:15:34.077868 / 312.883981 / Sim_time = 103.15000153705478 / 0.3296738667588994x
======[Agent] Wallclock_time = 2025-06-09 16:15:34.232158 / 313.038271 / Sim_time = 103.20000153779984 / 0.32967110231291025x
======[Agent] Wallclock_time = 2025-06-09 16:15:34.412931 / 313.219044 / Sim_time = 103.2500015385449 / 0.3296404668742876x
======[Agent] Wallclock_time = 2025-06-09 16:15:34.583064 / 313.389177 / Sim_time = 103.30000153928995 / 0.32962105745672415x
======[Agent] Wallclock_time = 2025-06-09 16:15:34.740199 / 313.546312 / Sim_time = 103.35000154003501 / 0.3296153326297213x
======[Agent] Wallclock_time = 2025-06-09 16:15:34.893170 / 313.699283 / Sim_time = 103.40000154078007 / 0.32961398871540093x
======[Agent] Wallclock_time = 2025-06-09 16:15:35.053253 / 313.859366 / Sim_time = 103.45000154152513 / 0.32960517716826065x
======[Agent] Wallclock_time = 2025-06-09 16:15:35.203347 / 314.00946 / Sim_time = 103.50000154227018 / 0.32960685940930184x
======[Agent] Wallclock_time = 2025-06-09 16:15:35.354366 / 314.160479 / Sim_time = 103.55000154301524 / 0.3296075695614332x
======[Agent] Wallclock_time = 2025-06-09 16:15:35.505260 / 314.311373 / Sim_time = 103.6000015437603 / 0.3296084101142283x
======[Agent] Wallclock_time = 2025-06-09 16:15:35.651491 / 314.457604 / Sim_time = 103.65000154450536 / 0.3296141375241409x
======[Agent] Wallclock_time = 2025-06-09 16:15:35.816622 / 314.622735 / Sim_time = 103.70000154525042 / 0.3296000587662289x
======[Agent] Wallclock_time = 2025-06-09 16:15:35.994900 / 314.801013 / Sim_time = 103.75000154599547 / 0.32957223035926225x
======[Agent] Wallclock_time = 2025-06-09 16:15:36.159649 / 314.965762 / Sim_time = 103.80000154674053 / 0.3295585886193939x
======[Agent] Wallclock_time = 2025-06-09 16:15:36.316350 / 315.122463 / Sim_time = 103.85000154748559 / 0.32955337745664975x
======[Agent] Wallclock_time = 2025-06-09 16:15:36.477776 / 315.283889 / Sim_time = 103.90000154823065 / 0.3295432327181106x
======[Agent] Wallclock_time = 2025-06-09 16:15:36.641811 / 315.447924 / Sim_time = 103.9500015489757 / 0.32953037287575504x
======[Agent] Wallclock_time = 2025-06-09 16:15:36.778739 / 315.584852 / Sim_time = 104.00000154972076 / 0.32954583005109106x
======[Agent] Wallclock_time = 2025-06-09 16:15:36.952049 / 315.758162 / Sim_time = 104.05000155046582 / 0.329523301529619x
======[Agent] Wallclock_time = 2025-06-09 16:15:37.125544 / 315.931657 / Sim_time = 104.10000155121088 / 0.3295006047798689x
======[Agent] Wallclock_time = 2025-06-09 16:15:37.291887 / 316.098 / Sim_time = 104.15000155195594 / 0.32948538765372853x
======[Agent] Wallclock_time = 2025-06-09 16:15:37.494095 / 316.300208 / Sim_time = 104.200001552701 / 0.32943282832072207x
======[Agent] Wallclock_time = 2025-06-09 16:15:37.654842 / 316.460955 / Sim_time = 104.25000155344605 / 0.3294234896369962x
======[Agent] Wallclock_time = 2025-06-09 16:15:37.815041 / 316.621154 / Sim_time = 104.30000155419111 / 0.32941473057564735x
======[Agent] Wallclock_time = 2025-06-09 16:15:37.973414 / 316.779527 / Sim_time = 104.35000155493617 / 0.32940787914951664x
======[Agent] Wallclock_time = 2025-06-09 16:15:38.131843 / 316.937956 / Sim_time = 104.40000155568123 / 0.3294009763687151x
======[Agent] Wallclock_time = 2025-06-09 16:15:38.291236 / 317.097349 / Sim_time = 104.45000155642629 / 0.3293930791056446x
======[Agent] Wallclock_time = 2025-06-09 16:15:38.460481 / 317.266594 / Sim_time = 104.50000155717134 / 0.3293749614944013x
======[Agent] Wallclock_time = 2025-06-09 16:15:38.627836 / 317.433949 / Sim_time = 104.5500015579164 / 0.3293588241851606x
======[Agent] Wallclock_time = 2025-06-09 16:15:38.799332 / 317.605445 / Sim_time = 104.60000155866146 / 0.3293384098633813x
======[Agent] Wallclock_time = 2025-06-09 16:15:38.958023 / 317.764136 / Sim_time = 104.65000155940652 / 0.32933128812283086x
======[Agent] Wallclock_time = 2025-06-09 16:15:39.119500 / 317.925613 / Sim_time = 104.70000156015158 / 0.3293212876147351x
======[Agent] Wallclock_time = 2025-06-09 16:15:39.262815 / 318.068928 / Sim_time = 104.75000156089664 / 0.32933010114963346x
======[Agent] Wallclock_time = 2025-06-09 16:15:39.421527 / 318.22764 / Sim_time = 104.8000015616417 / 0.329322972192703x
======[Agent] Wallclock_time = 2025-06-09 16:15:39.588181 / 318.394294 / Sim_time = 104.85000156238675 / 0.32930763594259266x
======[Agent] Wallclock_time = 2025-06-09 16:15:39.738024 / 318.544137 / Sim_time = 104.90000156313181 / 0.3293096939135876x
======[Agent] Wallclock_time = 2025-06-09 16:15:39.913014 / 318.719127 / Sim_time = 104.95000156387687 / 0.32928576727090997x
======[Agent] Wallclock_time = 2025-06-09 16:15:40.084850 / 318.890963 / Sim_time = 105.00000156462193 / 0.3292651234506714x
======[Agent] Wallclock_time = 2025-06-09 16:15:40.253012 / 319.059125 / Sim_time = 105.05000156536698 / 0.32924829314025683x
======[Agent] Wallclock_time = 2025-06-09 16:15:40.422581 / 319.228694 / Sim_time = 105.10000156611204 / 0.3292300294787491x
======[Agent] Wallclock_time = 2025-06-09 16:15:40.571381 / 319.377494 / Sim_time = 105.1500015668571 / 0.3292331936628679x
======[Agent] Wallclock_time = 2025-06-09 16:15:40.716890 / 319.523003 / Sim_time = 105.20000156760216 / 0.3292397459342113x
======[Agent] Wallclock_time = 2025-06-09 16:15:40.882362 / 319.688475 / Sim_time = 105.25000156834722 / 0.32922573246537823x
======[Agent] Wallclock_time = 2025-06-09 16:15:41.034866 / 319.840979 / Sim_time = 105.30000156909227 / 0.32922508139274703x
======[Agent] Wallclock_time = 2025-06-09 16:15:41.190069 / 319.996182 / Sim_time = 105.35000156983733 / 0.3292216541139332x
======[Agent] Wallclock_time = 2025-06-09 16:15:41.356867 / 320.16298 / Sim_time = 105.40000157058239 / 0.32920630725099803x
======[Agent] Wallclock_time = 2025-06-09 16:15:41.509505 / 320.315618 / Sim_time = 105.45000157132745 / 0.32920552867265684x
======[Agent] Wallclock_time = 2025-06-09 16:15:41.665627 / 320.47174 / Sim_time = 105.5000015720725 / 0.32920117190645454x
======[Agent] Wallclock_time = 2025-06-09 16:15:41.843452 / 320.649565 / Sim_time = 105.55000157281756 / 0.3291745379360787x
======[Agent] Wallclock_time = 2025-06-09 16:15:42.005146 / 320.811259 / Sim_time = 105.60000157356262 / 0.3291644836226867x
======[Agent] Wallclock_time = 2025-06-09 16:15:42.165697 / 320.97181 / Sim_time = 105.65000157430768 / 0.3291556115744124x
======[Agent] Wallclock_time = 2025-06-09 16:15:42.322546 / 321.128659 / Sim_time = 105.70000157505274 / 0.3291505428187583x
======[Agent] Wallclock_time = 2025-06-09 16:15:42.481424 / 321.287537 / Sim_time = 105.7500015757978 / 0.32914340039401346x
======[Agent] Wallclock_time = 2025-06-09 16:15:42.651966 / 321.458079 / Sim_time = 105.80000157654285 / 0.3291243224663842x
======[Agent] Wallclock_time = 2025-06-09 16:15:42.818849 / 321.624962 / Sim_time = 105.85000157728791 / 0.3291090088594525x
======[Agent] Wallclock_time = 2025-06-09 16:15:43.000380 / 321.806493 / Sim_time = 105.90000157803297 / 0.3290787314825916x
======[Agent] Wallclock_time = 2025-06-09 16:15:43.173487 / 321.9796 / Sim_time = 105.95000157877803 / 0.3290570971629286x
======[Agent] Wallclock_time = 2025-06-09 16:15:43.342920 / 322.149033 / Sim_time = 106.00000157952309 / 0.32903923861936435x
======[Agent] Wallclock_time = 2025-06-09 16:15:43.502115 / 322.308228 / Sim_time = 106.05000158026814 / 0.32903185006005525x
======[Agent] Wallclock_time = 2025-06-09 16:15:43.655274 / 322.461387 / Sim_time = 106.1000015810132 / 0.32903062762793855x
======[Agent] Wallclock_time = 2025-06-09 16:15:43.822400 / 322.628513 / Sim_time = 106.15000158175826 / 0.3290151622978096x
======[Agent] Wallclock_time = 2025-06-09 16:15:43.989818 / 322.795931 / Sim_time = 106.20000158250332 / 0.32899941537084604x
======[Agent] Wallclock_time = 2025-06-09 16:15:44.159546 / 322.965659 / Sim_time = 106.25000158324838 / 0.32898133173321886x
======[Agent] Wallclock_time = 2025-06-09 16:15:44.333638 / 323.139751 / Sim_time = 106.30000158399343 / 0.3289588244597273x
======[Agent] Wallclock_time = 2025-06-09 16:15:44.506544 / 323.312657 / Sim_time = 106.3500015847385 / 0.3289375480502468x
======[Agent] Wallclock_time = 2025-06-09 16:15:44.663520 / 323.469633 / Sim_time = 106.40000158548355 / 0.32893249256875684x
======[Agent] Wallclock_time = 2025-06-09 16:15:44.821793 / 323.627906 / Sim_time = 106.45000158622861 / 0.328926123756784x
======[Agent] Wallclock_time = 2025-06-09 16:15:44.996825 / 323.802938 / Sim_time = 106.50000158697367 / 0.3289027373934337x
======[Agent] Wallclock_time = 2025-06-09 16:15:45.156471 / 323.962584 / Sim_time = 106.55000158771873 / 0.3288949957650757x
======[Agent] Wallclock_time = 2025-06-09 16:15:45.325489 / 324.131602 / Sim_time = 106.60000158846378 / 0.32887775228628124x
======[Agent] Wallclock_time = 2025-06-09 16:15:45.510945 / 324.317058 / Sim_time = 106.65000158920884 / 0.32884385854705894x
======[Agent] Wallclock_time = 2025-06-09 16:15:45.659085 / 324.465198 / Sim_time = 106.7000015899539 / 0.32884781911844607x
======[Agent] Wallclock_time = 2025-06-09 16:15:45.838177 / 324.64429 / Sim_time = 106.75000159069896 / 0.32882042302446146x
======[Agent] Wallclock_time = 2025-06-09 16:15:46.004737 / 324.81085 / Sim_time = 106.80000159144402 / 0.328805742744435x
======[Agent] Wallclock_time = 2025-06-09 16:15:46.167079 / 324.973192 / Sim_time = 106.85000159218907 / 0.32879534505370533x
======[Agent] Wallclock_time = 2025-06-09 16:15:46.335809 / 325.141922 / Sim_time = 106.90000159293413 / 0.3287784981920478x
======[Agent] Wallclock_time = 2025-06-09 16:15:46.502452 / 325.308565 / Sim_time = 106.95000159367919 / 0.3287637779530989x
======[Agent] Wallclock_time = 2025-06-09 16:15:46.672770 / 325.478883 / Sim_time = 107.00000159442425 / 0.3287453608751121x
======[Agent] Wallclock_time = 2025-06-09 16:15:46.800149 / 325.606262 / Sim_time = 107.0500015951693 / 0.3287703134679143x
======[Agent] Wallclock_time = 2025-06-09 16:15:46.967072 / 325.773185 / Sim_time = 107.10000159591436 / 0.3287553358345885x
======[Agent] Wallclock_time = 2025-06-09 16:15:47.119674 / 325.925787 / Sim_time = 107.15000159665942 / 0.3287548181692087x
======[Agent] Wallclock_time = 2025-06-09 16:15:47.260111 / 326.066224 / Sim_time = 107.20000159740448 / 0.32876656623851436x
======[Agent] Wallclock_time = 2025-06-09 16:15:47.411183 / 326.217296 / Sim_time = 107.25000159814954 / 0.3287675857339085x
======[Agent] Wallclock_time = 2025-06-09 16:15:47.564201 / 326.370314 / Sim_time = 107.3000015988946 / 0.3287666439915568x
======[Agent] Wallclock_time = 2025-06-09 16:15:47.722557 / 326.52867 / Sim_time = 107.35000159963965 / 0.32876032857791965x
======[Agent] Wallclock_time = 2025-06-09 16:15:47.872248 / 326.678361 / Sim_time = 107.40000160038471 / 0.32876273931607425x
======[Agent] Wallclock_time = 2025-06-09 16:15:48.024285 / 326.830398 / Sim_time = 107.45000160112977 / 0.32876278796546277x
======[Agent] Wallclock_time = 2025-06-09 16:15:48.185768 / 326.991881 / Sim_time = 107.50000160187483 / 0.328753339440056x
======[Agent] Wallclock_time = 2025-06-09 16:15:48.356603 / 327.162716 / Sim_time = 107.55000160261989 / 0.32873450307252255x
======[Agent] Wallclock_time = 2025-06-09 16:15:48.516221 / 327.322334 / Sim_time = 107.60000160336494 / 0.3287269510806246x
======[Agent] Wallclock_time = 2025-06-09 16:15:48.654487 / 327.4606 / Sim_time = 107.65000160411 / 0.3287408404652943x
======[Agent] Wallclock_time = 2025-06-09 16:15:48.826284 / 327.632397 / Sim_time = 107.70000160485506 / 0.32872107236630416x
======[Agent] Wallclock_time = 2025-06-09 16:15:48.987473 / 327.793586 / Sim_time = 107.75000160560012 / 0.3287119623311903x
======[Agent] Wallclock_time = 2025-06-09 16:15:49.149998 / 327.956111 / Sim_time = 107.80000160634518 / 0.3287015222132054x
======[Agent] Wallclock_time = 2025-06-09 16:15:49.317310 / 328.123423 / Sim_time = 107.85000160709023 / 0.3286862971705408x
======[Agent] Wallclock_time = 2025-06-09 16:15:49.481030 / 328.287143 / Sim_time = 107.90000160783529 / 0.3286746838366176x
======[Agent] Wallclock_time = 2025-06-09 16:15:49.657570 / 328.463683 / Sim_time = 107.95000160858035 / 0.32865025433672074x
======[Agent] Wallclock_time = 2025-06-09 16:15:49.810621 / 328.616734 / Sim_time = 108.00000160932541 / 0.3286493406631713x
======[Agent] Wallclock_time = 2025-06-09 16:15:49.993497 / 328.79961 / Sim_time = 108.05000161007047 / 0.3286186166445083x
======[Agent] Wallclock_time = 2025-06-09 16:15:50.171466 / 328.977579 / Sim_time = 108.10000161081553 / 0.32859282795678785x
======[Agent] Wallclock_time = 2025-06-09 16:15:50.330364 / 329.136477 / Sim_time = 108.15000161156058 / 0.32858610510513386x
======[Agent] Wallclock_time = 2025-06-09 16:15:50.492358 / 329.298471 / Sim_time = 108.20000161230564 / 0.32857629951159456x
======[Agent] Wallclock_time = 2025-06-09 16:15:50.643096 / 329.449209 / Sim_time = 108.2500016130507 / 0.32857772936805363x
======[Agent] Wallclock_time = 2025-06-09 16:15:50.793857 / 329.59997 / Sim_time = 108.30000161379576 / 0.32857913498796976x
======[Agent] Wallclock_time = 2025-06-09 16:15:50.984610 / 329.790723 / Sim_time = 108.35000161454082 / 0.32854069419607845x
======[Agent] Wallclock_time = 2025-06-09 16:15:51.137785 / 329.943898 / Sim_time = 108.40000161528587 / 0.32853971154688344x
======[Agent] Wallclock_time = 2025-06-09 16:15:51.285801 / 330.091914 / Sim_time = 108.45000161603093 / 0.328543864519403x
======[Agent] Wallclock_time = 2025-06-09 16:15:51.444035 / 330.250148 / Sim_time = 108.50000161677599 / 0.32853784846427236x
======[Agent] Wallclock_time = 2025-06-09 16:15:51.598875 / 330.404988 / Sim_time = 108.55000161752105 / 0.32853521291969157x
======[Agent] Wallclock_time = 2025-06-09 16:15:51.739250 / 330.545363 / Sim_time = 108.6000016182661 / 0.32854695671924883x
======[Agent] Wallclock_time = 2025-06-09 16:15:51.896250 / 330.702363 / Sim_time = 108.65000161901116 / 0.328542173364627x
======[Agent] Wallclock_time = 2025-06-09 16:15:52.058955 / 330.865068 / Sim_time = 108.70000161975622 / 0.3285317297020504x
======[Agent] Wallclock_time = 2025-06-09 16:15:52.226903 / 331.033016 / Sim_time = 108.75000162050128 / 0.3285160931029556x
======[Agent] Wallclock_time = 2025-06-09 16:15:52.392065 / 331.198178 / Sim_time = 108.80000162124634 / 0.32850323566094825x
======[Agent] Wallclock_time = 2025-06-09 16:15:52.566601 / 331.372714 / Sim_time = 108.8500016219914 / 0.3284810986003296x
======[Agent] Wallclock_time = 2025-06-09 16:15:52.780940 / 331.587053 / Sim_time = 108.90000162273645 / 0.3284195574523201x
======[Agent] Wallclock_time = 2025-06-09 16:15:52.968216 / 331.774329 / Sim_time = 108.95000162348151 / 0.32838488006889x
======[Agent] Wallclock_time = 2025-06-09 16:15:53.148014 / 331.954127 / Sim_time = 109.00000162422657 / 0.32835763860404715x
======[Agent] Wallclock_time = 2025-06-09 16:15:53.283331 / 332.089444 / Sim_time = 109.05000162497163 / 0.32837440400715545x
======[Agent] Wallclock_time = 2025-06-09 16:15:53.404462 / 332.210575 / Sim_time = 109.10000162571669 / 0.3284051786146124x
======[Agent] Wallclock_time = 2025-06-09 16:15:53.567698 / 332.373811 / Sim_time = 109.15000162646174 / 0.32839432476266006x
======[Agent] Wallclock_time = 2025-06-09 16:15:53.747503 / 332.553616 / Sim_time = 109.2000016272068 / 0.32836712038664595x
======[Agent] Wallclock_time = 2025-06-09 16:15:53.883983 / 332.690096 / Sim_time = 109.25000162795186 / 0.32838270377982065x
======[Agent] Wallclock_time = 2025-06-09 16:15:54.044970 / 332.851083 / Sim_time = 109.30000162869692 / 0.3283740953145753x
======[Agent] Wallclock_time = 2025-06-09 16:15:54.201157 / 333.00727 / Sim_time = 109.35000162944198 / 0.32837022825121426x
======[Agent] Wallclock_time = 2025-06-09 16:15:54.343869 / 333.149982 / Sim_time = 109.40000163018703 / 0.3283796462895824x
======[Agent] Wallclock_time = 2025-06-09 16:15:54.508690 / 333.314803 / Sim_time = 109.45000163093209 / 0.3283672740561062x
======[Agent] Wallclock_time = 2025-06-09 16:15:54.665528 / 333.471641 / Sim_time = 109.50000163167715 / 0.32836277453920776x
======[Agent] Wallclock_time = 2025-06-09 16:15:54.809018 / 333.615131 / Sim_time = 109.55000163242221 / 0.32837141688578064x
======[Agent] Wallclock_time = 2025-06-09 16:15:54.964398 / 333.770511 / Sim_time = 109.60000163316727 / 0.3283683538621943x
======[Agent] Wallclock_time = 2025-06-09 16:15:55.121916 / 333.928029 / Sim_time = 109.65000163391232 / 0.3283631913112661x
======[Agent] Wallclock_time = 2025-06-09 16:15:55.278121 / 334.084234 / Sim_time = 109.70000163465738 / 0.3283593241198364x
======[Agent] Wallclock_time = 2025-06-09 16:15:55.403616 / 334.209729 / Sim_time = 109.75000163540244 / 0.32838563251331904x
======[Agent] Wallclock_time = 2025-06-09 16:15:55.541769 / 334.347882 / Sim_time = 109.8000016361475 / 0.3283994879221624x
======[Agent] Wallclock_time = 2025-06-09 16:15:55.672456 / 334.478569 / Sim_time = 109.85000163689256 / 0.3284206624796642x
======[Agent] Wallclock_time = 2025-06-09 16:15:55.816912 / 334.623025 / Sim_time = 109.90000163763762 / 0.32842830588042093x
======[Agent] Wallclock_time = 2025-06-09 16:15:55.974086 / 334.780199 / Sim_time = 109.95000163838267 / 0.3284234657346534x
======[Agent] Wallclock_time = 2025-06-09 16:15:56.143933 / 334.950046 / Sim_time = 110.00000163912773 / 0.3284062042879178x
======[Agent] Wallclock_time = 2025-06-09 16:15:56.311105 / 335.117218 / Sim_time = 110.05000163987279 / 0.32839158162351173x
======[Agent] Wallclock_time = 2025-06-09 16:15:56.465123 / 335.271236 / Sim_time = 110.10000164061785 / 0.32838985701344464x
======[Agent] Wallclock_time = 2025-06-09 16:15:56.613706 / 335.419819 / Sim_time = 110.1500016413629 / 0.328393455032864x
======[Agent] Wallclock_time = 2025-06-09 16:15:56.761751 / 335.567864 / Sim_time = 110.20000164210796 / 0.328397576367836x
======[Agent] Wallclock_time = 2025-06-09 16:15:56.913356 / 335.719469 / Sim_time = 110.25000164285302 / 0.32839821167667027x
======[Agent] Wallclock_time = 2025-06-09 16:15:57.061341 / 335.867454 / Sim_time = 110.30000164359808 / 0.32840238590432813x
======[Agent] Wallclock_time = 2025-06-09 16:15:57.234374 / 336.040487 / Sim_time = 110.35000164434314 / 0.32838207755086846x
======[Agent] Wallclock_time = 2025-06-09 16:15:57.365322 / 336.171435 / Sim_time = 110.4000016450882 / 0.32840289729611x
======[Agent] Wallclock_time = 2025-06-09 16:15:57.526520 / 336.332633 / Sim_time = 110.45000164583325 / 0.3283941622508899x
======[Agent] Wallclock_time = 2025-06-09 16:15:57.717495 / 336.523608 / Sim_time = 110.50000164657831 / 0.32835637876020735x
======[Agent] Wallclock_time = 2025-06-09 16:15:57.867840 / 336.673953 / Sim_time = 110.55000164732337 / 0.3283582596871214x
======[Agent] Wallclock_time = 2025-06-09 16:15:58.015914 / 336.822027 / Sim_time = 110.60000164806843 / 0.32836235287461046x
======[Agent] Wallclock_time = 2025-06-09 16:15:58.177199 / 336.983312 / Sim_time = 110.65000164881349 / 0.32835356931634696x
======[Agent] Wallclock_time = 2025-06-09 16:15:58.332516 / 337.138629 / Sim_time = 110.70000164955854 / 0.3283506064769341x
======[Agent] Wallclock_time = 2025-06-09 16:15:58.489497 / 337.29561 / Sim_time = 110.7500016503036 / 0.3283460265144782x
======[Agent] Wallclock_time = 2025-06-09 16:15:58.643046 / 337.449159 / Sim_time = 110.80000165104866 / 0.3283447901740318x
======[Agent] Wallclock_time = 2025-06-09 16:15:58.787112 / 337.593225 / Sim_time = 110.85000165179372 / 0.32835277810748603x
======[Agent] Wallclock_time = 2025-06-09 16:15:58.949195 / 337.755308 / Sim_time = 110.90000165253878 / 0.32834324341483145x
======[Agent] Wallclock_time = 2025-06-09 16:15:59.100769 / 337.906882 / Sim_time = 110.95000165328383 / 0.3283439291104901x
======[Agent] Wallclock_time = 2025-06-09 16:15:59.245925 / 338.052038 / Sim_time = 111.00000165402889 / 0.32835084787502755x
======[Agent] Wallclock_time = 2025-06-09 16:15:59.404332 / 338.210445 / Sim_time = 111.05000165477395 / 0.328344895764169x
======[Agent] Wallclock_time = 2025-06-09 16:15:59.559226 / 338.365339 / Sim_time = 111.10000165551901 / 0.32834235811949075x
======[Agent] Wallclock_time = 2025-06-09 16:15:59.708781 / 338.514894 / Sim_time = 111.15000165626407 / 0.32834500130225514x
======[Agent] Wallclock_time = 2025-06-09 16:15:59.886070 / 338.692183 / Sim_time = 111.20000165700912 / 0.32832075529848836x
======[Agent] Wallclock_time = 2025-06-09 16:16:00.067159 / 338.873272 / Sim_time = 111.25000165775418 / 0.3282928532790893x
======[Agent] Wallclock_time = 2025-06-09 16:16:00.227444 / 339.033557 / Sim_time = 111.30000165849924 / 0.3282851242167012x
======[Agent] Wallclock_time = 2025-06-09 16:16:00.375557 / 339.18167 / Sim_time = 111.3500016592443 / 0.32828918310963323x
======[Agent] Wallclock_time = 2025-06-09 16:16:00.538489 / 339.344602 / Sim_time = 111.40000165998936 / 0.3282789021087398x
======[Agent] Wallclock_time = 2025-06-09 16:16:00.705234 / 339.511347 / Sim_time = 111.45000166073442 / 0.32826494425174596x
======[Agent] Wallclock_time = 2025-06-09 16:16:00.857387 / 339.6635 / Sim_time = 111.50000166147947 / 0.32826510177389595x
======[Agent] Wallclock_time = 2025-06-09 16:16:01.014990 / 339.821103 / Sim_time = 111.55000166222453 / 0.3282599945013716x
======[Agent] Wallclock_time = 2025-06-09 16:16:01.167666 / 339.973779 / Sim_time = 111.60000166296959 / 0.3282596491164117x
======[Agent] Wallclock_time = 2025-06-09 16:16:01.330762 / 340.136875 / Sim_time = 111.65000166371465 / 0.32824924793722154x
======[Agent] Wallclock_time = 2025-06-09 16:16:01.480351 / 340.286464 / Sim_time = 111.7000016644597 / 0.3282518854836795x
======[Agent] Wallclock_time = 2025-06-09 16:16:01.637774 / 340.443887 / Sim_time = 111.75000166520476 / 0.32824696722557845x
======[Agent] Wallclock_time = 2025-06-09 16:16:01.819233 / 340.625346 / Sim_time = 111.80000166594982 / 0.32821889140057836x
======[Agent] Wallclock_time = 2025-06-09 16:16:01.968008 / 340.774121 / Sim_time = 111.85000166669488 / 0.3282223225054475x
======[Agent] Wallclock_time = 2025-06-09 16:16:02.130036 / 340.936149 / Sim_time = 111.90000166743994 / 0.32821299173660873x
======[Agent] Wallclock_time = 2025-06-09 16:16:02.283536 / 341.089649 / Sim_time = 111.950001668185 / 0.3282118756301203x
======[Agent] Wallclock_time = 2025-06-09 16:16:02.442036 / 341.248149 / Sim_time = 112.00000166893005 / 0.3282059515668713x
======[Agent] Wallclock_time = 2025-06-09 16:16:02.621021 / 341.427134 / Sim_time = 112.05000166967511 / 0.32818034166356985x
======[Agent] Wallclock_time = 2025-06-09 16:16:02.791448 / 341.597561 / Sim_time = 112.10000167042017 / 0.32816297979200265x
======[Agent] Wallclock_time = 2025-06-09 16:16:02.948499 / 341.754612 / Sim_time = 112.15000167116523 / 0.32815847855386565x
======[Agent] Wallclock_time = 2025-06-09 16:16:03.121469 / 341.927582 / Sim_time = 112.20000167191029 / 0.3281387037481128x
======[Agent] Wallclock_time = 2025-06-09 16:16:03.321049 / 342.127162 / Sim_time = 112.25000167265534 / 0.3280934285458072x
======[Agent] Wallclock_time = 2025-06-09 16:16:03.484503 / 342.290616 / Sim_time = 112.3000016734004 / 0.32808282886309553x
======[Agent] Wallclock_time = 2025-06-09 16:16:03.649423 / 342.455536 / Sim_time = 112.35000167414546 / 0.32807083487565697x
======[Agent] Wallclock_time = 2025-06-09 16:16:03.813216 / 342.619329 / Sim_time = 112.40000167489052 / 0.3280599315369011x
======[Agent] Wallclock_time = 2025-06-09 16:16:03.984985 / 342.791098 / Sim_time = 112.45000167563558 / 0.3280414056558433x
======[Agent] Wallclock_time = 2025-06-09 16:16:04.169813 / 342.975926 / Sim_time = 112.50000167638063 / 0.3280104087129775x
======[Agent] Wallclock_time = 2025-06-09 16:16:04.330859 / 343.136972 / Sim_time = 112.55000167712569 / 0.3280021765621605x
======[Agent] Wallclock_time = 2025-06-09 16:16:04.495869 / 343.301982 / Sim_time = 112.60000167787075 / 0.3279901649029974x
======[Agent] Wallclock_time = 2025-06-09 16:16:04.641944 / 343.448057 / Sim_time = 112.65000167861581 / 0.32799624684546974x
======[Agent] Wallclock_time = 2025-06-09 16:16:04.811212 / 343.617325 / Sim_time = 112.70000167936087 / 0.3279801846405045x
======[Agent] Wallclock_time = 2025-06-09 16:16:04.965267 / 343.77138 / Sim_time = 112.75000168010592 / 0.3279786516883815x
======[Agent] Wallclock_time = 2025-06-09 16:16:05.135719 / 343.941832 / Sim_time = 112.80000168085098 / 0.32796148425285687x
======[Agent] Wallclock_time = 2025-06-09 16:16:05.306167 / 344.11228 / Sim_time = 112.85000168159604 / 0.32794433763671094x
======[Agent] Wallclock_time = 2025-06-09 16:16:05.473228 / 344.279341 / Sim_time = 112.9000016823411 / 0.3279304341177619x
======[Agent] Wallclock_time = 2025-06-09 16:16:05.626202 / 344.432315 / Sim_time = 112.95000168308616 / 0.3279299555650886x
======[Agent] Wallclock_time = 2025-06-09 16:16:05.791221 / 344.597334 / Sim_time = 113.00000168383121 / 0.32791801507615886x
======[Agent] Wallclock_time = 2025-06-09 16:16:05.951424 / 344.757537 / Sim_time = 113.05000168457627 / 0.3279106666025105x
======[Agent] Wallclock_time = 2025-06-09 16:16:06.123968 / 344.930081 / Sim_time = 113.10000168532133 / 0.3278915931769029x
======[Agent] Wallclock_time = 2025-06-09 16:16:06.286239 / 345.092352 / Sim_time = 113.15000168606639 / 0.3278822991816614x
======[Agent] Wallclock_time = 2025-06-09 16:16:06.453161 / 345.259274 / Sim_time = 113.20000168681145 / 0.32786859714654415x
======[Agent] Wallclock_time = 2025-06-09 16:16:06.618576 / 345.424689 / Sim_time = 113.2500016875565 / 0.32785633869737035x
======[Agent] Wallclock_time = 2025-06-09 16:16:06.793067 / 345.59918 / Sim_time = 113.30000168830156 / 0.327835482285633x
======[Agent] Wallclock_time = 2025-06-09 16:16:06.958948 / 345.765061 / Sim_time = 113.35000168904662 / 0.32782280991148705x
======[Agent] Wallclock_time = 2025-06-09 16:16:07.115373 / 345.921486 / Sim_time = 113.40000168979168 / 0.32781911057898583x
======[Agent] Wallclock_time = 2025-06-09 16:16:07.268599 / 346.074712 / Sim_time = 113.45000169053674 / 0.3278184447989715x
======[Agent] Wallclock_time = 2025-06-09 16:16:07.442027 / 346.24814 / Sim_time = 113.5000016912818 / 0.32779865299097005x
======[Agent] Wallclock_time = 2025-06-09 16:16:07.597436 / 346.403549 / Sim_time = 113.55000169202685 / 0.3277959311441573x
======[Agent] Wallclock_time = 2025-06-09 16:16:07.773226 / 346.579339 / Sim_time = 113.60000169277191 / 0.3277739355340982x
======[Agent] Wallclock_time = 2025-06-09 16:16:07.961609 / 346.767722 / Sim_time = 113.65000169351697 / 0.327740059824418x
======[Agent] Wallclock_time = 2025-06-09 16:16:08.131546 / 346.937659 / Sim_time = 113.70000169426203 / 0.3277236443525368x
======[Agent] Wallclock_time = 2025-06-09 16:16:08.298151 / 347.104264 / Sim_time = 113.75000169500709 / 0.3277103907447716x
======[Agent] Wallclock_time = 2025-06-09 16:16:08.474934 / 347.281047 / Sim_time = 113.80000169575214 / 0.32768754584008813x
======[Agent] Wallclock_time = 2025-06-09 16:16:08.660236 / 347.466349 / Sim_time = 113.8500016964972 / 0.32765669069094955x
======[Agent] Wallclock_time = 2025-06-09 16:16:08.823199 / 347.629312 / Sim_time = 113.90000169724226 / 0.327646921932522x
======[Agent] Wallclock_time = 2025-06-09 16:16:09.009016 / 347.815129 / Sim_time = 113.95000169798732 / 0.32761563423065787x
======[Agent] Wallclock_time = 2025-06-09 16:16:09.181246 / 347.987359 / Sim_time = 114.00000169873238 / 0.3275971702798609x
======[Agent] Wallclock_time = 2025-06-09 16:16:09.366497 / 348.17261 / Sim_time = 114.05000169947743 / 0.32756647380448345x
======[Agent] Wallclock_time = 2025-06-09 16:16:09.533182 / 348.339295 / Sim_time = 114.10000170022249 / 0.3275532671298407x
======[Agent] Wallclock_time = 2025-06-09 16:16:09.707789 / 348.513902 / Sim_time = 114.15000170096755 / 0.3275326278615414x
======[Agent] Wallclock_time = 2025-06-09 16:16:09.859085 / 348.665198 / Sim_time = 114.20000170171261 / 0.32753390594436865x
======[Agent] Wallclock_time = 2025-06-09 16:16:10.033895 / 348.840008 / Sim_time = 114.25000170245767 / 0.32751310506033643x
======[Agent] Wallclock_time = 2025-06-09 16:16:10.199367 / 349.00548 / Sim_time = 114.30000170320272 / 0.32750108738153727x
======[Agent] Wallclock_time = 2025-06-09 16:16:10.349212 / 349.155325 / Sim_time = 114.35000170394778 / 0.32750373834398616x
======[Agent] Wallclock_time = 2025-06-09 16:16:10.504404 / 349.310517 / Sim_time = 114.40000170469284 / 0.3275013738086765x
======[Agent] Wallclock_time = 2025-06-09 16:16:10.663686 / 349.469799 / Sim_time = 114.4500017054379 / 0.3274951785182999x
======[Agent] Wallclock_time = 2025-06-09 16:16:10.826340 / 349.632453 / Sim_time = 114.50000170618296 / 0.3274858304424976x
======[Agent] Wallclock_time = 2025-06-09 16:16:10.988732 / 349.794845 / Sim_time = 114.55000170692801 / 0.3274767363429603x
======[Agent] Wallclock_time = 2025-06-09 16:16:11.161105 / 349.967218 / Sim_time = 114.60000170767307 / 0.32745831139350223x
======[Agent] Wallclock_time = 2025-06-09 16:16:11.322868 / 350.128981 / Sim_time = 114.65000170841813 / 0.32744982700701125x
======[Agent] Wallclock_time = 2025-06-09 16:16:11.488399 / 350.294512 / Sim_time = 114.70000170916319 / 0.32743782829042695x
======[Agent] Wallclock_time = 2025-06-09 16:16:11.641782 / 350.447895 / Sim_time = 114.75000170990825 / 0.32743719083465295x
======[Agent] Wallclock_time = 2025-06-09 16:16:11.813827 / 350.61994 / Sim_time = 114.8000017106533 / 0.3274191259388367x
======[Agent] Wallclock_time = 2025-06-09 16:16:11.982561 / 350.788674 / Sim_time = 114.85000171139836 / 0.32740416900469643x
======[Agent] Wallclock_time = 2025-06-09 16:16:12.143234 / 350.949347 / Sim_time = 114.90000171214342 / 0.32739674627574433x
======[Agent] Wallclock_time = 2025-06-09 16:16:12.306033 / 351.112146 / Sim_time = 114.95000171288848 / 0.32738734798864094x
======[Agent] Wallclock_time = 2025-06-09 16:16:12.464005 / 351.270118 / Sim_time = 115.00000171363354 / 0.32738245708442654x
======[Agent] Wallclock_time = 2025-06-09 16:16:12.615553 / 351.421666 / Sim_time = 115.0500017143786 / 0.3273835550333529x
======[Agent] Wallclock_time = 2025-06-09 16:16:12.804689 / 351.610802 / Sim_time = 115.10000171512365 / 0.3273496539661762x
======[Agent] Wallclock_time = 2025-06-09 16:16:12.960383 / 351.766496 / Sim_time = 115.15000171586871 / 0.3273469067644292x
======[Agent] Wallclock_time = 2025-06-09 16:16:13.135219 / 351.941332 / Sim_time = 115.20000171661377 / 0.3273263578778974x
======[Agent] Wallclock_time = 2025-06-09 16:16:13.325280 / 352.131393 / Sim_time = 115.25000171735883 / 0.32729167781323326x
======[Agent] Wallclock_time = 2025-06-09 16:16:13.489376 / 352.295489 / Sim_time = 115.30000171810389 / 0.32728115470405356x
======[Agent] Wallclock_time = 2025-06-09 16:16:13.655193 / 352.461306 / Sim_time = 115.35000171884894 / 0.3272690433990662x
======[Agent] Wallclock_time = 2025-06-09 16:16:13.837389 / 352.643502 / Sim_time = 115.400001719594 / 0.3272417436401547x
======[Agent] Wallclock_time = 2025-06-09 16:16:14.007032 / 352.813145 / Sim_time = 115.45000172033906 / 0.32722611424873305x
======[Agent] Wallclock_time = 2025-06-09 16:16:14.170408 / 352.976521 / Sim_time = 115.50000172108412 / 0.3272163093951927x
======[Agent] Wallclock_time = 2025-06-09 16:16:14.338603 / 353.144716 / Sim_time = 115.55000172182918 / 0.32720204857823953x
======[Agent] Wallclock_time = 2025-06-09 16:16:14.475390 / 353.281503 / Sim_time = 115.60000172257423 / 0.3272168894324615x
======[Agent] Wallclock_time = 2025-06-09 16:16:14.647089 / 353.453202 / Sim_time = 115.65000172331929 / 0.32719939689193256x
======[Agent] Wallclock_time = 2025-06-09 16:16:14.810623 / 353.616736 / Sim_time = 115.70000172406435 / 0.3271894759375541x
======[Agent] Wallclock_time = 2025-06-09 16:16:14.974949 / 353.781062 / Sim_time = 115.75000172480941 / 0.3271788317091368x
======[Agent] Wallclock_time = 2025-06-09 16:16:15.137699 / 353.943812 / Sim_time = 115.80000172555447 / 0.3271696541367994x
======[Agent] Wallclock_time = 2025-06-09 16:16:15.309783 / 354.115896 / Sim_time = 115.85000172629952 / 0.3271518615319037x
======[Agent] Wallclock_time = 2025-06-09 16:16:15.466183 / 354.272296 / Sim_time = 115.90000172704458 / 0.3271485687339093x
======[Agent] Wallclock_time = 2025-06-09 16:16:15.601845 / 354.407958 / Sim_time = 115.95000172778964 / 0.3271644215262461x
======[Agent] Wallclock_time = 2025-06-09 16:16:15.758555 / 354.564668 / Sim_time = 116.0000017285347 / 0.3271608398603745x
======[Agent] Wallclock_time = 2025-06-09 16:16:15.922462 / 354.728575 / Sim_time = 116.05000172927976 / 0.32715062376538456x
======[Agent] Wallclock_time = 2025-06-09 16:16:16.081171 / 354.887284 / Sim_time = 116.10000173002481 / 0.32714520868777064x
======[Agent] Wallclock_time = 2025-06-09 16:16:16.249747 / 355.05586 / Sim_time = 116.15000173076987 / 0.32713070726409815x
======[Agent] Wallclock_time = 2025-06-09 16:16:16.400976 / 355.207089 / Sim_time = 116.20000173151493 / 0.3271321947049324x
======[Agent] Wallclock_time = 2025-06-09 16:16:16.559978 / 355.366091 / Sim_time = 116.25000173225999 / 0.32712652543355514x
======[Agent] Wallclock_time = 2025-06-09 16:16:16.721457 / 355.52757 / Sim_time = 116.30000173300505 / 0.32711858215221645x
======[Agent] Wallclock_time = 2025-06-09 16:16:16.870849 / 355.676962 / Sim_time = 116.3500017337501 / 0.3271217622804252x
======[Agent] Wallclock_time = 2025-06-09 16:16:17.029800 / 355.835913 / Sim_time = 116.40000173449516 / 0.3271161520404016x
======[Agent] Wallclock_time = 2025-06-09 16:16:17.166765 / 355.972878 / Sim_time = 116.45000173524022 / 0.3271307501255478x
======[Agent] Wallclock_time = 2025-06-09 16:16:17.314731 / 356.120844 / Sim_time = 116.50000173598528 / 0.3271352310979983x
======[Agent] Wallclock_time = 2025-06-09 16:16:17.465980 / 356.272093 / Sim_time = 116.55000173673034 / 0.3271366938078884x
======[Agent] Wallclock_time = 2025-06-09 16:16:17.613519 / 356.419632 / Sim_time = 116.6000017374754 / 0.32714156047362436x
======[Agent] Wallclock_time = 2025-06-09 16:16:17.768421 / 356.574534 / Sim_time = 116.65000173822045 / 0.3271396677995873x
======[Agent] Wallclock_time = 2025-06-09 16:16:17.919435 / 356.725548 / Sim_time = 116.70000173896551 / 0.3271413422781349x
======[Agent] Wallclock_time = 2025-06-09 16:16:18.074735 / 356.880848 / Sim_time = 116.75000173971057 / 0.3271390864903574x
======[Agent] Wallclock_time = 2025-06-09 16:16:18.239728 / 357.045841 / Sim_time = 116.80000174045563 / 0.3271279516528635x
======[Agent] Wallclock_time = 2025-06-09 16:16:18.384677 / 357.19079 / Sim_time = 116.85000174120069 / 0.3271351834296099x
======[Agent] Wallclock_time = 2025-06-09 16:16:18.547368 / 357.353481 / Sim_time = 116.90000174194574 / 0.32712616731381006x
======[Agent] Wallclock_time = 2025-06-09 16:16:18.718050 / 357.524163 / Sim_time = 116.9500017426908 / 0.327109848049187x
======[Agent] Wallclock_time = 2025-06-09 16:16:18.881478 / 357.687591 / Sim_time = 117.00000174343586 / 0.32710017788472284x
======[Agent] Wallclock_time = 2025-06-09 16:16:19.030516 / 357.836629 / Sim_time = 117.05000174418092 / 0.32710367009552516x
======[Agent] Wallclock_time = 2025-06-09 16:16:19.202048 / 358.008161 / Sim_time = 117.10000174492598 / 0.32708660699586395x
======[Agent] Wallclock_time = 2025-06-09 16:16:19.346097 / 358.15221 / Sim_time = 117.15000174567103 / 0.3270946580254608x
======[Agent] Wallclock_time = 2025-06-09 16:16:19.503039 / 358.309152 / Sim_time = 117.20000174641609 / 0.327090932512613x
======[Agent] Wallclock_time = 2025-06-09 16:16:19.649750 / 358.455863 / Sim_time = 117.25000174716115 / 0.32709654591593396x
======[Agent] Wallclock_time = 2025-06-09 16:16:19.829071 / 358.635184 / Sim_time = 117.30000174790621 / 0.3270724120461482x
======[Agent] Wallclock_time = 2025-06-09 16:16:19.998567 / 358.80468 / Sim_time = 117.35000174865127 / 0.32705725770186045x
======[Agent] Wallclock_time = 2025-06-09 16:16:20.150217 / 358.95633 / Sim_time = 117.40000174939632 / 0.32705837696473933x
======[Agent] Wallclock_time = 2025-06-09 16:16:20.325339 / 359.131452 / Sim_time = 117.45000175014138 / 0.32703811949063677x
======[Agent] Wallclock_time = 2025-06-09 16:16:20.475614 / 359.281727 / Sim_time = 117.50000175088644 / 0.3270404974155255x
======[Agent] Wallclock_time = 2025-06-09 16:16:20.630158 / 359.436271 / Sim_time = 117.5500017516315 / 0.32703898909701967x
======[Agent] Wallclock_time = 2025-06-09 16:16:20.802673 / 359.608786 / Sim_time = 117.60000175237656 / 0.32702113883067846x
======[Agent] Wallclock_time = 2025-06-09 16:16:20.974974 / 359.781087 / Sim_time = 117.65000175312161 / 0.3270035001857155x
======[Agent] Wallclock_time = 2025-06-09 16:16:21.166005 / 359.972118 / Sim_time = 117.70000175386667 / 0.326968864808029x
======[Agent] Wallclock_time = 2025-06-09 16:16:21.333795 / 360.139908 / Sim_time = 117.75000175461173 / 0.326955364244852x
======[Agent] Wallclock_time = 2025-06-09 16:16:21.502421 / 360.308534 / Sim_time = 117.80000175535679 / 0.3269411176762167x
======[Agent] Wallclock_time = 2025-06-09 16:16:21.657279 / 360.463392 / Sim_time = 117.85000175610185 / 0.32693937146530094x
======[Agent] Wallclock_time = 2025-06-09 16:16:21.831900 / 360.638013 / Sim_time = 117.9000017568469 / 0.3269197105884019x
======[Agent] Wallclock_time = 2025-06-09 16:16:21.976125 / 360.782238 / Sim_time = 117.95000175759196 / 0.32692761008368126x
======[Agent] Wallclock_time = 2025-06-09 16:16:22.116012 / 360.922125 / Sim_time = 118.00000175833702 / 0.3269394327624118x
======[Agent] Wallclock_time = 2025-06-09 16:16:22.269574 / 361.075687 / Sim_time = 118.05000175908208 / 0.3269388637075926x
======[Agent] Wallclock_time = 2025-06-09 16:16:22.423256 / 361.229369 / Sim_time = 118.10000175982714 / 0.3269381865283512x
======[Agent] Wallclock_time = 2025-06-09 16:16:22.564057 / 361.37017 / Sim_time = 118.1500017605722 / 0.32694916354443054x
======[Agent] Wallclock_time = 2025-06-09 16:16:22.741251 / 361.547364 / Sim_time = 118.20000176131725 / 0.3269272206174808x
======[Agent] Wallclock_time = 2025-06-09 16:16:22.889200 / 361.695313 / Sim_time = 118.25000176206231 / 0.3269317311566356x
======[Agent] Wallclock_time = 2025-06-09 16:16:23.024377 / 361.83049 / Sim_time = 118.30000176280737 / 0.32694777826774385x
======[Agent] Wallclock_time = 2025-06-09 16:16:23.173061 / 361.979174 / Sim_time = 118.35000176355243 / 0.3269516130006403x
======[Agent] Wallclock_time = 2025-06-09 16:16:23.322522 / 362.128635 / Sim_time = 118.40000176429749 / 0.3269547430557499x
======[Agent] Wallclock_time = 2025-06-09 16:16:23.483685 / 362.289798 / Sim_time = 118.45000176504254 / 0.3269473097824653x
======[Agent] Wallclock_time = 2025-06-09 16:16:23.646732 / 362.452845 / Sim_time = 118.5000017657876 / 0.32693818371767475x
======[Agent] Wallclock_time = 2025-06-09 16:16:23.783651 / 362.589764 / Sim_time = 118.55000176653266 / 0.32695262410636766x
======[Agent] Wallclock_time = 2025-06-09 16:16:23.937477 / 362.74359 / Sim_time = 118.60000176727772 / 0.3269518141325767x
======[Agent] Wallclock_time = 2025-06-09 16:16:24.094121 / 362.900234 / Sim_time = 118.65000176802278 / 0.3269484660061056x
======[Agent] Wallclock_time = 2025-06-09 16:16:24.248661 / 363.054774 / Sim_time = 118.70000176876783 / 0.32694701549841715x
======[Agent] Wallclock_time = 2025-06-09 16:16:24.401565 / 363.207678 / Sim_time = 118.75000176951289 / 0.32694703888521326x
======[Agent] Wallclock_time = 2025-06-09 16:16:24.544237 / 363.35035 / Sim_time = 118.80000177025795 / 0.3269562691049805x
======[Agent] Wallclock_time = 2025-06-09 16:16:24.697471 / 363.503584 / Sim_time = 118.85000177100301 / 0.32695599175993617x
======[Agent] Wallclock_time = 2025-06-09 16:16:24.848039 / 363.654152 / Sim_time = 118.90000177174807 / 0.326958111600597x
======[Agent] Wallclock_time = 2025-06-09 16:16:25.006197 / 363.81231 / Sim_time = 118.95000177249312 / 0.32695340852838267x
======[Agent] Wallclock_time = 2025-06-09 16:16:25.171461 / 363.977574 / Sim_time = 119.00000177323818 / 0.3269423264822126x
======[Agent] Wallclock_time = 2025-06-09 16:16:25.339831 / 364.145944 / Sim_time = 119.05000177398324 / 0.32692846592715946x
======[Agent] Wallclock_time = 2025-06-09 16:16:25.512493 / 364.318606 / Sim_time = 119.1000017747283 / 0.32691076684664705x
======[Agent] Wallclock_time = 2025-06-09 16:16:25.650028 / 364.456141 / Sim_time = 119.15000177547336 / 0.3269245910466969x
======[Agent] Wallclock_time = 2025-06-09 16:16:25.799224 / 364.605337 / Sim_time = 119.20000177621841 / 0.3269279485293708x
======[Agent] Wallclock_time = 2025-06-09 16:16:25.953143 / 364.759256 / Sim_time = 119.25000177696347 / 0.3269270700834344x
======[Agent] Wallclock_time = 2025-06-09 16:16:26.118627 / 364.92474 / Sim_time = 119.30000177770853 / 0.32691583163661886x
======[Agent] Wallclock_time = 2025-06-09 16:16:26.277546 / 365.083659 / Sim_time = 119.35000177845359 / 0.32691048181910487x
======[Agent] Wallclock_time = 2025-06-09 16:16:26.448037 / 365.25415 / Sim_time = 119.40000177919865 / 0.3268947796607349x
======[Agent] Wallclock_time = 2025-06-09 16:16:26.608697 / 365.41481 / Sim_time = 119.4500017799437 / 0.3268878863778327x
======[Agent] Wallclock_time = 2025-06-09 16:16:26.765684 / 365.571797 / Sim_time = 119.50000178068876 / 0.3268842834076868x
======[Agent] Wallclock_time = 2025-06-09 16:16:26.945016 / 365.751129 / Sim_time = 119.55000178143382 / 0.3268607133150381x
======[Agent] Wallclock_time = 2025-06-09 16:16:27.084320 / 365.890433 / Sim_time = 119.60000178217888 / 0.3268729218434007x
======[Agent] Wallclock_time = 2025-06-09 16:16:27.231224 / 366.037337 / Sim_time = 119.65000178292394 / 0.32687833401156546x
======[Agent] Wallclock_time = 2025-06-09 16:16:27.418598 / 366.224711 / Sim_time = 119.700001783669 / 0.3268476193460622x
======[Agent] Wallclock_time = 2025-06-09 16:16:27.577768 / 366.383881 / Sim_time = 119.75000178441405 / 0.3268420941867797x
======[Agent] Wallclock_time = 2025-06-09 16:16:27.717246 / 366.523359 / Sim_time = 119.80000178515911 / 0.32685413354794x
======[Agent] Wallclock_time = 2025-06-09 16:16:27.867133 / 366.673246 / Sim_time = 119.85000178590417 / 0.32685688480533254x
======[Agent] Wallclock_time = 2025-06-09 16:16:28.023323 / 366.829436 / Sim_time = 119.90000178664923 / 0.32685401760569627x
======[Agent] Wallclock_time = 2025-06-09 16:16:28.160554 / 366.966667 / Sim_time = 119.95000178739429 / 0.3268680392689591x
======[Agent] Wallclock_time = 2025-06-09 16:16:28.306980 / 367.113093 / Sim_time = 120.00000178813934 / 0.3268738631293551x
======[Agent] Wallclock_time = 2025-06-09 16:16:28.463771 / 367.269884 / Sim_time = 120.0500017888844 / 0.3268704572532475x
======[Agent] Wallclock_time = 2025-06-09 16:16:28.618617 / 367.42473 / Sim_time = 120.10000178962946 / 0.3268687845830216x
======[Agent] Wallclock_time = 2025-06-09 16:16:28.773888 / 367.580001 / Sim_time = 120.15000179037452 / 0.3268667353957571x
======[Agent] Wallclock_time = 2025-06-09 16:16:28.941697 / 367.74781 / Sim_time = 120.20000179111958 / 0.326853543839121x
======[Agent] Wallclock_time = 2025-06-09 16:16:29.101629 / 367.907742 / Sim_time = 120.25000179186463 / 0.3268473620337748x
======[Agent] Wallclock_time = 2025-06-09 16:16:29.264032 / 368.070145 / Sim_time = 120.30000179260969 / 0.3268389913928452x
======[Agent] Wallclock_time = 2025-06-09 16:16:29.437165 / 368.243278 / Sim_time = 120.35000179335475 / 0.32682110485734356x
======[Agent] Wallclock_time = 2025-06-09 16:16:29.598928 / 368.405041 / Sim_time = 120.40000179409981 / 0.32681332115859585x
======[Agent] Wallclock_time = 2025-06-09 16:16:29.762680 / 368.568793 / Sim_time = 120.45000179484487 / 0.3268037806745733x
======[Agent] Wallclock_time = 2025-06-09 16:16:29.929272 / 368.735385 / Sim_time = 120.50000179558992 / 0.32679173170174114x
======[Agent] Wallclock_time = 2025-06-09 16:16:30.085338 / 368.891451 / Sim_time = 120.55000179633498 / 0.32678901796321924x
======[Agent] Wallclock_time = 2025-06-09 16:16:30.259852 / 369.065965 / Sim_time = 120.60000179708004 / 0.326769971940133x
======[Agent] Wallclock_time = 2025-06-09 16:16:30.435975 / 369.242088 / Sim_time = 120.6500017978251 / 0.32674952008262126x
======[Agent] Wallclock_time = 2025-06-09 16:16:30.587960 / 369.394073 / Sim_time = 120.70000179857016 / 0.3267504377313938x
======[Agent] Wallclock_time = 2025-06-09 16:16:30.778817 / 369.58493 / Sim_time = 120.75000179931521 / 0.3267169878445189x
======[Agent] Wallclock_time = 2025-06-09 16:16:31.010346 / 369.816459 / Sim_time = 120.80000180006027 / 0.32664764429107246x
======[Agent] Wallclock_time = 2025-06-09 16:16:31.188978 / 369.995091 / Sim_time = 120.85000180080533 / 0.32662507723846557x
======[Agent] Wallclock_time = 2025-06-09 16:16:31.368953 / 370.175066 / Sim_time = 120.90000180155039 / 0.3266013470507583x
======[Agent] Wallclock_time = 2025-06-09 16:16:31.545169 / 370.351282 / Sim_time = 120.95000180229545 / 0.3265809546228081x
======[Agent] Wallclock_time = 2025-06-09 16:16:31.712752 / 370.518865 / Sim_time = 121.0000018030405 / 0.326568190353412x
======[Agent] Wallclock_time = 2025-06-09 16:16:31.876212 / 370.682325 / Sim_time = 121.05000180378556 / 0.3265590698038159x
======[Agent] Wallclock_time = 2025-06-09 16:16:32.041208 / 370.847321 / Sim_time = 121.10000180453062 / 0.32654860477184317x
======[Agent] Wallclock_time = 2025-06-09 16:16:32.211742 / 371.017855 / Sim_time = 121.15000180527568 / 0.3265332749875358x
======[Agent] Wallclock_time = 2025-06-09 16:16:32.369139 / 371.175252 / Sim_time = 121.20000180602074 / 0.3265295157030163x
======[Agent] Wallclock_time = 2025-06-09 16:16:32.541221 / 371.347334 / Sim_time = 121.2500018067658 / 0.3265128471177302x
======[Agent] Wallclock_time = 2025-06-09 16:16:32.699286 / 371.505399 / Sim_time = 121.30000180751085 / 0.326508512730923x
======[Agent] Wallclock_time = 2025-06-09 16:16:32.879483 / 371.685596 / Sim_time = 121.35000180825591 / 0.3264847404081688x
======[Agent] Wallclock_time = 2025-06-09 16:16:33.044230 / 371.850343 / Sim_time = 121.40000180900097 / 0.3264745552068666x
======[Agent] Wallclock_time = 2025-06-09 16:16:33.225118 / 372.031231 / Sim_time = 121.45000180974603 / 0.32645021503458405x
======[Agent] Wallclock_time = 2025-06-09 16:16:33.397805 / 372.203918 / Sim_time = 121.50000181049109 / 0.326433090845111x
======[Agent] Wallclock_time = 2025-06-09 16:16:33.562118 / 372.368231 / Sim_time = 121.55000181123614 / 0.32642332312155015x
======[Agent] Wallclock_time = 2025-06-09 16:16:33.736125 / 372.542238 / Sim_time = 121.6000018119812 / 0.3264050703612052x
======[Agent] Wallclock_time = 2025-06-09 16:16:33.888567 / 372.69468 / Sim_time = 121.65000181272626 / 0.32640572011118096x
======[Agent] Wallclock_time = 2025-06-09 16:16:34.055889 / 372.862002 / Sim_time = 121.70000181347132 / 0.3263933432941446x
======[Agent] Wallclock_time = 2025-06-09 16:16:34.229460 / 373.035573 / Sim_time = 121.75000181421638 / 0.32637551014124394x
======[Agent] Wallclock_time = 2025-06-09 16:16:34.390508 / 373.196621 / Sim_time = 121.80000181496143 / 0.3263686448177049x
======[Agent] Wallclock_time = 2025-06-09 16:16:34.565771 / 373.371884 / Sim_time = 121.85000181570649 / 0.32634936021681343x
======[Agent] Wallclock_time = 2025-06-09 16:16:34.718773 / 373.524886 / Sim_time = 121.90000181645155 / 0.32634954198716914x
======[Agent] Wallclock_time = 2025-06-09 16:16:34.869316 / 373.675429 / Sim_time = 121.95000181719661 / 0.32635187117246994x
======[Agent] Wallclock_time = 2025-06-09 16:16:35.049675 / 373.855788 / Sim_time = 122.00000181794167 / 0.32632817093036615x
======[Agent] Wallclock_time = 2025-06-09 16:16:35.218410 / 374.024523 / Sim_time = 122.05000181868672 / 0.3263146344659659x
======[Agent] Wallclock_time = 2025-06-09 16:16:35.386689 / 374.192802 / Sim_time = 122.10000181943178 / 0.32630150784654577x
======[Agent] Wallclock_time = 2025-06-09 16:16:35.550856 / 374.356969 / Sim_time = 122.15000182017684 / 0.3262919770252756x
======[Agent] Wallclock_time = 2025-06-09 16:16:35.735787 / 374.5419 / Sim_time = 122.2000018209219 / 0.32626436603369574x
======[Agent] Wallclock_time = 2025-06-09 16:16:35.914496 / 374.720609 / Sim_time = 122.25000182166696 / 0.3262421992366791x
======[Agent] Wallclock_time = 2025-06-09 16:16:36.071499 / 374.877612 / Sim_time = 122.30000182241201 / 0.3262389421736656x
======[Agent] Wallclock_time = 2025-06-09 16:16:36.234982 / 375.041095 / Sim_time = 122.35000182315707 / 0.32623005111774744x
======[Agent] Wallclock_time = 2025-06-09 16:16:36.385475 / 375.191588 / Sim_time = 122.40000182390213 / 0.3262324623105351x
======[Agent] Wallclock_time = 2025-06-09 16:16:36.566363 / 375.372476 / Sim_time = 122.45000182464719 / 0.3262084554547674x
======[Agent] Wallclock_time = 2025-06-09 16:16:36.735167 / 375.54128 / Sim_time = 122.50000182539225 / 0.32619496751575416x
======[Agent] Wallclock_time = 2025-06-09 16:16:36.903410 / 375.709523 / Sim_time = 122.5500018261373 / 0.32618197874148264x
======[Agent] Wallclock_time = 2025-06-09 16:16:37.058123 / 375.864236 / Sim_time = 122.60000182688236 / 0.3261807426821521x
======[Agent] Wallclock_time = 2025-06-09 16:16:37.219396 / 376.025509 / Sim_time = 122.65000182762742 / 0.32617381724974986x
======[Agent] Wallclock_time = 2025-06-09 16:16:37.385699 / 376.191812 / Sim_time = 122.70000182837248 / 0.3261625366419082x
======[Agent] Wallclock_time = 2025-06-09 16:16:37.546108 / 376.352221 / Sim_time = 122.75000182911754 / 0.32615637379948864x
======[Agent] Wallclock_time = 2025-06-09 16:16:37.693954 / 376.500067 / Sim_time = 122.8000018298626 / 0.3261610991128017x
======[Agent] Wallclock_time = 2025-06-09 16:16:37.876705 / 376.682818 / Sim_time = 122.85000183060765 / 0.3261355969122296x
======[Agent] Wallclock_time = 2025-06-09 16:16:38.059384 / 376.865497 / Sim_time = 122.90000183135271 / 0.326110181747869x
======[Agent] Wallclock_time = 2025-06-09 16:16:38.230304 / 377.036417 / Sim_time = 122.95000183209777 / 0.32609496110593655x
======[Agent] Wallclock_time = 2025-06-09 16:16:38.397399 / 377.203512 / Sim_time = 123.00000183284283 / 0.3260830608326415x
======[Agent] Wallclock_time = 2025-06-09 16:16:38.555841 / 377.361954 / Sim_time = 123.05000183358788 / 0.32607864796815184x
======[Agent] Wallclock_time = 2025-06-09 16:16:38.723792 / 377.529905 / Sim_time = 123.10000183433294 / 0.32606602586438044x
======[Agent] Wallclock_time = 2025-06-09 16:16:38.897830 / 377.703943 / Sim_time = 123.150001835078 / 0.32604816038925394x
======[Agent] Wallclock_time = 2025-06-09 16:16:39.054678 / 377.860791 / Sim_time = 123.20000183582306 / 0.3260451434101816x
======[Agent] Wallclock_time = 2025-06-09 16:16:39.209543 / 378.015656 / Sim_time = 123.25000183656812 / 0.32604383928672215x
======[Agent] Wallclock_time = 2025-06-09 16:16:39.358779 / 378.164892 / Sim_time = 123.30000183731318 / 0.32604738937511896x
======[Agent] Wallclock_time = 2025-06-09 16:16:39.494321 / 378.300434 / Sim_time = 123.35000183805823 / 0.32606273926537177x
======[Agent] Wallclock_time = 2025-06-09 16:16:39.668669 / 378.474782 / Sim_time = 123.40000183880329 / 0.32604464461824745x
======[Agent] Wallclock_time = 2025-06-09 16:16:39.839627 / 378.64574 / Sim_time = 123.45000183954835 / 0.3260294855293046x
======[Agent] Wallclock_time = 2025-06-09 16:16:39.980324 / 378.786437 / Sim_time = 123.50000184029341 / 0.32604038512579664x
======[Agent] Wallclock_time = 2025-06-09 16:16:40.148059 / 378.954172 / Sim_time = 123.55000184103847 / 0.32602801325809183x
======[Agent] Wallclock_time = 2025-06-09 16:16:40.304791 / 379.110904 / Sim_time = 123.60000184178352 / 0.3260251143202919x
======[Agent] Wallclock_time = 2025-06-09 16:16:40.450966 / 379.257079 / Sim_time = 123.65000184252858 / 0.3260312929089339x
======[Agent] Wallclock_time = 2025-06-09 16:16:40.607780 / 379.413893 / Sim_time = 123.70000184327364 / 0.3260283244687331x
======[Agent] Wallclock_time = 2025-06-09 16:16:40.778731 / 379.584844 / Sim_time = 123.7500018440187 / 0.3260132162463327x
======[Agent] Wallclock_time = 2025-06-09 16:16:40.953854 / 379.759967 / Sim_time = 123.80000184476376 / 0.3259945402571185x
======[Agent] Wallclock_time = 2025-06-09 16:16:41.125432 / 379.931545 / Sim_time = 123.85000184550881 / 0.3259789230362164x
======[Agent] Wallclock_time = 2025-06-09 16:16:41.283197 / 380.08931 / Sim_time = 123.90000184625387 / 0.325975165865854x
======[Agent] Wallclock_time = 2025-06-09 16:16:41.478624 / 380.284737 / Sim_time = 123.95000184699893 / 0.3259391288898088x
======[Agent] Wallclock_time = 2025-06-09 16:16:41.647656 / 380.453769 / Sim_time = 124.00000184774399 / 0.3259257392768915x
======[Agent] Wallclock_time = 2025-06-09 16:16:41.788149 / 380.594262 / Sim_time = 124.05000184848905 / 0.32593680014989007x
======[Agent] Wallclock_time = 2025-06-09 16:16:41.946552 / 380.752665 / Sim_time = 124.1000018492341 / 0.32593252083137303x
======[Agent] Wallclock_time = 2025-06-09 16:16:42.095873 / 380.901986 / Sim_time = 124.15000184997916 / 0.32593601629045554x
======[Agent] Wallclock_time = 2025-06-09 16:16:42.276247 / 381.08236 / Sim_time = 124.20000185072422 / 0.3259129494678651x
======[Agent] Wallclock_time = 2025-06-09 16:16:42.422820 / 381.228933 / Sim_time = 124.25000185146928 / 0.325918798856409x
======[Agent] Wallclock_time = 2025-06-09 16:16:42.589777 / 381.39589 / Sim_time = 124.30000185221434 / 0.32590722449838105x
======[Agent] Wallclock_time = 2025-06-09 16:16:42.753736 / 381.559849 / Sim_time = 124.3500018529594 / 0.32589822089676557x
======[Agent] Wallclock_time = 2025-06-09 16:16:42.945982 / 381.752095 / Sim_time = 124.40000185370445 / 0.3258650774100586x
======[Agent] Wallclock_time = 2025-06-09 16:16:43.095003 / 381.901116 / Sim_time = 124.45000185444951 / 0.32586884607481337x
======[Agent] Wallclock_time = 2025-06-09 16:16:43.244718 / 382.050831 / Sim_time = 124.50000185519457 / 0.32587201984956476x
======[Agent] Wallclock_time = 2025-06-09 16:16:43.395850 / 382.201963 / Sim_time = 124.55000185593963 / 0.32587398297050785x
======[Agent] Wallclock_time = 2025-06-09 16:16:43.540877 / 382.34699 / Sim_time = 124.60000185668468 / 0.32588114784305444x
======[Agent] Wallclock_time = 2025-06-09 16:16:43.689280 / 382.495393 / Sim_time = 124.65000185742974 / 0.3258854309181152x
======[Agent] Wallclock_time = 2025-06-09 16:16:43.827248 / 382.633361 / Sim_time = 124.7000018581748 / 0.3258985981611171x
======[Agent] Wallclock_time = 2025-06-09 16:16:43.969013 / 382.775126 / Sim_time = 124.75000185891986 / 0.32590852298588724x
======[Agent] Wallclock_time = 2025-06-09 16:16:44.107693 / 382.913806 / Sim_time = 124.80000185966492 / 0.3259210662636663x
======[Agent] Wallclock_time = 2025-06-09 16:16:44.255719 / 383.061832 / Sim_time = 124.85000186040998 / 0.32592564830307x
======[Agent] Wallclock_time = 2025-06-09 16:16:44.432945 / 383.239058 / Sim_time = 124.90000186115503 / 0.3259053933791938x
======[Agent] Wallclock_time = 2025-06-09 16:16:44.590098 / 383.396211 / Sim_time = 124.95000186190009 / 0.3259022191006499x
======[Agent] Wallclock_time = 2025-06-09 16:16:44.758129 / 383.564242 / Sim_time = 125.00000186264515 / 0.3258898048500577x
======[Agent] Wallclock_time = 2025-06-09 16:16:44.910682 / 383.716795 / Sim_time = 125.05000186339021 / 0.3258905463672599x
======[Agent] Wallclock_time = 2025-06-09 16:16:45.068465 / 383.874578 / Sim_time = 125.10000186413527 / 0.32588684728502126x
======[Agent] Wallclock_time = 2025-06-09 16:16:45.224482 / 384.030595 / Sim_time = 125.15000186488032 / 0.32588464984210563x
======[Agent] Wallclock_time = 2025-06-09 16:16:45.395739 / 384.201852 / Sim_time = 125.20000186562538 / 0.3258695275526622x
======[Agent] Wallclock_time = 2025-06-09 16:16:45.573211 / 384.379324 / Sim_time = 125.25000186637044 / 0.32584915003706183x
======[Agent] Wallclock_time = 2025-06-09 16:16:45.731011 / 384.537124 / Sim_time = 125.3000018671155 / 0.3258454599084576x
======[Agent] Wallclock_time = 2025-06-09 16:16:45.911762 / 384.717875 / Sim_time = 125.35000186786056 / 0.3258223342118594x
======[Agent] Wallclock_time = 2025-06-09 16:16:46.072977 / 384.87909 / Sim_time = 125.40000186860561 / 0.32581576736953477x
======[Agent] Wallclock_time = 2025-06-09 16:16:46.220695 / 385.026808 / Sim_time = 125.45000186935067 / 0.32582062714117177x
======[Agent] Wallclock_time = 2025-06-09 16:16:46.382480 / 385.188593 / Sim_time = 125.50000187009573 / 0.3258135841434733x
======[Agent] Wallclock_time = 2025-06-09 16:16:46.546878 / 385.352991 / Sim_time = 125.55000187084079 / 0.32580433783762425x
======[Agent] Wallclock_time = 2025-06-09 16:16:46.686217 / 385.49233 / Sim_time = 125.60000187158585 / 0.32581627773322525x
======[Agent] Wallclock_time = 2025-06-09 16:16:46.834615 / 385.640728 / Sim_time = 125.6500018723309 / 0.3258205550627833x
======[Agent] Wallclock_time = 2025-06-09 16:16:46.994159 / 385.800272 / Sim_time = 125.70000187307596 / 0.32581541585242874x
======[Agent] Wallclock_time = 2025-06-09 16:16:47.142391 / 385.948504 / Sim_time = 125.75000187382102 / 0.32581983023826094x
======[Agent] Wallclock_time = 2025-06-09 16:16:47.319593 / 386.125706 / Sim_time = 125.80000187456608 / 0.3257997955587306x
======[Agent] Wallclock_time = 2025-06-09 16:16:47.476572 / 386.282685 / Sim_time = 125.85000187531114 / 0.32579683471568605x
======[Agent] Wallclock_time = 2025-06-09 16:16:47.638585 / 386.444698 / Sim_time = 125.9000018760562 / 0.3257896323536152x
======[Agent] Wallclock_time = 2025-06-09 16:16:47.787354 / 386.593467 / Sim_time = 125.95000187680125 / 0.3257935967221209x
======[Agent] Wallclock_time = 2025-06-09 16:16:47.945241 / 386.751354 / Sim_time = 126.00000187754631 / 0.3257898770993552x
======[Agent] Wallclock_time = 2025-06-09 16:16:48.104913 / 386.911026 / Sim_time = 126.05000187829137 / 0.3257846575135697x
======[Agent] Wallclock_time = 2025-06-09 16:16:48.285375 / 387.091488 / Sim_time = 126.10000187903643 / 0.3257619452409431x
======[Agent] Wallclock_time = 2025-06-09 16:16:48.460028 / 387.266141 / Sim_time = 126.15000187978148 / 0.3257441402181382x
======[Agent] Wallclock_time = 2025-06-09 16:16:48.634553 / 387.440666 / Sim_time = 126.20000188052654 / 0.32572645885878093x
======[Agent] Wallclock_time = 2025-06-09 16:16:48.816166 / 387.622279 / Sim_time = 126.2500018812716 / 0.32570283757718177x
======[Agent] Wallclock_time = 2025-06-09 16:16:48.987752 / 387.793865 / Sim_time = 126.30000188201666 / 0.3256876593299312x
======[Agent] Wallclock_time = 2025-06-09 16:16:49.162418 / 387.968531 / Sim_time = 126.35000188276172 / 0.3256699090701577x
======[Agent] Wallclock_time = 2025-06-09 16:16:49.328422 / 388.134535 / Sim_time = 126.40000188350677 / 0.3256594423479076x
======[Agent] Wallclock_time = 2025-06-09 16:16:49.487253 / 388.293366 / Sim_time = 126.45000188425183 / 0.3256550003206893x
======[Agent] Wallclock_time = 2025-06-09 16:16:49.682276 / 388.488389 / Sim_time = 126.50000188499689 / 0.325620224044258x
======[Agent] Wallclock_time = 2025-06-09 16:16:49.845528 / 388.651641 / Sim_time = 126.55000188574195 / 0.32561209814535125x
======[Agent] Wallclock_time = 2025-06-09 16:16:50.025822 / 388.831935 / Sim_time = 126.60000188648701 / 0.325589708306183x
======[Agent] Wallclock_time = 2025-06-09 16:16:50.185611 / 388.991724 / Sim_time = 126.65000188723207 / 0.3255845008741914x
======[Agent] Wallclock_time = 2025-06-09 16:16:50.339827 / 389.14594 / Sim_time = 126.70000188797712 / 0.3255839603620605x
======[Agent] Wallclock_time = 2025-06-09 16:16:50.522035 / 389.328148 / Sim_time = 126.75000188872218 / 0.32556001147060837x
======[Agent] Wallclock_time = 2025-06-09 16:16:50.674075 / 389.480188 / Sim_time = 126.80000188946724 / 0.3255612999965155x
======[Agent] Wallclock_time = 2025-06-09 16:16:50.824855 / 389.630968 / Sim_time = 126.8500018902123 / 0.32556364032792173x
======[Agent] Wallclock_time = 2025-06-09 16:16:50.979029 / 389.785142 / Sim_time = 126.90000189095736 / 0.32556314403542175x
======[Agent] Wallclock_time = 2025-06-09 16:16:51.148449 / 389.954562 / Sim_time = 126.95000189170241 / 0.3255499196898297x
======[Agent] Wallclock_time = 2025-06-09 16:16:51.320693 / 390.126806 / Sim_time = 127.00000189244747 / 0.32553435038272427x
======[Agent] Wallclock_time = 2025-06-09 16:16:51.468057 / 390.27417 / Sim_time = 127.05000189319253 / 0.32553954660552076x
======[Agent] Wallclock_time = 2025-06-09 16:16:51.612961 / 390.419074 / Sim_time = 127.10000189393759 / 0.32554679013235777x
======[Agent] Wallclock_time = 2025-06-09 16:16:51.768272 / 390.574385 / Sim_time = 127.15000189468265 / 0.32554535379817306x
======[Agent] Wallclock_time = 2025-06-09 16:16:51.927781 / 390.733894 / Sim_time = 127.2000018954277 / 0.3255404210083876x
======[Agent] Wallclock_time = 2025-06-09 16:16:52.076767 / 390.88288 / Sim_time = 127.25000189617276 / 0.3255442559979009x
======[Agent] Wallclock_time = 2025-06-09 16:16:52.222274 / 391.028387 / Sim_time = 127.30000189691782 / 0.3255509844760538x
======[Agent] Wallclock_time = 2025-06-09 16:16:52.406086 / 391.212199 / Sim_time = 127.35000189766288 / 0.32552583149849934x
======[Agent] Wallclock_time = 2025-06-09 16:16:52.552451 / 391.358564 / Sim_time = 127.40000189840794 / 0.32553184748133035x
======[Agent] Wallclock_time = 2025-06-09 16:16:52.708848 / 391.514961 / Sim_time = 127.450001899153 / 0.32552951755433795x
======[Agent] Wallclock_time = 2025-06-09 16:16:52.867916 / 391.674029 / Sim_time = 127.50000189989805 / 0.32552496957853816x
======[Agent] Wallclock_time = 2025-06-09 16:16:53.018374 / 391.824487 / Sim_time = 127.55000190064311 / 0.32552757830335605x
======[Agent] Wallclock_time = 2025-06-09 16:16:53.182092 / 391.988205 / Sim_time = 127.60000190138817 / 0.3255191731654656x
======[Agent] Wallclock_time = 2025-06-09 16:16:53.338284 / 392.144397 / Sim_time = 127.65000190213323 / 0.32551702220320394x
======[Agent] Wallclock_time = 2025-06-09 16:16:53.489649 / 392.295762 / Sim_time = 127.70000190287828 / 0.32551887823860826x
======[Agent] Wallclock_time = 2025-06-09 16:16:53.652071 / 392.458184 / Sim_time = 127.75000190362334 / 0.32551156174147106x
======[Agent] Wallclock_time = 2025-06-09 16:16:53.813834 / 392.619947 / Sim_time = 127.8000019043684 / 0.32550479764486023x
======[Agent] Wallclock_time = 2025-06-09 16:16:53.960441 / 392.766554 / Sim_time = 127.85000190511346 / 0.3255105993432275x
======[Agent] Wallclock_time = 2025-06-09 16:16:54.127522 / 392.933635 / Sim_time = 127.90000190585852 / 0.325499435563522x
======[Agent] Wallclock_time = 2025-06-09 16:16:54.277840 / 393.083953 / Sim_time = 127.95000190660357 / 0.3255021616322301x
======[Agent] Wallclock_time = 2025-06-09 16:16:54.402967 / 393.20908 / Sim_time = 128.00000190734863 / 0.3255257390841777x
======[Agent] Wallclock_time = 2025-06-09 16:16:54.554152 / 393.360265 / Sim_time = 128.0500019080937 / 0.3255277357014135x
======[Agent] Wallclock_time = 2025-06-09 16:16:54.695691 / 393.501804 / Sim_time = 128.10000190883875 / 0.32553771054916997x
======[Agent] Wallclock_time = 2025-06-09 16:16:54.842514 / 393.648627 / Sim_time = 128.1500019095838 / 0.325543308363363x
======[Agent] Wallclock_time = 2025-06-09 16:16:54.981698 / 393.787811 / Sim_time = 128.20000191032887 / 0.325555217236299x
======[Agent] Wallclock_time = 2025-06-09 16:16:55.126814 / 393.932927 / Sim_time = 128.25000191107392 / 0.3255622151860861x
======[Agent] Wallclock_time = 2025-06-09 16:16:55.281599 / 394.087712 / Sim_time = 128.30000191181898 / 0.32556122011385846x
======[Agent] Wallclock_time = 2025-06-09 16:16:55.456593 / 394.262706 / Sim_time = 128.35000191256404 / 0.3255435383965169x
======[Agent] Wallclock_time = 2025-06-09 16:16:55.612171 / 394.418284 / Sim_time = 128.4000019133091 / 0.3255418969659432x
======[Agent] Wallclock_time = 2025-06-09 16:16:55.779150 / 394.585263 / Sim_time = 128.45000191405416 / 0.32553085081437355x
======[Agent] Wallclock_time = 2025-06-09 16:16:55.945626 / 394.751739 / Sim_time = 128.5000019147992 / 0.3255202287901015x
======[Agent] Wallclock_time = 2025-06-09 16:16:56.098828 / 394.904941 / Sim_time = 128.55000191554427 / 0.32552055709778316x
======[Agent] Wallclock_time = 2025-06-09 16:16:56.255343 / 395.061456 / Sim_time = 128.60000191628933 / 0.3255181553275448x
======[Agent] Wallclock_time = 2025-06-09 16:16:56.422178 / 395.228291 / Sim_time = 128.6500019170344 / 0.3255072557793658x
======[Agent] Wallclock_time = 2025-06-09 16:16:56.631342 / 395.437455 / Sim_time = 128.70000191777945 / 0.32546152325468564x
======[Agent] Wallclock_time = 2025-06-09 16:16:56.810442 / 395.616555 / Sim_time = 128.7500019185245 / 0.32544056827438944x
======[Agent] Wallclock_time = 2025-06-09 16:16:56.996497 / 395.80261 / Sim_time = 128.80000191926956 / 0.3254139140349669x
======[Agent] Wallclock_time = 2025-06-09 16:16:57.171613 / 395.977726 / Sim_time = 128.85000192001462 / 0.3253962737382377x
======[Agent] Wallclock_time = 2025-06-09 16:16:57.320218 / 396.126331 / Sim_time = 128.90000192075968 / 0.325400425149558x
======[Agent] Wallclock_time = 2025-06-09 16:16:57.508686 / 396.314799 / Sim_time = 128.95000192150474 / 0.3253718429769305x
======[Agent] Wallclock_time = 2025-06-09 16:16:57.677044 / 396.483157 / Sim_time = 129.0000019222498 / 0.32535978965295653x
======[Agent] Wallclock_time = 2025-06-09 16:16:57.844929 / 396.651042 / Sim_time = 129.05000192299485 / 0.32534813453196554x
======[Agent] Wallclock_time = 2025-06-09 16:16:58.006989 / 396.813102 / Sim_time = 129.1000019237399 / 0.3253412650232373x
======[Agent] Wallclock_time = 2025-06-09 16:16:58.197102 / 397.003215 / Sim_time = 129.15000192448497 / 0.3253114124354699x
======[Agent] Wallclock_time = 2025-06-09 16:16:58.379578 / 397.185691 / Sim_time = 129.20000192523003 / 0.32528784285279594x
======[Agent] Wallclock_time = 2025-06-09 16:16:58.538215 / 397.344328 / Sim_time = 129.25000192597508 / 0.3252838093668867x
======[Agent] Wallclock_time = 2025-06-09 16:16:58.706596 / 397.512709 / Sim_time = 129.30000192672014 / 0.32527180572461756x
======[Agent] Wallclock_time = 2025-06-09 16:16:58.884794 / 397.690907 / Sim_time = 129.3500019274652 / 0.32525178322893356x
======[Agent] Wallclock_time = 2025-06-09 16:16:59.047238 / 397.853351 / Sim_time = 129.40000192821026 / 0.32524465700316113x
======[Agent] Wallclock_time = 2025-06-09 16:16:59.201358 / 398.007471 / Sim_time = 129.45000192895532 / 0.32524433865367486x
======[Agent] Wallclock_time = 2025-06-09 16:16:59.391191 / 398.197304 / Sim_time = 129.50000192970037 / 0.32521485056274974x
======[Agent] Wallclock_time = 2025-06-09 16:16:59.548656 / 398.354769 / Sim_time = 129.55000193044543 / 0.32521181318813897x
======[Agent] Wallclock_time = 2025-06-09 16:16:59.691342 / 398.497455 / Sim_time = 129.6000019311905 / 0.32522083914024336x
======[Agent] Wallclock_time = 2025-06-09 16:16:59.876494 / 398.682607 / Sim_time = 129.65000193193555 / 0.32519521659674244x
======[Agent] Wallclock_time = 2025-06-09 16:17:00.057924 / 398.864037 / Sim_time = 129.7000019326806 / 0.3251726521537174x
======[Agent] Wallclock_time = 2025-06-09 16:17:00.204164 / 399.010277 / Sim_time = 129.75000193342566 / 0.3251787841911688x
======[Agent] Wallclock_time = 2025-06-09 16:17:00.378709 / 399.184822 / Sim_time = 129.80000193417072 / 0.3251618539051488x
======[Agent] Wallclock_time = 2025-06-09 16:17:00.565090 / 399.371203 / Sim_time = 129.85000193491578 / 0.325135302255665x
======[Agent] Wallclock_time = 2025-06-09 16:17:00.746419 / 399.552532 / Sim_time = 129.90000193566084 / 0.32511288608921834x
======[Agent] Wallclock_time = 2025-06-09 16:17:00.920174 / 399.726287 / Sim_time = 129.9500019364059 / 0.325096650047826x
======[Agent] Wallclock_time = 2025-06-09 16:17:01.072118 / 399.878231 / Sim_time = 130.00000193715096 / 0.3250981592918762x
======[Agent] Wallclock_time = 2025-06-09 16:17:01.234848 / 400.040961 / Sim_time = 130.050001937896 / 0.3250909019963934x
======[Agent] Wallclock_time = 2025-06-09 16:17:01.380735 / 400.186848 / Sim_time = 130.10000193864107 / 0.3250973326372496x
======[Agent] Wallclock_time = 2025-06-09 16:17:01.526073 / 400.332186 / Sim_time = 130.15000193938613 / 0.3251042044248266x
======[Agent] Wallclock_time = 2025-06-09 16:17:01.685346 / 400.491459 / Sim_time = 130.2000019401312 / 0.325099759094668x
======[Agent] Wallclock_time = 2025-06-09 16:17:01.839909 / 400.646022 / Sim_time = 130.25000194087625 / 0.3250991391142207x
======[Agent] Wallclock_time = 2025-06-09 16:17:01.991409 / 400.797522 / Sim_time = 130.3000019416213 / 0.3251010040940752x
======[Agent] Wallclock_time = 2025-06-09 16:17:02.125491 / 400.931604 / Sim_time = 130.35000194236636 / 0.3251169913394381x
======[Agent] Wallclock_time = 2025-06-09 16:17:02.273347 / 401.07946 / Sim_time = 130.40000194311142 / 0.3251218021020307x
======[Agent] Wallclock_time = 2025-06-09 16:17:02.411446 / 401.217559 / Sim_time = 130.45000194385648 / 0.3251345158832907x
======[Agent] Wallclock_time = 2025-06-09 16:17:02.546482 / 401.352595 / Sim_time = 130.50000194460154 / 0.32514970233317964x
======[Agent] Wallclock_time = 2025-06-09 16:17:02.703168 / 401.509281 / Sim_time = 130.5500019453466 / 0.32514734521915417x
======[Agent] Wallclock_time = 2025-06-09 16:17:02.857619 / 401.663732 / Sim_time = 130.60000194609165 / 0.32514679916207245x
======[Agent] Wallclock_time = 2025-06-09 16:17:03.020864 / 401.826977 / Sim_time = 130.6500019468367 / 0.3251391377032882x
======[Agent] Wallclock_time = 2025-06-09 16:17:03.171210 / 401.977323 / Sim_time = 130.70000194758177 / 0.3251419155444901x
======[Agent] Wallclock_time = 2025-06-09 16:17:03.307046 / 402.113159 / Sim_time = 130.75000194832683 / 0.3251564239207176x
======[Agent] Wallclock_time = 2025-06-09 16:17:03.477653 / 402.283766 / Sim_time = 130.80000194907188 / 0.32514281674059686x
======[Agent] Wallclock_time = 2025-06-09 16:17:03.613694 / 402.419807 / Sim_time = 130.85000194981694 / 0.3251571481238468x
======[Agent] Wallclock_time = 2025-06-09 16:17:03.779700 / 402.585813 / Sim_time = 130.900001950562 / 0.3251472669338576x
======[Agent] Wallclock_time = 2025-06-09 16:17:03.940957 / 402.74707 / Sim_time = 130.95000195130706 / 0.3251412277439519x
======[Agent] Wallclock_time = 2025-06-09 16:17:04.089378 / 402.895491 / Sim_time = 131.00000195205212 / 0.325145551967719x
======[Agent] Wallclock_time = 2025-06-09 16:17:04.280817 / 403.08693 / Sim_time = 131.05000195279717 / 0.3251151726443339x
======[Agent] Wallclock_time = 2025-06-09 16:17:04.428072 / 403.234185 / Sim_time = 131.10000195354223 / 0.3251204429334266x
======[Agent] Wallclock_time = 2025-06-09 16:17:04.588419 / 403.394532 / Sim_time = 131.1500019542873 / 0.32511515758257653x
======[Agent] Wallclock_time = 2025-06-09 16:17:04.748450 / 403.554563 / Sim_time = 131.20000195503235 / 0.32511013100575786x
======[Agent] Wallclock_time = 2025-06-09 16:17:04.913666 / 403.719779 / Sim_time = 131.2500019557774 / 0.32510093307775323x
======[Agent] Wallclock_time = 2025-06-09 16:17:05.046931 / 403.853044 / Sim_time = 131.30000195652246 / 0.3251174623783697x
======[Agent] Wallclock_time = 2025-06-09 16:17:05.191879 / 403.997992 / Sim_time = 131.35000195726752 / 0.3251245784228777x
======[Agent] Wallclock_time = 2025-06-09 16:17:05.368092 / 404.174205 / Sim_time = 131.40000195801258 / 0.3251065387794202x
======[Agent] Wallclock_time = 2025-06-09 16:17:05.530228 / 404.336341 / Sim_time = 131.45000195875764 / 0.3250998328120223x
======[Agent] Wallclock_time = 2025-06-09 16:17:05.688215 / 404.494328 / Sim_time = 131.5000019595027 / 0.32509646677427806x
======[Agent] Wallclock_time = 2025-06-09 16:17:05.850732 / 404.656845 / Sim_time = 131.55000196024776 / 0.3250894640637642x
======[Agent] Wallclock_time = 2025-06-09 16:17:05.989679 / 404.795792 / Sim_time = 131.6000019609928 / 0.3251013954700333x
======[Agent] Wallclock_time = 2025-06-09 16:17:06.157535 / 404.963648 / Sim_time = 131.65000196173787 / 0.3250901099933491x
======[Agent] Wallclock_time = 2025-06-09 16:17:06.290273 / 405.096386 / Sim_time = 131.70000196248293 / 0.32510701503880585x
======[Agent] Wallclock_time = 2025-06-09 16:17:06.425468 / 405.231581 / Sim_time = 131.750001963228 / 0.3251219377230381x
======[Agent] Wallclock_time = 2025-06-09 16:17:06.566966 / 405.373079 / Sim_time = 131.80000196397305 / 0.32513179503017275x
======[Agent] Wallclock_time = 2025-06-09 16:17:06.715218 / 405.521331 / Sim_time = 131.8500019647181 / 0.32513623020360405x
======[Agent] Wallclock_time = 2025-06-09 16:17:06.865168 / 405.671281 / Sim_time = 131.90000196546316 / 0.32513930121211104x
======[Agent] Wallclock_time = 2025-06-09 16:17:07.011805 / 405.817918 / Sim_time = 131.95000196620822 / 0.3251450243288269x
======[Agent] Wallclock_time = 2025-06-09 16:17:07.173926 / 405.980039 / Sim_time = 132.00000196695328 / 0.3251383421553175x
======[Agent] Wallclock_time = 2025-06-09 16:17:07.361871 / 406.167984 / Sim_time = 132.05000196769834 / 0.32511099362451157x
======[Agent] Wallclock_time = 2025-06-09 16:17:07.518695 / 406.324808 / Sim_time = 132.1000019684434 / 0.3251085689551952x
======[Agent] Wallclock_time = 2025-06-09 16:17:07.675914 / 406.482027 / Sim_time = 132.15000196918845 / 0.3251058302347971x
======[Agent] Wallclock_time = 2025-06-09 16:17:07.827376 / 406.633489 / Sim_time = 132.2000019699335 / 0.3251076963369271x
======[Agent] Wallclock_time = 2025-06-09 16:17:07.985054 / 406.791167 / Sim_time = 132.25000197067857 / 0.3251045932029428x
======[Agent] Wallclock_time = 2025-06-09 16:17:08.158856 / 406.964969 / Sim_time = 132.30000197142363 / 0.32508861194588884x
======[Agent] Wallclock_time = 2025-06-09 16:17:08.323193 / 407.129306 / Sim_time = 132.35000197216868 / 0.3250802016496622x
======[Agent] Wallclock_time = 2025-06-09 16:17:08.477203 / 407.283316 / Sim_time = 132.40000197291374 / 0.3250800405800889x
======[Agent] Wallclock_time = 2025-06-09 16:17:08.634386 / 407.440499 / Sim_time = 132.4500019736588 / 0.3250773480333647x
======[Agent] Wallclock_time = 2025-06-09 16:17:08.782248 / 407.588361 / Sim_time = 132.50000197440386 / 0.325082091567164x
======[Agent] Wallclock_time = 2025-06-09 16:17:08.967232 / 407.773345 / Sim_time = 132.55000197514892 / 0.3250572371715757x
======[Agent] Wallclock_time = 2025-06-09 16:17:09.148081 / 407.954194 / Sim_time = 132.60000197589397 / 0.32503569981730396x
======[Agent] Wallclock_time = 2025-06-09 16:17:09.308658 / 408.114771 / Sim_time = 132.65000197663903 / 0.3250303257127474x
======[Agent] Wallclock_time = 2025-06-09 16:17:09.473582 / 408.279695 / Sim_time = 132.7000019773841 / 0.32502149526659374x
======[Agent] Wallclock_time = 2025-06-09 16:17:09.624855 / 408.430968 / Sim_time = 132.75000197812915 / 0.32502353483292756x
======[Agent] Wallclock_time = 2025-06-09 16:17:09.784075 / 408.590188 / Sim_time = 132.8000019788742 / 0.32501925122005865x
======[Agent] Wallclock_time = 2025-06-09 16:17:09.966284 / 408.772397 / Sim_time = 132.85000197961926 / 0.3249966924330432x
======[Agent] Wallclock_time = 2025-06-09 16:17:10.136139 / 408.942252 / Sim_time = 132.90000198036432 / 0.3249839710776407x
======[Agent] Wallclock_time = 2025-06-09 16:17:10.321634 / 409.127747 / Sim_time = 132.95000198110938 / 0.32495883742217063x
======[Agent] Wallclock_time = 2025-06-09 16:17:10.491464 / 409.297577 / Sim_time = 133.00000198185444 / 0.3249461626685657x
======[Agent] Wallclock_time = 2025-06-09 16:17:10.666968 / 409.473081 / Sim_time = 133.0500019825995 / 0.32492899589070573x
======[Agent] Wallclock_time = 2025-06-09 16:17:10.821282 / 409.627395 / Sim_time = 133.10000198334455 / 0.32492865145089506x
======[Agent] Wallclock_time = 2025-06-09 16:17:11.001146 / 409.807259 / Sim_time = 133.1500019840896 / 0.32490804921549815x
======[Agent] Wallclock_time = 2025-06-09 16:17:11.171613 / 409.977726 / Sim_time = 133.20000198483467 / 0.3248949117053324x
======[Agent] Wallclock_time = 2025-06-09 16:17:11.365069 / 410.171182 / Sim_time = 133.25000198557973 / 0.3248635764030915x
======[Agent] Wallclock_time = 2025-06-09 16:17:11.512418 / 410.318531 / Sim_time = 133.3000019863248 / 0.32486877156799243x
======[Agent] Wallclock_time = 2025-06-09 16:17:11.669675 / 410.475788 / Sim_time = 133.35000198706985 / 0.324866121265473x
======[Agent] Wallclock_time = 2025-06-09 16:17:11.808317 / 410.61443 / Sim_time = 133.4000019878149 / 0.3248782004802277x
======[Agent] Wallclock_time = 2025-06-09 16:17:11.951607 / 410.75772 / Sim_time = 133.45000198855996 / 0.32488659519768676x
======[Agent] Wallclock_time = 2025-06-09 16:17:12.115516 / 410.921629 / Sim_time = 133.50000198930502 / 0.3248786816977778x
======[Agent] Wallclock_time = 2025-06-09 16:17:12.265393 / 411.071506 / Sim_time = 133.55000199005008 / 0.32488186400393826x
======[Agent] Wallclock_time = 2025-06-09 16:17:12.419846 / 411.225959 / Sim_time = 133.60000199079514 / 0.3248814287751868x
======[Agent] Wallclock_time = 2025-06-09 16:17:12.585031 / 411.391144 / Sim_time = 133.6500019915402 / 0.32487251869238465x
======[Agent] Wallclock_time = 2025-06-09 16:17:12.756162 / 411.562275 / Sim_time = 133.70000199228525 / 0.32485892234258573x
======[Agent] Wallclock_time = 2025-06-09 16:17:12.921385 / 411.727498 / Sim_time = 133.7500019930303 / 0.3248499985857921x
======[Agent] Wallclock_time = 2025-06-09 16:17:13.090807 / 411.89692 / Sim_time = 133.80000199377537 / 0.3248377704693808x
======[Agent] Wallclock_time = 2025-06-09 16:17:13.235319 / 412.041432 / Sim_time = 133.85000199452043 / 0.324845189717064x
======[Agent] Wallclock_time = 2025-06-09 16:17:13.411329 / 412.217442 / Sim_time = 133.90000199526548 / 0.3248277814685096x
======[Agent] Wallclock_time = 2025-06-09 16:17:13.566531 / 412.372644 / Sim_time = 133.95000199601054 / 0.32482677771717766x
======[Agent] Wallclock_time = 2025-06-09 16:17:13.712161 / 412.518274 / Sim_time = 134.0000019967556 / 0.324833311901823x
======[Agent] Wallclock_time = 2025-06-09 16:17:13.869399 / 412.675512 / Sim_time = 134.05000199750066 / 0.32483070419452575x
======[Agent] Wallclock_time = 2025-06-09 16:17:14.039585 / 412.845698 / Sim_time = 134.10000199824572 / 0.32481791097732293x
======[Agent] Wallclock_time = 2025-06-09 16:17:14.220185 / 413.026298 / Sim_time = 134.15000199899077 / 0.3247969387219311x
======[Agent] Wallclock_time = 2025-06-09 16:17:14.400493 / 413.206606 / Sim_time = 134.20000199973583 / 0.3247762143074778x
======[Agent] Wallclock_time = 2025-06-09 16:17:14.557513 / 413.363626 / Sim_time = 134.2500020004809 / 0.32477380394054545x
======[Agent] Wallclock_time = 2025-06-09 16:17:14.712858 / 413.518971 / Sim_time = 134.30000200122595 / 0.3247727109199907x
======[Agent] Wallclock_time = 2025-06-09 16:17:14.890767 / 413.69688 / Sim_time = 134.350002001971 / 0.32475390495588474x
======[Agent] Wallclock_time = 2025-06-09 16:17:15.055227 / 413.86134 / Sim_time = 134.40000200271606 / 0.32474566785350917x
======[Agent] Wallclock_time = 2025-06-09 16:17:15.221110 / 414.027223 / Sim_time = 134.45000200346112 / 0.3247363211842231x
======[Agent] Wallclock_time = 2025-06-09 16:17:15.375469 / 414.181582 / Sim_time = 134.50000200420618 / 0.32473601703561306x
======[Agent] Wallclock_time = 2025-06-09 16:17:15.526240 / 414.332353 / Sim_time = 134.55000200495124 / 0.3247385252254873x
======[Agent] Wallclock_time = 2025-06-09 16:17:15.688517 / 414.49463 / Sim_time = 134.6000020056963 / 0.32473201709194455x
======[Agent] Wallclock_time = 2025-06-09 16:17:15.860384 / 414.666497 / Sim_time = 134.65000200644135 / 0.3247180041372796x
======[Agent] Wallclock_time = 2025-06-09 16:17:16.008926 / 414.815039 / Sim_time = 134.7000020071864 / 0.3247222608168881x
======[Agent] Wallclock_time = 2025-06-09 16:17:16.174576 / 414.980689 / Sim_time = 134.75000200793147 / 0.32471312730121804x
======[Agent] Wallclock_time = 2025-06-09 16:17:16.340153 / 415.146266 / Sim_time = 134.80000200867653 / 0.3247040581707132x
======[Agent] Wallclock_time = 2025-06-09 16:17:16.503026 / 415.309139 / Sim_time = 134.8500020094216 / 0.3246971102947756x
======[Agent] Wallclock_time = 2025-06-09 16:17:16.660222 / 415.466335 / Sim_time = 134.90000201016665 / 0.3246946044751428x
======[Agent] Wallclock_time = 2025-06-09 16:17:16.818271 / 415.624384 / Sim_time = 134.9500020109117 / 0.3246914341760024x
======[Agent] Wallclock_time = 2025-06-09 16:17:16.963123 / 415.769236 / Sim_time = 135.00000201165676 / 0.3246985722461787x
======[Agent] Wallclock_time = 2025-06-09 16:17:17.122603 / 415.928716 / Sim_time = 135.05000201240182 / 0.32469428563839814x
======[Agent] Wallclock_time = 2025-06-09 16:17:17.297200 / 416.103313 / Sim_time = 135.10000201314688 / 0.32467820638318373x
======[Agent] Wallclock_time = 2025-06-09 16:17:17.455195 / 416.261308 / Sim_time = 135.15000201389194 / 0.32467508928022365x
======[Agent] Wallclock_time = 2025-06-09 16:17:17.610759 / 416.416872 / Sim_time = 135.200002014637 / 0.32467386994052216x
======[Agent] Wallclock_time = 2025-06-09 16:17:17.769085 / 416.575198 / Sim_time = 135.25000201538205 / 0.32467049885404653x
======[Agent] Wallclock_time = 2025-06-09 16:17:17.924424 / 416.730537 / Sim_time = 135.3000020161271 / 0.3246694574404795x
======[Agent] Wallclock_time = 2025-06-09 16:17:18.078975 / 416.885088 / Sim_time = 135.35000201687217 / 0.3246690304927426x
======[Agent] Wallclock_time = 2025-06-09 16:17:18.257135 / 417.063248 / Sim_time = 135.40000201761723 / 0.3246502251557588x
======[Agent] Wallclock_time = 2025-06-09 16:17:18.436403 / 417.242516 / Sim_time = 135.45000201836228 / 0.32463057381187027x
======[Agent] Wallclock_time = 2025-06-09 16:17:18.607217 / 417.41333 / Sim_time = 135.50000201910734 / 0.32461751377607795x
======[Agent] Wallclock_time = 2025-06-09 16:17:18.769781 / 417.575894 / Sim_time = 135.5500020198524 / 0.32461087758330903x
======[Agent] Wallclock_time = 2025-06-09 16:17:18.932054 / 417.738167 / Sim_time = 135.60000202059746 / 0.32460447267707954x
======[Agent] Wallclock_time = 2025-06-09 16:17:19.088727 / 417.89484 / Sim_time = 135.65000202134252 / 0.3246024225111753x
======[Agent] Wallclock_time = 2025-06-09 16:17:19.268822 / 418.074935 / Sim_time = 135.70000202208757 / 0.32458218869279715x
======[Agent] Wallclock_time = 2025-06-09 16:17:19.440074 / 418.246187 / Sim_time = 135.75000202283263 / 0.32456883451276536x
======[Agent] Wallclock_time = 2025-06-09 16:17:19.644026 / 418.450139 / Sim_time = 135.8000020235777 / 0.32453012876989135x
======[Agent] Wallclock_time = 2025-06-09 16:17:19.822222 / 418.628335 / Sim_time = 135.85000202432275 / 0.32451142494427143x
======[Agent] Wallclock_time = 2025-06-09 16:17:19.979206 / 418.785319 / Sim_time = 135.9000020250678 / 0.32450917295860326x
======[Agent] Wallclock_time = 2025-06-09 16:17:20.152533 / 418.958646 / Sim_time = 135.95000202581286 / 0.3244942641225472x
======[Agent] Wallclock_time = 2025-06-09 16:17:20.324653 / 419.130766 / Sim_time = 136.00000202655792 / 0.3244803020407619x
======[Agent] Wallclock_time = 2025-06-09 16:17:20.489827 / 419.29594 / Sim_time = 136.05000202730298 / 0.3244717264745672x
======[Agent] Wallclock_time = 2025-06-09 16:17:20.671228 / 419.477341 / Sim_time = 136.10000202804804 / 0.32445060620674104x
======[Agent] Wallclock_time = 2025-06-09 16:17:20.845422 / 419.651535 / Sim_time = 136.1500020287931 / 0.32443507586292336x
======[Agent] Wallclock_time = 2025-06-09 16:17:21.019786 / 419.825899 / Sim_time = 136.20000202953815 / 0.32441942703994814x
======[Agent] Wallclock_time = 2025-06-09 16:17:21.200823 / 420.006936 / Sim_time = 136.2500020302832 / 0.32439863714928285x
======[Agent] Wallclock_time = 2025-06-09 16:17:21.390073 / 420.196186 / Sim_time = 136.30000203102827 / 0.3243715250178479x
======[Agent] Wallclock_time = 2025-06-09 16:17:21.557051 / 420.363164 / Sim_time = 136.35000203177333 / 0.3243616219192589x
======[Agent] Wallclock_time = 2025-06-09 16:17:21.711796 / 420.517909 / Sim_time = 136.4000020325184 / 0.32436116215767696x
======[Agent] Wallclock_time = 2025-06-09 16:17:21.878332 / 420.684445 / Sim_time = 136.45000203326344 / 0.324351611530709x
======[Agent] Wallclock_time = 2025-06-09 16:17:22.032496 / 420.838609 / Sim_time = 136.5000020340085 / 0.3243516035915918x
======[Agent] Wallclock_time = 2025-06-09 16:17:22.178891 / 420.985004 / Sim_time = 136.55000203475356 / 0.3243575813383895x
======[Agent] Wallclock_time = 2025-06-09 16:17:22.342648 / 421.148761 / Sim_time = 136.60000203549862 / 0.3243501829637715x
======[Agent] Wallclock_time = 2025-06-09 16:17:22.513091 / 421.319204 / Sim_time = 136.65000203624368 / 0.3243376432910008x
======[Agent] Wallclock_time = 2025-06-09 16:17:22.684451 / 421.490564 / Sim_time = 136.70000203698874 / 0.3243244081558623x
======[Agent] Wallclock_time = 2025-06-09 16:17:22.845493 / 421.651606 / Sim_time = 136.7500020377338 / 0.3243191197962946x
======[Agent] Wallclock_time = 2025-06-09 16:17:23.023974 / 421.830087 / Sim_time = 136.80000203847885 / 0.32430042795418457x
======[Agent] Wallclock_time = 2025-06-09 16:17:23.176963 / 421.983076 / Sim_time = 136.8500020392239 / 0.32430134173883834x
======[Agent] Wallclock_time = 2025-06-09 16:17:23.333609 / 422.139722 / Sim_time = 136.90000203996897 / 0.32429944543461736x
======[Agent] Wallclock_time = 2025-06-09 16:17:23.491779 / 422.297892 / Sim_time = 136.95000204071403 / 0.3242963802062593x
======[Agent] Wallclock_time = 2025-06-09 16:17:23.670034 / 422.476147 / Sim_time = 137.00000204145908 / 0.3242779000338664x
======[Agent] Wallclock_time = 2025-06-09 16:17:23.841988 / 422.648101 / Sim_time = 137.05000204220414 / 0.3242642696221047x
======[Agent] Wallclock_time = 2025-06-09 16:17:24.019462 / 422.825575 / Sim_time = 137.1000020429492 / 0.3242464172053263x
======[Agent] Wallclock_time = 2025-06-09 16:17:24.192565 / 422.998678 / Sim_time = 137.15000204369426 / 0.32423193013327606x
======[Agent] Wallclock_time = 2025-06-09 16:17:24.376100 / 423.182213 / Sim_time = 137.20000204443932 / 0.32420946254415656x
======[Agent] Wallclock_time = 2025-06-09 16:17:24.547316 / 423.353429 / Sim_time = 137.25000204518437 / 0.32419644780705575x
======[Agent] Wallclock_time = 2025-06-09 16:17:24.727305 / 423.533418 / Sim_time = 137.30000204592943 / 0.324176728527242x
======[Agent] Wallclock_time = 2025-06-09 16:17:24.885061 / 423.691174 / Sim_time = 137.3500020466745 / 0.3241740359515692x
======[Agent] Wallclock_time = 2025-06-09 16:17:25.068693 / 423.874806 / Sim_time = 137.40000204741955 / 0.3241515559569813x
======[Agent] Wallclock_time = 2025-06-09 16:17:25.221920 / 424.028033 / Sim_time = 137.4500020481646 / 0.32415233710698443x
======[Agent] Wallclock_time = 2025-06-09 16:17:25.396959 / 424.203072 / Sim_time = 137.50000204890966 / 0.32413645017747417x
======[Agent] Wallclock_time = 2025-06-09 16:17:25.576648 / 424.382761 / Sim_time = 137.55000204965472 / 0.32411702494350325x
======[Agent] Wallclock_time = 2025-06-09 16:17:25.750158 / 424.556271 / Sim_time = 137.60000205039978 / 0.3241023330640351x
======[Agent] Wallclock_time = 2025-06-09 16:17:25.921737 / 424.72785 / Sim_time = 137.65000205114484 / 0.3240891266301897x
======[Agent] Wallclock_time = 2025-06-09 16:17:26.080614 / 424.886727 / Sim_time = 137.7000020518899 / 0.32408561909788913x
======[Agent] Wallclock_time = 2025-06-09 16:17:26.234254 / 425.040367 / Sim_time = 137.75000205263495 / 0.3240861072532617x
======[Agent] Wallclock_time = 2025-06-09 16:17:26.405568 / 425.211681 / Sim_time = 137.80000205338 / 0.32407312436991975x
======[Agent] Wallclock_time = 2025-06-09 16:17:26.563446 / 425.369559 / Sim_time = 137.85000205412507 / 0.3240703878947228x
======[Agent] Wallclock_time = 2025-06-09 16:17:26.727127 / 425.53324 / Sim_time = 137.90000205487013 / 0.32406323414743343x
======[Agent] Wallclock_time = 2025-06-09 16:17:26.899521 / 425.705634 / Sim_time = 137.9500020556152 / 0.32404945339803x
======[Agent] Wallclock_time = 2025-06-09 16:17:27.073150 / 425.879263 / Sim_time = 138.00000205636024 / 0.3240347441420648x
======[Agent] Wallclock_time = 2025-06-09 16:17:27.239974 / 426.046087 / Sim_time = 138.0500020571053 / 0.32402522225695984x
======[Agent] Wallclock_time = 2025-06-09 16:17:27.401928 / 426.208041 / Sim_time = 138.10000205785036 / 0.3240194101322463x
======[Agent] Wallclock_time = 2025-06-09 16:17:27.566513 / 426.372626 / Sim_time = 138.15000205859542 / 0.3240116030502211x
======[Agent] Wallclock_time = 2025-06-09 16:17:27.717353 / 426.523466 / Sim_time = 138.20000205934048 / 0.3240142432048446x
======[Agent] Wallclock_time = 2025-06-09 16:17:27.871710 / 426.677823 / Sim_time = 138.25000206008554 / 0.32401421070781744x
======[Agent] Wallclock_time = 2025-06-09 16:17:28.011551 / 426.817664 / Sim_time = 138.3000020608306 / 0.324025197878485x
======[Agent] Wallclock_time = 2025-06-09 16:17:28.169737 / 426.97585 / Sim_time = 138.35000206157565 / 0.32402225568336x
======[Agent] Wallclock_time = 2025-06-09 16:17:28.333189 / 427.139302 / Sim_time = 138.4000020623207 / 0.3240153209947413x
======[Agent] Wallclock_time = 2025-06-09 16:17:28.500138 / 427.306251 / Sim_time = 138.45000206306577 / 0.32400573998934035x
======[Agent] Wallclock_time = 2025-06-09 16:17:28.658722 / 427.464835 / Sim_time = 138.50000206381083 / 0.3240025066887763x
======[Agent] Wallclock_time = 2025-06-09 16:17:28.817215 / 427.623328 / Sim_time = 138.55000206455588 / 0.32399934473455844x
======[Agent] Wallclock_time = 2025-06-09 16:17:28.965749 / 427.771862 / Sim_time = 138.60000206530094 / 0.3240037280936745x
======[Agent] Wallclock_time = 2025-06-09 16:17:29.125114 / 427.931227 / Sim_time = 138.650002066046 / 0.32399990773783444x
======[Agent] Wallclock_time = 2025-06-09 16:17:29.277317 / 428.08343 / Sim_time = 138.70000206679106 / 0.32400151079260475x
======[Agent] Wallclock_time = 2025-06-09 16:17:29.431551 / 428.237664 / Sim_time = 138.75000206753612 / 0.3240015760639869x
======[Agent] Wallclock_time = 2025-06-09 16:17:29.577782 / 428.383895 / Sim_time = 138.80000206828117 / 0.32400769422152753x
======[Agent] Wallclock_time = 2025-06-09 16:17:29.732471 / 428.538584 / Sim_time = 138.85000206902623 / 0.3240074132078922x
======[Agent] Wallclock_time = 2025-06-09 16:17:29.897487 / 428.7036 / Sim_time = 138.9000020697713 / 0.32399932743845367x
======[Agent] Wallclock_time = 2025-06-09 16:17:30.043530 / 428.849643 / Sim_time = 138.95000207051635 / 0.3240055817533573x
======[Agent] Wallclock_time = 2025-06-09 16:17:30.187539 / 428.993652 / Sim_time = 139.0000020712614 / 0.3240133680530391x
======[Agent] Wallclock_time = 2025-06-09 16:17:30.338019 / 429.144132 / Sim_time = 139.05000207200646 / 0.3240162632719937x
======[Agent] Wallclock_time = 2025-06-09 16:17:30.497846 / 429.303959 / Sim_time = 139.10000207275152 / 0.3240121017860209x
======[Agent] Wallclock_time = 2025-06-09 16:17:30.645960 / 429.452073 / Sim_time = 139.15000207349658 / 0.3240167804632209x
======[Agent] Wallclock_time = 2025-06-09 16:17:30.794064 / 429.600177 / Sim_time = 139.20000207424164 / 0.3240214634566554x
======[Agent] Wallclock_time = 2025-06-09 16:17:30.955564 / 429.761677 / Sim_time = 139.2500020749867 / 0.3240160431032188x
======[Agent] Wallclock_time = 2025-06-09 16:17:31.111526 / 429.917639 / Sim_time = 139.30000207573175 / 0.32401480056725745x
======[Agent] Wallclock_time = 2025-06-09 16:17:31.267760 / 430.073873 / Sim_time = 139.3500020764768 / 0.32401335401074877x
======[Agent] Wallclock_time = 2025-06-09 16:17:31.430163 / 430.236276 / Sim_time = 139.40000207722187 / 0.3240072626278479x
======[Agent] Wallclock_time = 2025-06-09 16:17:31.587980 / 430.394093 / Sim_time = 139.45000207796693 / 0.3240046281800126x
======[Agent] Wallclock_time = 2025-06-09 16:17:31.737861 / 430.543974 / Sim_time = 139.500002078712 / 0.32400796781502317x
======[Agent] Wallclock_time = 2025-06-09 16:17:31.891893 / 430.698006 / Sim_time = 139.55000207945704 / 0.32400818236264295x
======[Agent] Wallclock_time = 2025-06-09 16:17:32.062819 / 430.868932 / Sim_time = 139.6000020802021 / 0.3239956926959622x
======[Agent] Wallclock_time = 2025-06-09 16:17:32.204616 / 431.010729 / Sim_time = 139.65000208094716 / 0.3240051086427561x
======[Agent] Wallclock_time = 2025-06-09 16:17:32.340502 / 431.146615 / Sim_time = 139.70000208169222 / 0.3240189606097954x
======[Agent] Wallclock_time = 2025-06-09 16:17:32.494753 / 431.300866 / Sim_time = 139.75000208243728 / 0.32401900640614734x
======[Agent] Wallclock_time = 2025-06-09 16:17:32.635157 / 431.44127 / Sim_time = 139.80000208318233 / 0.32402945145634976x
======[Agent] Wallclock_time = 2025-06-09 16:17:32.786173 / 431.592286 / Sim_time = 139.8500020839274 / 0.32403192222950244x
======[Agent] Wallclock_time = 2025-06-09 16:17:32.942971 / 431.749084 / Sim_time = 139.90000208467245 / 0.3240300518034699x
======[Agent] Wallclock_time = 2025-06-09 16:17:33.081419 / 431.887532 / Sim_time = 139.9500020854175 / 0.32404194998495006x
======[Agent] Wallclock_time = 2025-06-09 16:17:33.223389 / 432.029502 / Sim_time = 140.00000208616257 / 0.32405119878818783x
======[Agent] Wallclock_time = 2025-06-09 16:17:33.383112 / 432.189225 / Sim_time = 140.05000208690763 / 0.32404713014253766x
======[Agent] Wallclock_time = 2025-06-09 16:17:33.547870 / 432.353983 / Sim_time = 140.10000208765268 / 0.3240392908520096x
======[Agent] Wallclock_time = 2025-06-09 16:17:33.687596 / 432.493709 / Sim_time = 140.15000208839774 / 0.32405021187992783x
======[Agent] Wallclock_time = 2025-06-09 16:17:33.835046 / 432.641159 / Sim_time = 140.2000020891428 / 0.3240553403607225x
======[Agent] Wallclock_time = 2025-06-09 16:17:34.025908 / 432.832021 / Sim_time = 140.25000208988786 / 0.3240279629448324x
======[Agent] Wallclock_time = 2025-06-09 16:17:34.172529 / 432.978642 / Sim_time = 140.30000209063292 / 0.32403371540187315x
======[Agent] Wallclock_time = 2025-06-09 16:17:34.326930 / 433.133043 / Sim_time = 140.35000209137797 / 0.32403364353278963x
======[Agent] Wallclock_time = 2025-06-09 16:17:34.507097 / 433.31321 / Sim_time = 140.40000209212303 / 0.3240143038284459x
======[Agent] Wallclock_time = 2025-06-09 16:17:34.652958 / 433.459071 / Sim_time = 140.4500020928681 / 0.32402062263508485x
======[Agent] Wallclock_time = 2025-06-09 16:17:34.810272 / 433.616385 / Sim_time = 140.50000209361315 / 0.32401837876867684x
======[Agent] Wallclock_time = 2025-06-09 16:17:34.968345 / 433.774458 / Sim_time = 140.5500020943582 / 0.3240155695815281x
======[Agent] Wallclock_time = 2025-06-09 16:17:35.118906 / 433.925019 / Sim_time = 140.60000209510326 / 0.3240183716549693x
======[Agent] Wallclock_time = 2025-06-09 16:17:35.276654 / 434.082767 / Sim_time = 140.65000209584832 / 0.32401580705930505x
======[Agent] Wallclock_time = 2025-06-09 16:17:35.454797 / 434.26091 / Sim_time = 140.70000209659338 / 0.3239980271274388x
======[Agent] Wallclock_time = 2025-06-09 16:17:35.618668 / 434.424781 / Sim_time = 140.75000209733844 / 0.32399090535867264x
======[Agent] Wallclock_time = 2025-06-09 16:17:35.796772 / 434.602885 / Sim_time = 140.8000020980835 / 0.32397317869830705x
======[Agent] Wallclock_time = 2025-06-09 16:17:35.933865 / 434.739978 / Sim_time = 140.85000209882855 / 0.32398602668375226x
======[Agent] Wallclock_time = 2025-06-09 16:17:36.066882 / 434.872995 / Sim_time = 140.9000020995736 / 0.324001903354956x
======[Agent] Wallclock_time = 2025-06-09 16:17:36.205325 / 435.011438 / Sim_time = 140.95000210031867 / 0.3240137287760004x
======[Agent] Wallclock_time = 2025-06-09 16:17:36.355770 / 435.161883 / Sim_time = 141.00000210106373 / 0.32401660989332065x
======[Agent] Wallclock_time = 2025-06-09 16:17:36.514961 / 435.321074 / Sim_time = 141.0500021018088 / 0.324012979185174x
======[Agent] Wallclock_time = 2025-06-09 16:17:36.663403 / 435.469516 / Sim_time = 141.10000210255384 / 0.324017348863531x
======[Agent] Wallclock_time = 2025-06-09 16:17:36.819706 / 435.625819 / Sim_time = 141.1500021032989 / 0.3240158685071658x
======[Agent] Wallclock_time = 2025-06-09 16:17:36.975539 / 435.781652 / Sim_time = 141.20000210404396 / 0.3240147386684956x
======[Agent] Wallclock_time = 2025-06-09 16:17:37.127217 / 435.93333 / Sim_time = 141.25000210478902 / 0.3240166978929809x
======[Agent] Wallclock_time = 2025-06-09 16:17:37.286976 / 436.093089 / Sim_time = 141.30000210553408 / 0.32401265155771025x
======[Agent] Wallclock_time = 2025-06-09 16:17:37.450446 / 436.256559 / Sim_time = 141.35000210627913 / 0.32400585202531507x
======[Agent] Wallclock_time = 2025-06-09 16:17:37.622593 / 436.428706 / Sim_time = 141.4000021070242 / 0.32399261590828604x
======[Agent] Wallclock_time = 2025-06-09 16:17:37.782244 / 436.588357 / Sim_time = 141.45000210776925 / 0.3239886631221046x
======[Agent] Wallclock_time = 2025-06-09 16:17:37.941336 / 436.747449 / Sim_time = 141.5000021085143 / 0.3239851278979913x
======[Agent] Wallclock_time = 2025-06-09 16:17:38.083339 / 436.889452 / Sim_time = 141.55000210925937 / 0.3239942678107769x
======[Agent] Wallclock_time = 2025-06-09 16:17:38.228577 / 437.03469 / Sim_time = 141.60000211000443 / 0.3240010034649674x
======[Agent] Wallclock_time = 2025-06-09 16:17:38.373709 / 437.179822 / Sim_time = 141.65000211074948 / 0.3240078132035478x
======[Agent] Wallclock_time = 2025-06-09 16:17:38.540987 / 437.3471 / Sim_time = 141.70000211149454 / 0.32399821129094775x
======[Agent] Wallclock_time = 2025-06-09 16:17:38.686021 / 437.492134 / Sim_time = 141.7500021122396 / 0.32400508967128067x
======[Agent] Wallclock_time = 2025-06-09 16:17:38.836804 / 437.642917 / Sim_time = 141.80000211298466 / 0.32400770719037475x
======[Agent] Wallclock_time = 2025-06-09 16:17:38.999845 / 437.805958 / Sim_time = 141.85000211372972 / 0.32400125105761735x
======[Agent] Wallclock_time = 2025-06-09 16:17:39.159722 / 437.965835 / Sim_time = 141.90000211447477 / 0.32399714036446337x
======[Agent] Wallclock_time = 2025-06-09 16:17:39.300884 / 438.106997 / Sim_time = 141.95000211521983 / 0.3240068729337069x
======[Agent] Wallclock_time = 2025-06-09 16:17:39.464091 / 438.270204 / Sim_time = 142.0000021159649 / 0.32400030122892787x
======[Agent] Wallclock_time = 2025-06-09 16:17:39.622552 / 438.428665 / Sim_time = 142.05000211670995 / 0.3239972416481215x
======[Agent] Wallclock_time = 2025-06-09 16:17:39.777513 / 438.583626 / Sim_time = 142.100002117455 / 0.32399676982169234x
======[Agent] Wallclock_time = 2025-06-09 16:17:39.920208 / 438.726321 / Sim_time = 142.15000211820006 / 0.3240053566625272x
======[Agent] Wallclock_time = 2025-06-09 16:17:40.074821 / 438.880934 / Sim_time = 142.20000211894512 / 0.32400513920207324x
======[Agent] Wallclock_time = 2025-06-09 16:17:40.238221 / 439.044334 / Sim_time = 142.25000211969018 / 0.3239984372996211x
======[Agent] Wallclock_time = 2025-06-09 16:17:40.401146 / 439.207259 / Sim_time = 142.30000212043524 / 0.3239920907781364x
======[Agent] Wallclock_time = 2025-06-09 16:17:40.568278 / 439.374391 / Sim_time = 142.3500021211803 / 0.323982646814146x
======[Agent] Wallclock_time = 2025-06-09 16:17:40.719246 / 439.525359 / Sim_time = 142.40000212192535 / 0.3239851244551305x
======[Agent] Wallclock_time = 2025-06-09 16:17:40.893588 / 439.699701 / Sim_time = 142.4500021226704 / 0.32397037757433644x
======[Agent] Wallclock_time = 2025-06-09 16:17:41.046145 / 439.852258 / Sim_time = 142.50000212341547 / 0.323971687219867x
======[Agent] Wallclock_time = 2025-06-09 16:17:41.197522 / 440.003635 / Sim_time = 142.55000212416053 / 0.32397386478476653x
======[Agent] Wallclock_time = 2025-06-09 16:17:41.350787 / 440.1569 / Sim_time = 142.6000021249056 / 0.32397465119882113x
======[Agent] Wallclock_time = 2025-06-09 16:17:41.543483 / 440.349596 / Sim_time = 142.65000212565064 / 0.3239464268277058x
======[Agent] Wallclock_time = 2025-06-09 16:17:41.747180 / 440.553293 / Sim_time = 142.7000021263957 / 0.32391013864526275x
======[Agent] Wallclock_time = 2025-06-09 16:17:41.916518 / 440.722631 / Sim_time = 142.75000212714076 / 0.3238991333485832x
======[Agent] Wallclock_time = 2025-06-09 16:17:42.089858 / 440.895971 / Sim_time = 142.80000212788582 / 0.32388519658912746x
======[Agent] Wallclock_time = 2025-06-09 16:17:42.257658 / 441.063771 / Sim_time = 142.85000212863088 / 0.3238753387733859x
======[Agent] Wallclock_time = 2025-06-09 16:17:42.423375 / 441.229488 / Sim_time = 142.90000212937593 / 0.3238670173883722x
======[Agent] Wallclock_time = 2025-06-09 16:17:42.586232 / 441.392345 / Sim_time = 142.950002130121 / 0.3238608006881504x
======[Agent] Wallclock_time = 2025-06-09 16:17:42.759522 / 441.565635 / Sim_time = 143.00000213086605 / 0.3238469367842207x
======[Agent] Wallclock_time = 2025-06-09 16:17:42.925366 / 441.731479 / Sim_time = 143.0500021316111 / 0.323838542403424x
======[Agent] Wallclock_time = 2025-06-09 16:17:43.107112 / 441.913225 / Sim_time = 143.10000213235617 / 0.3238185015029923x
======[Agent] Wallclock_time = 2025-06-09 16:17:43.281762 / 442.087875 / Sim_time = 143.15000213310122 / 0.32380367439262353x
======[Agent] Wallclock_time = 2025-06-09 16:17:43.437013 / 442.243126 / Sim_time = 143.20000213384628 / 0.3238030619627637x
======[Agent] Wallclock_time = 2025-06-09 16:17:43.597226 / 442.403339 / Sim_time = 143.25000213459134 / 0.32379881819963646x
======[Agent] Wallclock_time = 2025-06-09 16:17:43.756626 / 442.562739 / Sim_time = 143.3000021353364 / 0.32379517232733884x
======[Agent] Wallclock_time = 2025-06-09 16:17:43.901787 / 442.7079 / Sim_time = 143.35000213608146 / 0.3238019432997201x
======[Agent] Wallclock_time = 2025-06-09 16:17:44.069817 / 442.87593 / Sim_time = 143.40000213682652 / 0.3237919892030197x
======[Agent] Wallclock_time = 2025-06-09 16:17:44.249383 / 443.055496 / Sim_time = 143.45000213757157 / 0.3237736122428314x
======[Agent] Wallclock_time = 2025-06-09 16:17:44.392444 / 443.198557 / Sim_time = 143.50000213831663 / 0.32378191690818103x
======[Agent] Wallclock_time = 2025-06-09 16:17:44.564823 / 443.370936 / Sim_time = 143.5500021390617 / 0.32376880556342136x
======[Agent] Wallclock_time = 2025-06-09 16:17:44.735836 / 443.541949 / Sim_time = 143.60000213980675 / 0.3237567014954549x
======[Agent] Wallclock_time = 2025-06-09 16:17:44.905662 / 443.711775 / Sim_time = 143.6500021405518 / 0.3237454728242878x
======[Agent] Wallclock_time = 2025-06-09 16:17:45.058917 / 443.86503 / Sim_time = 143.70000214129686 / 0.32374633882502085x
======[Agent] Wallclock_time = 2025-06-09 16:17:45.217827 / 444.02394 / Sim_time = 143.75000214204192 / 0.3237430810576585x
======[Agent] Wallclock_time = 2025-06-09 16:17:45.385903 / 444.192016 / Sim_time = 143.80000214278698 / 0.32373314519377083x
======[Agent] Wallclock_time = 2025-06-09 16:17:45.548150 / 444.354263 / Sim_time = 143.85000214353204 / 0.32372746340923175x
======[Agent] Wallclock_time = 2025-06-09 16:17:45.707602 / 444.513715 / Sim_time = 143.9000021442771 / 0.3237238212558995x
======[Agent] Wallclock_time = 2025-06-09 16:17:45.864236 / 444.670349 / Sim_time = 143.95000214502215 / 0.32372223321503485x
======[Agent] Wallclock_time = 2025-06-09 16:17:46.029254 / 444.835367 / Sim_time = 144.0000021457672 / 0.32371454500653996x
======[Agent] Wallclock_time = 2025-06-09 16:17:46.181907 / 444.98802 / Sim_time = 144.05000214651227 / 0.3237158574081497x
======[Agent] Wallclock_time = 2025-06-09 16:17:46.337387 / 445.1435 / Sim_time = 144.10000214725733 / 0.32371511306386425x
======[Agent] Wallclock_time = 2025-06-09 16:17:46.499497 / 445.30561 / Sim_time = 144.1500021480024 / 0.32370954957978815x
======[Agent] Wallclock_time = 2025-06-09 16:17:46.656986 / 445.463099 / Sim_time = 144.20000214874744 / 0.32370734807239193x
======[Agent] Wallclock_time = 2025-06-09 16:17:46.817429 / 445.623542 / Sim_time = 144.2500021494925 / 0.3237030023124097x
======[Agent] Wallclock_time = 2025-06-09 16:17:46.989720 / 445.795833 / Sim_time = 144.30000215023756 / 0.3236900566995225x
======[Agent] Wallclock_time = 2025-06-09 16:17:47.149624 / 445.955737 / Sim_time = 144.35000215098262 / 0.3236861116215913x
======[Agent] Wallclock_time = 2025-06-09 16:17:47.313274 / 446.119387 / Sim_time = 144.40000215172768 / 0.32367945146548005x
======[Agent] Wallclock_time = 2025-06-09 16:17:47.464856 / 446.270969 / Sim_time = 144.45000215247273 / 0.3236815488908127x
======[Agent] Wallclock_time = 2025-06-09 16:17:47.627884 / 446.433997 / Sim_time = 144.5000021532178 / 0.32367534607332277x
======[Agent] Wallclock_time = 2025-06-09 16:17:47.808556 / 446.614669 / Sim_time = 144.55000215396285 / 0.32365636091008454x
======[Agent] Wallclock_time = 2025-06-09 16:17:47.997496 / 446.803609 / Sim_time = 144.6000021547079 / 0.3236314022774727x
======[Agent] Wallclock_time = 2025-06-09 16:17:48.162968 / 446.969081 / Sim_time = 144.65000215545297 / 0.32362345558304373x
======[Agent] Wallclock_time = 2025-06-09 16:17:48.319178 / 447.125291 / Sim_time = 144.70000215619802 / 0.32362221830565097x
======[Agent] Wallclock_time = 2025-06-09 16:17:48.491174 / 447.297287 / Sim_time = 144.75000215694308 / 0.323609560697788x
======[Agent] Wallclock_time = 2025-06-09 16:17:48.669375 / 447.475488 / Sim_time = 144.80000215768814 / 0.3235924256151938x
======[Agent] Wallclock_time = 2025-06-09 16:17:48.859565 / 447.665678 / Sim_time = 144.8500021584332 / 0.3235666384765703x
======[Agent] Wallclock_time = 2025-06-09 16:17:49.020784 / 447.826897 / Sim_time = 144.90000215917826 / 0.3235618038310335x
======[Agent] Wallclock_time = 2025-06-09 16:17:49.171469 / 447.977582 / Sim_time = 144.95000215992332 / 0.3235645809511566x
======[Agent] Wallclock_time = 2025-06-09 16:17:49.371745 / 448.177858 / Sim_time = 145.00000216066837 / 0.32353155346892415x
======[Agent] Wallclock_time = 2025-06-09 16:17:49.472516 / 448.278629 / Sim_time = 145.05000216141343 / 0.32357036273315337x
======[Agent] Wallclock_time = 2025-06-09 16:17:49.592013 / 448.398126 / Sim_time = 145.1000021621585 / 0.3235956400195091x
======[Agent] Wallclock_time = 2025-06-09 16:17:49.700887 / 448.507 / Sim_time = 145.15000216290355 / 0.32362856886143293x
======[Agent] Wallclock_time = 2025-06-09 16:17:49.810072 / 448.616185 / Sim_time = 145.2000021636486 / 0.3236612573449424x
======[Agent] Wallclock_time = 2025-06-09 16:17:49.930396 / 448.736509 / Sim_time = 145.25000216439366 / 0.32368589487444355x
======[Agent] Wallclock_time = 2025-06-09 16:17:50.059639 / 448.865752 / Sim_time = 145.30000216513872 / 0.32370408705418824x
======[Agent] Wallclock_time = 2025-06-09 16:17:50.183037 / 448.98915 / Sim_time = 145.35000216588378 / 0.32372648301056x
======[Agent] Wallclock_time = 2025-06-09 16:17:50.313024 / 449.119137 / Sim_time = 145.40000216662884 / 0.3237441169702637x
======[Agent] Wallclock_time = 2025-06-09 16:17:50.432795 / 449.238908 / Sim_time = 145.4500021673739 / 0.32376910327248554x
======[Agent] Wallclock_time = 2025-06-09 16:17:50.593349 / 449.399462 / Sim_time = 145.50000216811895 / 0.3237646920089703x
======[Agent] Wallclock_time = 2025-06-09 16:17:50.717802 / 449.523915 / Sim_time = 145.550002168864 / 0.3237862848355447x
======[Agent] Wallclock_time = 2025-06-09 16:17:50.837340 / 449.643453 / Sim_time = 145.60000216960907 / 0.32381140520732515x
======[Agent] Wallclock_time = 2025-06-09 16:17:50.957124 / 449.763237 / Sim_time = 145.65000217035413 / 0.3238363351027266x
======[Agent] Wallclock_time = 2025-06-09 16:17:51.079002 / 449.885115 / Sim_time = 145.7000021710992 / 0.3238597443068435x
======[Agent] Wallclock_time = 2025-06-09 16:17:51.192701 / 449.998814 / Sim_time = 145.75000217184424 / 0.32388902758934085x
======[Agent] Wallclock_time = 2025-06-09 16:17:51.317770 / 450.123883 / Sim_time = 145.8000021725893 / 0.3239101140129356x
======[Agent] Wallclock_time = 2025-06-09 16:17:51.440825 / 450.246938 / Sim_time = 145.85000217333436 / 0.32393263769557645x
======[Agent] Wallclock_time = 2025-06-09 16:17:51.569973 / 450.376086 / Sim_time = 145.90000217407942 / 0.3239507663897435x
======[Agent] Wallclock_time = 2025-06-09 16:17:51.676487 / 450.4826 / Sim_time = 145.95000217482448 / 0.3239851621120602x
======[Agent] Wallclock_time = 2025-06-09 16:17:51.806517 / 450.61263 / Sim_time = 146.00000217556953 / 0.3240026320898672x
======[Agent] Wallclock_time = 2025-06-09 16:17:51.929724 / 450.735837 / Sim_time = 146.0500021763146 / 0.32402499682162567x
======[Agent] Wallclock_time = 2025-06-09 16:17:52.057224 / 450.863337 / Sim_time = 146.10000217705965 / 0.3240442638448462x
======[Agent] Wallclock_time = 2025-06-09 16:17:52.165065 / 450.971178 / Sim_time = 146.1500021778047 / 0.3240776467097372x
======[Agent] Wallclock_time = 2025-06-09 16:17:52.302241 / 451.108354 / Sim_time = 146.20000217854977 / 0.3240899371342891x
======[Agent] Wallclock_time = 2025-06-09 16:17:52.409425 / 451.215538 / Sim_time = 146.25000217929482 / 0.3241237629000532x
======[Agent] Wallclock_time = 2025-06-09 16:17:52.544671 / 451.350784 / Sim_time = 146.30000218003988 / 0.32413741867483103x
======[Agent] Wallclock_time = 2025-06-09 16:17:52.671057 / 451.47717 / Sim_time = 146.35000218078494 / 0.3241574275469065x
======[Agent] Wallclock_time = 2025-06-09 16:17:52.798250 / 451.604363 / Sim_time = 146.40000218153 / 0.3241768459280454x
======[Agent] Wallclock_time = 2025-06-09 16:17:52.915624 / 451.721737 / Sim_time = 146.45000218227506 / 0.32420330035827943x
======[Agent] Wallclock_time = 2025-06-09 16:17:53.031684 / 451.837797 / Sim_time = 146.50000218302011 / 0.3242306839423975x
======[Agent] Wallclock_time = 2025-06-09 16:17:53.149755 / 451.955868 / Sim_time = 146.55000218376517 / 0.32425661066348743x
======[Agent] Wallclock_time = 2025-06-09 16:17:53.264662 / 452.070775 / Sim_time = 146.60000218451023 / 0.32428479345898165x
======[Agent] Wallclock_time = 2025-06-09 16:17:53.385378 / 452.191491 / Sim_time = 146.6500021852553 / 0.3243087957098679x
======[Agent] Wallclock_time = 2025-06-09 16:17:53.489665 / 452.295778 / Sim_time = 146.70000218600035 / 0.32434456604950734x
======[Agent] Wallclock_time = 2025-06-09 16:17:53.593919 / 452.400032 / Sim_time = 146.7500021867454 / 0.32438034355930784x
======[Agent] Wallclock_time = 2025-06-09 16:17:53.691243 / 452.497356 / Sim_time = 146.80000218749046 / 0.32442107300714806x
======[Agent] Wallclock_time = 2025-06-09 16:17:53.795095 / 452.601208 / Sim_time = 146.85000218823552 / 0.32445710514128895x
======[Agent] Wallclock_time = 2025-06-09 16:17:53.910094 / 452.716207 / Sim_time = 146.90000218898058 / 0.3244851309329194x
======[Agent] Wallclock_time = 2025-06-09 16:17:54.003750 / 452.809863 / Sim_time = 146.95000218972564 / 0.32452843824492267x
======[Agent] Wallclock_time = 2025-06-09 16:17:54.122705 / 452.928818 / Sim_time = 147.0000021904707 / 0.32455359825850705x
======[Agent] Wallclock_time = 2025-06-09 16:17:54.240219 / 453.046332 / Sim_time = 147.05000219121575 / 0.32457977744192024x
======[Agent] Wallclock_time = 2025-06-09 16:17:54.357975 / 453.164088 / Sim_time = 147.1000021919608 / 0.3246057697012194x
======[Agent] Wallclock_time = 2025-06-09 16:17:54.473872 / 453.279985 / Sim_time = 147.15000219270587 / 0.32463307983833883x
======[Agent] Wallclock_time = 2025-06-09 16:17:54.608621 / 453.414734 / Sim_time = 147.20000219345093 / 0.3246468773698333x
======[Agent] Wallclock_time = 2025-06-09 16:17:54.733542 / 453.539655 / Sim_time = 147.250002194196 / 0.324667701937759x
======[Agent] Wallclock_time = 2025-06-09 16:17:54.856313 / 453.662426 / Sim_time = 147.30000219494104 / 0.3246900537997988x
======[Agent] Wallclock_time = 2025-06-09 16:17:54.965113 / 453.771226 / Sim_time = 147.3500021956861 / 0.32472239099906064x
======[Agent] Wallclock_time = 2025-06-09 16:17:55.079385 / 453.885498 / Sim_time = 147.40000219643116 / 0.3247507974921765x
======[Agent] Wallclock_time = 2025-06-09 16:17:55.190358 / 453.996471 / Sim_time = 147.45000219717622 / 0.32478154971302964x
======[Agent] Wallclock_time = 2025-06-09 16:17:55.320513 / 454.126626 / Sim_time = 147.50000219792128 / 0.3247985670836975x
======[Agent] Wallclock_time = 2025-06-09 16:17:55.427702 / 454.233815 / Sim_time = 147.55000219866633 / 0.3248319972978433x
======[Agent] Wallclock_time = 2025-06-09 16:17:55.545596 / 454.351709 / Sim_time = 147.6000021994114 / 0.32485775758720387x
======[Agent] Wallclock_time = 2025-06-09 16:17:55.648337 / 454.45445 / Sim_time = 147.65000220015645 / 0.32489433716804683x
======[Agent] Wallclock_time = 2025-06-09 16:17:55.753408 / 454.559521 / Sim_time = 147.7000022009015 / 0.324929234672585x
======[Agent] Wallclock_time = 2025-06-09 16:17:55.849814 / 454.655927 / Sim_time = 147.75000220164657 / 0.324970309319947x
======[Agent] Wallclock_time = 2025-06-09 16:17:55.943952 / 454.750065 / Sim_time = 147.80000220239162 / 0.3250129874954589x
======[Agent] Wallclock_time = 2025-06-09 16:17:56.043110 / 454.849223 / Sim_time = 147.85000220313668 / 0.32505206049582763x
======[Agent] Wallclock_time = 2025-06-09 16:17:56.155624 / 454.961737 / Sim_time = 147.90000220388174 / 0.325081573007773x
======[Agent] Wallclock_time = 2025-06-09 16:17:56.294087 / 455.1002 / Sim_time = 147.9500022046268 / 0.325092533714758x
======[Agent] Wallclock_time = 2025-06-09 16:17:56.413854 / 455.219967 / Sim_time = 148.00000220537186 / 0.32511683980797806x
======[Agent] Wallclock_time = 2025-06-09 16:17:56.545408 / 455.351521 / Sim_time = 148.05000220611691 / 0.3251327166938358x
======[Agent] Wallclock_time = 2025-06-09 16:17:56.656237 / 455.46235 / Sim_time = 148.10000220686197 / 0.3251633796810698x
======[Agent] Wallclock_time = 2025-06-09 16:17:56.773614 / 455.579727 / Sim_time = 148.15000220760703 / 0.3251893537796805x
======[Agent] Wallclock_time = 2025-06-09 16:17:56.904598 / 455.710711 / Sim_time = 148.2000022083521 / 0.3252056039620893x
======[Agent] Wallclock_time = 2025-06-09 16:17:57.006194 / 455.812307 / Sim_time = 148.25000220909715 / 0.32524281308245606x
======[Agent] Wallclock_time = 2025-06-09 16:17:57.109282 / 455.915395 / Sim_time = 148.3000022098422 / 0.32527894113095496x
======[Agent] Wallclock_time = 2025-06-09 16:17:57.204585 / 456.010698 / Sim_time = 148.35000221058726 / 0.325320606601165x
======[Agent] Wallclock_time = 2025-06-09 16:17:57.301943 / 456.108056 / Sim_time = 148.40000221133232 / 0.32536078873937624x
======[Agent] Wallclock_time = 2025-06-09 16:17:57.423181 / 456.229294 / Sim_time = 148.45000221207738 / 0.3253839215948194x
======[Agent] Wallclock_time = 2025-06-09 16:17:57.526746 / 456.332859 / Sim_time = 148.50000221282244 / 0.3254196445958275x
======[Agent] Wallclock_time = 2025-06-09 16:17:57.642904 / 456.449017 / Sim_time = 148.5500022135675 / 0.3254463723978073x
======[Agent] Wallclock_time = 2025-06-09 16:17:57.756584 / 456.562697 / Sim_time = 148.60000221431255 / 0.32547485310535446x
======[Agent] Wallclock_time = 2025-06-09 16:17:57.880093 / 456.686206 / Sim_time = 148.6500022150576 / 0.3254963140243031x
======[Agent] Wallclock_time = 2025-06-09 16:17:57.982065 / 456.788178 / Sim_time = 148.70000221580267 / 0.32553311106639804x
======[Agent] Wallclock_time = 2025-06-09 16:17:58.115275 / 456.921388 / Sim_time = 148.75000221654773 / 0.325547633740695x
======[Agent] Wallclock_time = 2025-06-09 16:17:58.244923 / 457.051036 / Sim_time = 148.80000221729279 / 0.3255646851932912x
======[Agent] Wallclock_time = 2025-06-09 16:17:58.372074 / 457.178187 / Sim_time = 148.85000221803784 / 0.3255835052220736x
======[Agent] Wallclock_time = 2025-06-09 16:17:58.517361 / 457.323474 / Sim_time = 148.9000022187829 / 0.32558940245735224x
======[Agent] Wallclock_time = 2025-06-09 16:17:58.628816 / 457.434929 / Sim_time = 148.95000221952796 / 0.32561937700247406x
======[Agent] Wallclock_time = 2025-06-09 16:17:58.751323 / 457.557436 / Sim_time = 149.00000222027302 / 0.32564147111533753x
======[Agent] Wallclock_time = 2025-06-09 16:17:58.858437 / 457.66455 / Sim_time = 149.05000222101808 / 0.3256745066807368x
======[Agent] Wallclock_time = 2025-06-09 16:17:58.966667 / 457.77278 / Sim_time = 149.10000222176313 / 0.325706732748571x
======[Agent] Wallclock_time = 2025-06-09 16:17:59.062672 / 457.868785 / Sim_time = 149.1500022225082 / 0.3257476407238975x
======[Agent] Wallclock_time = 2025-06-09 16:17:59.177953 / 457.984066 / Sim_time = 149.20000222325325 / 0.32577481952927534x
======[Agent] Wallclock_time = 2025-06-09 16:17:59.302680 / 458.108793 / Sim_time = 149.2500022239983 / 0.3257952667778886x
======[Agent] Wallclock_time = 2025-06-09 16:17:59.404136 / 458.210249 / Sim_time = 149.30000222474337 / 0.32583224997329424x
======[Agent] Wallclock_time = 2025-06-09 16:17:59.535479 / 458.341592 / Sim_time = 149.35000222548842 / 0.32584796794422377x
======[Agent] Wallclock_time = 2025-06-09 16:17:59.642888 / 458.449001 / Sim_time = 149.40000222623348 / 0.32588068906173584x
======[Agent] Wallclock_time = 2025-06-09 16:17:59.784007 / 458.59012 / Sim_time = 149.45000222697854 / 0.325889437691202x
======[Agent] Wallclock_time = 2025-06-09 16:17:59.896765 / 458.702878 / Sim_time = 149.5000022277236 / 0.32591833075307813x
======[Agent] Wallclock_time = 2025-06-09 16:18:00.009917 / 458.81603 / Sim_time = 149.55000222846866 / 0.32594692971285016x
======[Agent] Wallclock_time = 2025-06-09 16:18:00.132662 / 458.938775 / Sim_time = 149.60000222921371 / 0.32596870085887353x
======[Agent] Wallclock_time = 2025-06-09 16:18:00.249694 / 459.055807 / Sim_time = 149.65000222995877 / 0.32599451734076734x
======[Agent] Wallclock_time = 2025-06-09 16:18:00.355843 / 459.161956 / Sim_time = 149.70000223070383 / 0.32602804793926765x
======[Agent] Wallclock_time = 2025-06-09 16:18:00.466190 / 459.272303 / Sim_time = 149.7500022314489 / 0.3260585826636844x
======[Agent] Wallclock_time = 2025-06-09 16:18:00.565669 / 459.371782 / Sim_time = 149.80000223219395 / 0.32609681744747765x
======[Agent] Wallclock_time = 2025-06-09 16:18:00.671107 / 459.47722 / Sim_time = 149.850002232939 / 0.32613080601065053x
======[Agent] Wallclock_time = 2025-06-09 16:18:00.763632 / 459.569745 / Sim_time = 149.90000223368406 / 0.3261739435430862x
======[Agent] Wallclock_time = 2025-06-09 16:18:00.883491 / 459.689604 / Sim_time = 149.95000223442912 / 0.326197666277358x
======[Agent] Wallclock_time = 2025-06-09 16:18:01.010087 / 459.8162 / Sim_time = 150.00000223517418 / 0.32621659701980305x
======[Agent] Wallclock_time = 2025-06-09 16:18:01.120696 / 459.926809 / Sim_time = 150.05000223591924 / 0.3262468572234545x
======[Agent] Wallclock_time = 2025-06-09 16:18:01.230108 / 460.036221 / Sim_time = 150.1000022366643 / 0.32627795183699776x
======[Agent] Wallclock_time = 2025-06-09 16:18:01.337963 / 460.144076 / Sim_time = 150.15000223740935 / 0.32631013580032175x
======[Agent] Wallclock_time = 2025-06-09 16:18:01.456741 / 460.262854 / Sim_time = 150.2000022381544 / 0.3263345599112687x
======[Agent] Wallclock_time = 2025-06-09 16:18:01.571351 / 460.377464 / Sim_time = 150.25000223889947 / 0.32636192608457787x
======[Agent] Wallclock_time = 2025-06-09 16:18:01.688016 / 460.494129 / Sim_time = 150.30000223964453 / 0.3263878220949532x
======[Agent] Wallclock_time = 2025-06-09 16:18:01.812906 / 460.619019 / Sim_time = 150.35000224038959 / 0.3264078764244713x
======[Agent] Wallclock_time = 2025-06-09 16:18:01.917092 / 460.723205 / Sim_time = 150.40000224113464 / 0.32644258888272354x
======[Agent] Wallclock_time = 2025-06-09 16:18:02.057766 / 460.863879 / Sim_time = 150.4500022418797 / 0.3264514374979737x
======[Agent] Wallclock_time = 2025-06-09 16:18:02.200600 / 461.006713 / Sim_time = 150.50000224262476 / 0.3264587511199076x
======[Agent] Wallclock_time = 2025-06-09 16:18:02.300632 / 461.106745 / Sim_time = 150.55000224336982 / 0.32649636419221245x
======[Agent] Wallclock_time = 2025-06-09 16:18:02.411793 / 461.217906 / Sim_time = 150.60000224411488 / 0.3265260818343706x
======[Agent] Wallclock_time = 2025-06-09 16:18:02.529322 / 461.335435 / Sim_time = 150.65000224485993 / 0.3265512775830505x
======[Agent] Wallclock_time = 2025-06-09 16:18:02.633536 / 461.439649 / Sim_time = 150.700002245605 / 0.3265858839532037x
======[Agent] Wallclock_time = 2025-06-09 16:18:02.743426 / 461.549539 / Sim_time = 150.75000224635005 / 0.32661645802205436x
======[Agent] Wallclock_time = 2025-06-09 16:18:02.861986 / 461.668099 / Sim_time = 150.8000022470951 / 0.3266408832077694x
======[Agent] Wallclock_time = 2025-06-09 16:18:02.979220 / 461.785333 / Sim_time = 150.85000224784017 / 0.3266662338572072x
======[Agent] Wallclock_time = 2025-06-09 16:18:03.108386 / 461.914499 / Sim_time = 150.90000224858522 / 0.3266831326839397x
======[Agent] Wallclock_time = 2025-06-09 16:18:03.228773 / 462.034886 / Sim_time = 150.95000224933028 / 0.32670622958782536x
======[Agent] Wallclock_time = 2025-06-09 16:18:03.347033 / 462.153146 / Sim_time = 151.00000225007534 / 0.3267308181847953x
======[Agent] Wallclock_time = 2025-06-09 16:18:03.475210 / 462.281323 / Sim_time = 151.0500022508204 / 0.3267483845598405x
======[Agent] Wallclock_time = 2025-06-09 16:18:03.608063 / 462.414176 / Sim_time = 151.10000225156546 / 0.32676263689833024x
======[Agent] Wallclock_time = 2025-06-09 16:18:03.724009 / 462.530122 / Sim_time = 151.15000225231051 / 0.3267888257956197x
======[Agent] Wallclock_time = 2025-06-09 16:18:03.844823 / 462.650936 / Sim_time = 151.20000225305557 / 0.3268115628355559x
======[Agent] Wallclock_time = 2025-06-09 16:18:03.971062 / 462.777175 / Sim_time = 151.25000225380063 / 0.3268304566303297x
======[Agent] Wallclock_time = 2025-06-09 16:18:04.092465 / 462.898578 / Sim_time = 151.3000022545457 / 0.3268527547772915x
======[Agent] Wallclock_time = 2025-06-09 16:18:04.215915 / 463.022028 / Sim_time = 151.35000225529075 / 0.3268735961341663x
======[Agent] Wallclock_time = 2025-06-09 16:18:04.356430 / 463.162543 / Sim_time = 151.4000022560358 / 0.3268823821395541x
======[Agent] Wallclock_time = 2025-06-09 16:18:04.477857 / 463.28397 / Sim_time = 151.45000225678086 / 0.3269046311966064x
======[Agent] Wallclock_time = 2025-06-09 16:18:04.588841 / 463.394954 / Sim_time = 151.50000225752592 / 0.32693423615331335x
======[Agent] Wallclock_time = 2025-06-09 16:18:04.713360 / 463.519473 / Sim_time = 151.55000225827098 / 0.32695427944618743x
======[Agent] Wallclock_time = 2025-06-09 16:18:04.844961 / 463.651074 / Sim_time = 151.60000225901604 / 0.3269693176418662x
======[Agent] Wallclock_time = 2025-06-09 16:18:04.964047 / 463.77016 / Sim_time = 151.6500022597611 / 0.32699317107118325x
======[Agent] Wallclock_time = 2025-06-09 16:18:05.082931 / 463.889044 / Sim_time = 151.70000226050615 / 0.32701715465250675x
======[Agent] Wallclock_time = 2025-06-09 16:18:05.207146 / 464.013259 / Sim_time = 151.7500022612512 / 0.3270373686108021x
======[Agent] Wallclock_time = 2025-06-09 16:18:05.330738 / 464.136851 / Sim_time = 151.80000226199627 / 0.3270580107503369x
======[Agent] Wallclock_time = 2025-06-09 16:18:05.436831 / 464.242944 / Sim_time = 151.85000226274133 / 0.32709097065300935x
======[Agent] Wallclock_time = 2025-06-09 16:18:05.574744 / 464.380857 / Sim_time = 151.90000226348639 / 0.3271015005728064x
======[Agent] Wallclock_time = 2025-06-09 16:18:05.711504 / 464.517617 / Sim_time = 151.95000226423144 / 0.32711283617774023x
======[Agent] Wallclock_time = 2025-06-09 16:18:05.844901 / 464.651014 / Sim_time = 152.0000022649765 / 0.3271265327281601x
======[Agent] Wallclock_time = 2025-06-09 16:18:05.956310 / 464.762423 / Sim_time = 152.05000226572156 / 0.32715569845030934x
======[Agent] Wallclock_time = 2025-06-09 16:18:06.063718 / 464.869831 / Sim_time = 152.10000226646662 / 0.3271876661722977x
======[Agent] Wallclock_time = 2025-06-09 16:18:06.180657 / 464.98677 / Sim_time = 152.15000226721168 / 0.32721291200242036x
======[Agent] Wallclock_time = 2025-06-09 16:18:06.290445 / 465.096558 / Sim_time = 152.20000226795673 / 0.3272431765121345x
======[Agent] Wallclock_time = 2025-06-09 16:18:06.387475 / 465.193588 / Sim_time = 152.2500022687018 / 0.327282402237882x
======[Agent] Wallclock_time = 2025-06-09 16:18:06.496369 / 465.302482 / Sim_time = 152.30000226944685 / 0.3273132657740284x
======[Agent] Wallclock_time = 2025-06-09 16:18:06.594827 / 465.40094 / Sim_time = 152.3500022701919 / 0.32735145511037606x
======[Agent] Wallclock_time = 2025-06-09 16:18:06.694306 / 465.500419 / Sim_time = 152.40000227093697 / 0.3273889102171286x
======[Agent] Wallclock_time = 2025-06-09 16:18:06.818032 / 465.624145 / Sim_time = 152.45000227168202 / 0.32740929889360254x
======[Agent] Wallclock_time = 2025-06-09 16:18:06.942598 / 465.748711 / Sim_time = 152.50000227242708 / 0.3274290862038282x
======[Agent] Wallclock_time = 2025-06-09 16:18:07.052717 / 465.85883 / Sim_time = 152.55000227317214 / 0.3274590176044415x
======[Agent] Wallclock_time = 2025-06-09 16:18:07.190018 / 465.996131 / Sim_time = 152.6000022739172 / 0.3274698321563641x
======[Agent] Wallclock_time = 2025-06-09 16:18:07.305041 / 466.111154 / Sim_time = 152.65000227466226 / 0.32749629239374495x
======[Agent] Wallclock_time = 2025-06-09 16:18:07.415038 / 466.221151 / Sim_time = 152.70000227540731 / 0.32752627035819953x
======[Agent] Wallclock_time = 2025-06-09 16:18:07.532509 / 466.338622 / Sim_time = 152.75000227615237 / 0.3275509844543134x
======[Agent] Wallclock_time = 2025-06-09 16:18:07.672966 / 466.479079 / Sim_time = 152.80000227689743 / 0.3275595446743556x
======[Agent] Wallclock_time = 2025-06-09 16:18:07.779276 / 466.585389 / Sim_time = 152.8500022776425 / 0.32759207272469854x
======[Agent] Wallclock_time = 2025-06-09 16:18:07.888435 / 466.694548 / Sim_time = 152.90000227838755 / 0.32762258593130517x
======[Agent] Wallclock_time = 2025-06-09 16:18:07.998420 / 466.804533 / Sim_time = 152.9500022791326 / 0.32765250509387733x
======[Agent] Wallclock_time = 2025-06-09 16:18:08.131681 / 466.937794 / Sim_time = 153.00000227987766 / 0.32766607582379986x
======[Agent] Wallclock_time = 2025-06-09 16:18:08.237768 / 467.043881 / Sim_time = 153.05000228062272 / 0.32769870414364466x
======[Agent] Wallclock_time = 2025-06-09 16:18:08.369598 / 467.175711 / Sim_time = 153.10000228136778 / 0.32771325855189687x
======[Agent] Wallclock_time = 2025-06-09 16:18:08.477594 / 467.283707 / Sim_time = 153.15000228211284 / 0.32774452060574893x
======[Agent] Wallclock_time = 2025-06-09 16:18:08.597430 / 467.403543 / Sim_time = 153.2000022828579 / 0.32776746520167627x
======[Agent] Wallclock_time = 2025-06-09 16:18:08.721099 / 467.527212 / Sim_time = 153.25000228360295 / 0.32778771066675855x
======[Agent] Wallclock_time = 2025-06-09 16:18:08.854961 / 467.661074 / Sim_time = 153.300002284348 / 0.3278008006361192x
======[Agent] Wallclock_time = 2025-06-09 16:18:08.988939 / 467.795052 / Sim_time = 153.35000228509307 / 0.3278138018255295x
======[Agent] Wallclock_time = 2025-06-09 16:18:09.107014 / 467.913127 / Sim_time = 153.40000228583813 / 0.327837937421022x
======[Agent] Wallclock_time = 2025-06-09 16:18:09.227126 / 468.033239 / Sim_time = 153.45000228658319 / 0.3278606339024338x
======[Agent] Wallclock_time = 2025-06-09 16:18:09.342062 / 468.148175 / Sim_time = 153.50000228732824 / 0.32788694391553347x
======[Agent] Wallclock_time = 2025-06-09 16:18:09.457121 / 468.263234 / Sim_time = 153.5500022880733 / 0.3279131548792883x
======[Agent] Wallclock_time = 2025-06-09 16:18:09.562701 / 468.368814 / Sim_time = 153.60000228881836 / 0.3279459898942556x
======[Agent] Wallclock_time = 2025-06-09 16:18:09.684064 / 468.490177 / Sim_time = 153.65000228956342 / 0.32796776083055973x
======[Agent] Wallclock_time = 2025-06-09 16:18:09.781854 / 468.587967 / Sim_time = 153.70000229030848 / 0.3280060204454376x
======[Agent] Wallclock_time = 2025-06-09 16:18:09.883767 / 468.68988 / Sim_time = 153.75000229105353 / 0.3280413783409942x
======[Agent] Wallclock_time = 2025-06-09 16:18:10.000877 / 468.80699 / Sim_time = 153.8000022917986 / 0.3280660858442251x
======[Agent] Wallclock_time = 2025-06-09 16:18:10.098380 / 468.904493 / Sim_time = 153.85000229254365 / 0.3281044999243454x
======[Agent] Wallclock_time = 2025-06-09 16:18:10.202213 / 469.008326 / Sim_time = 153.9000022932887 / 0.32813846924077733x
======[Agent] Wallclock_time = 2025-06-09 16:18:10.310024 / 469.116137 / Sim_time = 153.95000229403377 / 0.3281696406968688x
======[Agent] Wallclock_time = 2025-06-09 16:18:10.420495 / 469.226608 / Sim_time = 154.00000229477882 / 0.32819893729436916x
======[Agent] Wallclock_time = 2025-06-09 16:18:10.537931 / 469.344044 / Sim_time = 154.05000229552388 / 0.3282233492499047x
======[Agent] Wallclock_time = 2025-06-09 16:18:10.649628 / 469.455741 / Sim_time = 154.10000229626894 / 0.3282517617448994x
======[Agent] Wallclock_time = 2025-06-09 16:18:10.755248 / 469.561361 / Sim_time = 154.150002297014 / 0.32828440927149616x
======[Agent] Wallclock_time = 2025-06-09 16:18:10.866357 / 469.67247 / Sim_time = 154.20000229775906 / 0.3283132051247414x
======[Agent] Wallclock_time = 2025-06-09 16:18:10.966950 / 469.773063 / Sim_time = 154.2500022985041 / 0.3283493373675339x
======[Agent] Wallclock_time = 2025-06-09 16:18:11.062135 / 469.868248 / Sim_time = 154.30000229924917 / 0.32838923371986495x
======[Agent] Wallclock_time = 2025-06-09 16:18:11.174929 / 469.981042 / Sim_time = 154.35000229999423 / 0.3284168085298762x
======[Agent] Wallclock_time = 2025-06-09 16:18:11.278744 / 470.084857 / Sim_time = 154.4000023007393 / 0.328450643646442x
======[Agent] Wallclock_time = 2025-06-09 16:18:11.383596 / 470.189709 / Sim_time = 154.45000230148435 / 0.32848373935326813x
======[Agent] Wallclock_time = 2025-06-09 16:18:11.502272 / 470.308385 / Sim_time = 154.5000023022294 / 0.3285071640707944x
======[Agent] Wallclock_time = 2025-06-09 16:18:11.604652 / 470.410765 / Sim_time = 154.55000230297446 / 0.328541957922703x
======[Agent] Wallclock_time = 2025-06-09 16:18:11.691679 / 470.497792 / Sim_time = 154.60000230371952 / 0.328587458527884x
======[Agent] Wallclock_time = 2025-06-09 16:18:11.795346 / 470.601459 / Sim_time = 154.65000230446458 / 0.32862132219429097x
======[Agent] Wallclock_time = 2025-06-09 16:18:11.908134 / 470.714247 / Sim_time = 154.70000230520964 / 0.32864880262782237x
======[Agent] Wallclock_time = 2025-06-09 16:18:12.023359 / 470.829472 / Sim_time = 154.7500023059547 / 0.328674568679902x
======[Agent] Wallclock_time = 2025-06-09 16:18:12.144889 / 470.951002 / Sim_time = 154.80000230669975 / 0.32869592155741545x
======[Agent] Wallclock_time = 2025-06-09 16:18:12.262128 / 471.068241 / Sim_time = 154.8500023074448 / 0.3287202577241608x
======[Agent] Wallclock_time = 2025-06-09 16:18:12.383310 / 471.189423 / Sim_time = 154.90000230818987 / 0.3287418307909664x
======[Agent] Wallclock_time = 2025-06-09 16:18:12.495179 / 471.301292 / Sim_time = 154.95000230893493 / 0.32876988917536376x
======[Agent] Wallclock_time = 2025-06-09 16:18:12.619270 / 471.425383 / Sim_time = 155.00000230967999 / 0.3287894099674943x
======[Agent] Wallclock_time = 2025-06-09 16:18:12.746733 / 471.552846 / Sim_time = 155.05000231042504 / 0.328806569229901x
======[Agent] Wallclock_time = 2025-06-09 16:18:12.856742 / 471.662855 / Sim_time = 155.1000023111701 / 0.32883588739520886x
======[Agent] Wallclock_time = 2025-06-09 16:18:12.962529 / 471.768642 / Sim_time = 155.15000231191516 / 0.32886813499524664x
======[Agent] Wallclock_time = 2025-06-09 16:18:13.075764 / 471.881877 / Sim_time = 155.20000231266022 / 0.3288951769120036x
======[Agent] Wallclock_time = 2025-06-09 16:18:13.182022 / 471.988135 / Sim_time = 155.25000231340528 / 0.32892706802118504x
======[Agent] Wallclock_time = 2025-06-09 16:18:13.288260 / 472.094373 / Sim_time = 155.30000231415033 / 0.3289589587105535x
======[Agent] Wallclock_time = 2025-06-09 16:18:13.389372 / 472.195485 / Sim_time = 155.3500023148954 / 0.32899440645962325x
======[Agent] Wallclock_time = 2025-06-09 16:18:13.504514 / 472.310627 / Sim_time = 155.40000231564045 / 0.3290200652113958x
======[Agent] Wallclock_time = 2025-06-09 16:18:13.629632 / 472.435745 / Sim_time = 155.4500023163855 / 0.32903876330869547x
======[Agent] Wallclock_time = 2025-06-09 16:18:13.745839 / 472.551952 / Sim_time = 155.50000231713057 / 0.3290636565891785x
======[Agent] Wallclock_time = 2025-06-09 16:18:13.867663 / 472.673776 / Sim_time = 155.55000231787562 / 0.32908462692723767x
======[Agent] Wallclock_time = 2025-06-09 16:18:13.991870 / 472.797983 / Sim_time = 155.60000231862068 / 0.32910392770159724x
======[Agent] Wallclock_time = 2025-06-09 16:18:14.106809 / 472.912922 / Sim_time = 155.65000231936574 / 0.32912966837835184x
======[Agent] Wallclock_time = 2025-06-09 16:18:14.255601 / 473.061714 / Sim_time = 155.7000023201108 / 0.3291318417458511x
======[Agent] Wallclock_time = 2025-06-09 16:18:14.363884 / 473.169997 / Sim_time = 155.75000232085586 / 0.32916219148752235x
======[Agent] Wallclock_time = 2025-06-09 16:18:14.475725 / 473.281838 / Sim_time = 155.8000023216009 / 0.3291900525697932x
======[Agent] Wallclock_time = 2025-06-09 16:18:14.587797 / 473.39391 / Sim_time = 155.85000232234597 / 0.32921773984081487x
======[Agent] Wallclock_time = 2025-06-09 16:18:14.694895 / 473.501008 / Sim_time = 155.90000232309103 / 0.3292488726322171x
======[Agent] Wallclock_time = 2025-06-09 16:18:14.805895 / 473.612008 / Sim_time = 155.9500023238361 / 0.32927727847339044x
======[Agent] Wallclock_time = 2025-06-09 16:18:14.912232 / 473.718345 / Sim_time = 156.00000232458115 / 0.3293089124839965x
======[Agent] Wallclock_time = 2025-06-09 16:18:15.035754 / 473.841867 / Sim_time = 156.0500023253262 / 0.3293285880049477x
======[Agent] Wallclock_time = 2025-06-09 16:18:15.130213 / 473.936326 / Sim_time = 156.10000232607126 / 0.32936844971368906x
======[Agent] Wallclock_time = 2025-06-09 16:18:15.249075 / 474.055188 / Sim_time = 156.15000232681632 / 0.3293913385786588x
======[Agent] Wallclock_time = 2025-06-09 16:18:15.363286 / 474.169399 / Sim_time = 156.20000232756138 / 0.3294174470970327x
======[Agent] Wallclock_time = 2025-06-09 16:18:15.472186 / 474.278299 / Sim_time = 156.25000232830644 / 0.3294472321641566x
======[Agent] Wallclock_time = 2025-06-09 16:18:15.581350 / 474.387463 / Sim_time = 156.3000023290515 / 0.3294768202005189x
======[Agent] Wallclock_time = 2025-06-09 16:18:15.690718 / 474.496831 / Sim_time = 156.35000232979655 / 0.32950625295860747x
======[Agent] Wallclock_time = 2025-06-09 16:18:15.799218 / 474.605331 / Sim_time = 156.4000023305416 / 0.3295362748343566x
======[Agent] Wallclock_time = 2025-06-09 16:18:15.917864 / 474.723977 / Sim_time = 156.45000233128667 / 0.3295592393725824x
======[Agent] Wallclock_time = 2025-06-09 16:18:16.037306 / 474.843419 / Sim_time = 156.50000233203173 / 0.3295816399434859x
======[Agent] Wallclock_time = 2025-06-09 16:18:16.170146 / 474.976259 / Sim_time = 156.55000233277678 / 0.3295947318875255x
======[Agent] Wallclock_time = 2025-06-09 16:18:16.350578 / 475.156691 / Sim_time = 156.60000233352184 / 0.3295748028490227x
======[Agent] Wallclock_time = 2025-06-09 16:18:16.505144 / 475.311257 / Sim_time = 156.6500023342669 / 0.32957282297533286x
======[Agent] Wallclock_time = 2025-06-09 16:18:16.625849 / 475.431962 / Sim_time = 156.70000233501196 / 0.3295943168850206x
======[Agent] Wallclock_time = 2025-06-09 16:18:16.728043 / 475.534156 / Sim_time = 156.75000233575702 / 0.3296286307289487x
======[Agent] Wallclock_time = 2025-06-09 16:18:16.839778 / 475.645891 / Sim_time = 156.80000233650208 / 0.3296563171197141x
======[Agent] Wallclock_time = 2025-06-09 16:18:16.951763 / 475.757876 / Sim_time = 156.85000233724713 / 0.3296838172647086x
======[Agent] Wallclock_time = 2025-06-09 16:18:17.067438 / 475.873551 / Sim_time = 156.9000023379922 / 0.32970874783760434x
======[Agent] Wallclock_time = 2025-06-09 16:18:17.189913 / 475.996026 / Sim_time = 156.95000233873725 / 0.32972895578288186x
======[Agent] Wallclock_time = 2025-06-09 16:18:17.319620 / 476.125733 / Sim_time = 157.0000023394823 / 0.3297441446949426x
======[Agent] Wallclock_time = 2025-06-09 16:18:17.428071 / 476.234184 / Sim_time = 157.05000234022737 / 0.32977404361670887x
======[Agent] Wallclock_time = 2025-06-09 16:18:17.577053 / 476.383166 / Sim_time = 157.10000234097242 / 0.32977586904299505x
======[Agent] Wallclock_time = 2025-06-09 16:18:17.701496 / 476.507609 / Sim_time = 157.15000234171748 / 0.32979467605320323x
======[Agent] Wallclock_time = 2025-06-09 16:18:17.805265 / 476.611378 / Sim_time = 157.20000234246254 / 0.329827779551421x
======[Agent] Wallclock_time = 2025-06-09 16:18:17.925780 / 476.731893 / Sim_time = 157.2500023432076 / 0.32984928175117045x
======[Agent] Wallclock_time = 2025-06-09 16:18:18.052429 / 476.858542 / Sim_time = 157.30000234395266 / 0.3298665298469642x
======[Agent] Wallclock_time = 2025-06-09 16:18:18.161556 / 476.967669 / Sim_time = 157.3500023446977 / 0.32989588744810766x
======[Agent] Wallclock_time = 2025-06-09 16:18:18.290854 / 477.096967 / Sim_time = 157.40000234544277 / 0.32991128286539684x
======[Agent] Wallclock_time = 2025-06-09 16:18:18.402437 / 477.20855 / Sim_time = 157.45000234618783 / 0.3299389174969106x
======[Agent] Wallclock_time = 2025-06-09 16:18:18.509618 / 477.315731 / Sim_time = 157.5000023469329 / 0.3299695822875584x
======[Agent] Wallclock_time = 2025-06-09 16:18:18.624368 / 477.430481 / Sim_time = 157.55000234767795 / 0.32999500162344336x
======[Agent] Wallclock_time = 2025-06-09 16:18:18.739850 / 477.545963 / Sim_time = 157.600002348423 / 0.33001990287690935x
======[Agent] Wallclock_time = 2025-06-09 16:18:18.863753 / 477.669866 / Sim_time = 157.65000234916806 / 0.3300389736332968x
======[Agent] Wallclock_time = 2025-06-09 16:18:19.008049 / 477.814162 / Sim_time = 157.70000234991312 / 0.3300439477261986x
======[Agent] Wallclock_time = 2025-06-09 16:18:19.140993 / 477.947106 / Sim_time = 157.75000235065818 / 0.3300567579833828x
======[Agent] Wallclock_time = 2025-06-09 16:18:19.271705 / 478.077818 / Sim_time = 157.80000235140324 / 0.3300711021072748x
======[Agent] Wallclock_time = 2025-06-09 16:18:19.395447 / 478.20156 / Sim_time = 157.8500023521483 / 0.3300902495213499x
======[Agent] Wallclock_time = 2025-06-09 16:18:19.513002 / 478.319115 / Sim_time = 157.90000235289335 / 0.3301136569447709x
======[Agent] Wallclock_time = 2025-06-09 16:18:19.639170 / 478.445283 / Sim_time = 157.9500023536384 / 0.33013110973136855x
======[Agent] Wallclock_time = 2025-06-09 16:18:19.764985 / 478.571098 / Sim_time = 158.00000235438347 / 0.3301487968368425x
======[Agent] Wallclock_time = 2025-06-09 16:18:19.888756 / 478.694869 / Sim_time = 158.05000235512853 / 0.33016788443421585x
======[Agent] Wallclock_time = 2025-06-09 16:18:20.004557 / 478.81067 / Sim_time = 158.10000235587358 / 0.3301924582495527x
======[Agent] Wallclock_time = 2025-06-09 16:18:20.138316 / 478.944429 / Sim_time = 158.15000235661864 / 0.3302046387347788x
======[Agent] Wallclock_time = 2025-06-09 16:18:20.295327 / 479.10144 / Sim_time = 158.2000023573637 / 0.3302007861979657x
======[Agent] Wallclock_time = 2025-06-09 16:18:20.435391 / 479.241504 / Sim_time = 158.25000235810876 / 0.3302086126277914x
======[Agent] Wallclock_time = 2025-06-09 16:18:20.559701 / 479.365814 / Sim_time = 158.30000235885382 / 0.3302272867784582x
======[Agent] Wallclock_time = 2025-06-09 16:18:20.679660 / 479.485773 / Sim_time = 158.35000235959888 / 0.33024894799256305x
======[Agent] Wallclock_time = 2025-06-09 16:18:20.819799 / 479.625912 / Sim_time = 158.40000236034393 / 0.33025670244363586x
======[Agent] Wallclock_time = 2025-06-09 16:18:20.981208 / 479.787321 / Sim_time = 158.450002361089 / 0.330249811064261x
======[Agent] Wallclock_time = 2025-06-09 16:18:21.164015 / 479.970128 / Sim_time = 158.50000236183405 / 0.33022820148014x
======[Agent] Wallclock_time = 2025-06-09 16:18:21.286572 / 480.092685 / Sim_time = 158.5500023625791 / 0.33024804807124075x
======[Agent] Wallclock_time = 2025-06-09 16:18:21.431073 / 480.237186 / Sim_time = 158.60000236332417 / 0.3302527932739696x
======[Agent] Wallclock_time = 2025-06-09 16:18:21.570096 / 480.376209 / Sim_time = 158.65000236406922 / 0.33026130172647145x
======[Agent] Wallclock_time = 2025-06-09 16:18:21.705079 / 480.511192 / Sim_time = 158.70000236481428 / 0.3302725820634626x
======[Agent] Wallclock_time = 2025-06-09 16:18:21.827771 / 480.633884 / Sim_time = 158.75000236555934 / 0.3302923022240711x
======[Agent] Wallclock_time = 2025-06-09 16:18:21.977242 / 480.783355 / Sim_time = 158.8000023663044 / 0.33029361441327354x
======[Agent] Wallclock_time = 2025-06-09 16:18:22.105872 / 480.911985 / Sim_time = 158.85000236704946 / 0.3303092395541149x
======[Agent] Wallclock_time = 2025-06-09 16:18:22.247918 / 481.054031 / Sim_time = 158.9000023677945 / 0.33031564400746183x
======[Agent] Wallclock_time = 2025-06-09 16:18:22.392843 / 481.198956 / Sim_time = 158.95000236853957 / 0.33032006837618993x
======[Agent] Wallclock_time = 2025-06-09 16:18:22.501772 / 481.307885 / Sim_time = 159.00000236928463 / 0.3303491943002146x
======[Agent] Wallclock_time = 2025-06-09 16:18:22.630414 / 481.436527 / Sim_time = 159.0500023700297 / 0.33036477933310276x
======[Agent] Wallclock_time = 2025-06-09 16:18:22.741938 / 481.548051 / Sim_time = 159.10000237077475 / 0.33039210032785377x
======[Agent] Wallclock_time = 2025-06-09 16:18:22.868741 / 481.674854 / Sim_time = 159.1500023715198 / 0.33040892760117435x
======[Agent] Wallclock_time = 2025-06-09 16:18:23.017800 / 481.823913 / Sim_time = 159.20000237226486 / 0.33041048330405626x
======[Agent] Wallclock_time = 2025-06-09 16:18:23.169507 / 481.97562 / Sim_time = 159.25000237300992 / 0.3304102227469248x
======[Agent] Wallclock_time = 2025-06-09 16:18:23.296683 / 482.102796 / Sim_time = 159.30000237375498 / 0.330426774681017x
======[Agent] Wallclock_time = 2025-06-09 16:18:23.432100 / 482.238213 / Sim_time = 159.35000237450004 / 0.330437670929303x
======[Agent] Wallclock_time = 2025-06-09 16:18:23.593970 / 482.400083 / Sim_time = 159.4000023752451 / 0.33043044054535237x
======[Agent] Wallclock_time = 2025-06-09 16:18:23.742553 / 482.548666 / Sim_time = 159.45000237599015 / 0.3304323132118594x
======[Agent] Wallclock_time = 2025-06-09 16:18:23.887262 / 482.693375 / Sim_time = 159.5000023767352 / 0.330436836718338x
======[Agent] Wallclock_time = 2025-06-09 16:18:24.022359 / 482.828472 / Sim_time = 159.55000237748027 / 0.33044793582418325x
======[Agent] Wallclock_time = 2025-06-09 16:18:24.159385 / 482.965498 / Sim_time = 159.60000237822533 / 0.3304577088455219x
======[Agent] Wallclock_time = 2025-06-09 16:18:24.287540 / 483.093653 / Sim_time = 159.65000237897038 / 0.3304735446512392x
======[Agent] Wallclock_time = 2025-06-09 16:18:24.451075 / 483.257188 / Sim_time = 159.70000237971544 / 0.33046517647356544x
======[Agent] Wallclock_time = 2025-06-09 16:18:24.632399 / 483.438512 / Sim_time = 159.7500023804605 / 0.33044465422276137x
======[Agent] Wallclock_time = 2025-06-09 16:18:24.799166 / 483.605279 / Sim_time = 159.80000238120556 / 0.33043409343575864x
======[Agent] Wallclock_time = 2025-06-09 16:18:24.970000 / 483.776113 / Sim_time = 159.85000238195062 / 0.33042076213710964x
======[Agent] Wallclock_time = 2025-06-09 16:18:25.114053 / 483.920166 / Sim_time = 159.90000238269567 / 0.330425725546164x
======[Agent] Wallclock_time = 2025-06-09 16:18:25.286095 / 484.092208 / Sim_time = 159.95000238344073 / 0.3304115813652166x
======[Agent] Wallclock_time = 2025-06-09 16:18:25.467328 / 484.273441 / Sim_time = 160.0000023841858 / 0.33039117665139345x
======[Agent] Wallclock_time = 2025-06-09 16:18:25.618602 / 484.424715 / Sim_time = 160.05000238493085 / 0.3303912187752685x
======[Agent] Wallclock_time = 2025-06-09 16:18:25.787354 / 484.593467 / Sim_time = 160.1000023856759 / 0.33037934456167845x
======[Agent] Wallclock_time = 2025-06-09 16:18:25.939998 / 484.746111 / Sim_time = 160.15000238642097 / 0.33037845662667803x
======[Agent] Wallclock_time = 2025-06-09 16:18:26.138473 / 484.944586 / Sim_time = 160.20000238716602 / 0.330346346089159x
======[Agent] Wallclock_time = 2025-06-09 16:18:26.302987 / 485.1091 / Sim_time = 160.25000238791108 / 0.3303373860653717x
======[Agent] Wallclock_time = 2025-06-09 16:18:26.469253 / 485.275366 / Sim_time = 160.30000238865614 / 0.3303272395273751x
======[Agent] Wallclock_time = 2025-06-09 16:18:26.634400 / 485.440513 / Sim_time = 160.3500023894012 / 0.33031786135974983x
======[Agent] Wallclock_time = 2025-06-09 16:18:26.805019 / 485.611132 / Sim_time = 160.40000239014626 / 0.33030476757147054x
======[Agent] Wallclock_time = 2025-06-09 16:18:26.955581 / 485.761694 / Sim_time = 160.4500023908913 / 0.33030532062820644x
======[Agent] Wallclock_time = 2025-06-09 16:18:27.112007 / 485.91812 / Sim_time = 160.50000239163637 / 0.3303018872598312x
======[Agent] Wallclock_time = 2025-06-09 16:18:27.249883 / 486.055996 / Sim_time = 160.55000239238143 / 0.3303110616936402x
======[Agent] Wallclock_time = 2025-06-09 16:18:27.392711 / 486.198824 / Sim_time = 160.6000023931265 / 0.33031686657526743x
======[Agent] Wallclock_time = 2025-06-09 16:18:27.555546 / 486.361659 / Sim_time = 160.65000239387155 / 0.33030907990383274x
======[Agent] Wallclock_time = 2025-06-09 16:18:27.715280 / 486.521393 / Sim_time = 160.7000023946166 / 0.33030340372147393x
======[Agent] Wallclock_time = 2025-06-09 16:18:27.876546 / 486.682659 / Sim_time = 160.75000239536166 / 0.33029669154221936x
======[Agent] Wallclock_time = 2025-06-09 16:18:28.043808 / 486.849921 / Sim_time = 160.80000239610672 / 0.3302859159962578x
======[Agent] Wallclock_time = 2025-06-09 16:18:28.213529 / 487.019642 / Sim_time = 160.85000239685178 / 0.33027348027037384x
======[Agent] Wallclock_time = 2025-06-09 16:18:28.387485 / 487.193598 / Sim_time = 160.90000239759684 / 0.3302581823733539x
======[Agent] Wallclock_time = 2025-06-09 16:18:28.548422 / 487.354535 / Sim_time = 160.9500023983419 / 0.33025171735936454x
======[Agent] Wallclock_time = 2025-06-09 16:18:28.732679 / 487.538792 / Sim_time = 161.00000239908695 / 0.33022946032492656x
======[Agent] Wallclock_time = 2025-06-09 16:18:28.893259 / 487.699372 / Sim_time = 161.050002399832 / 0.3302232510903888x
======[Agent] Wallclock_time = 2025-06-09 16:18:29.020867 / 487.82698 / Sim_time = 161.10000240057707 / 0.3302393651150905x
======[Agent] Wallclock_time = 2025-06-09 16:18:29.135566 / 487.941679 / Sim_time = 161.15000240132213 / 0.3302642079425934x
======[Agent] Wallclock_time = 2025-06-09 16:18:29.268637 / 488.07475 / Sim_time = 161.20000240206718 / 0.3302766064531319x
======[Agent] Wallclock_time = 2025-06-09 16:18:29.397149 / 488.203262 / Sim_time = 161.25000240281224 / 0.33029208254395015x
======[Agent] Wallclock_time = 2025-06-09 16:18:29.519789 / 488.325902 / Sim_time = 161.3000024035573 / 0.33031152234893113x
======[Agent] Wallclock_time = 2025-06-09 16:18:29.625647 / 488.43176 / Sim_time = 161.35000240430236 / 0.33034230219181526x
======[Agent] Wallclock_time = 2025-06-09 16:18:29.743487 / 488.5496 / Sim_time = 161.40000240504742 / 0.3303649660957277x
======[Agent] Wallclock_time = 2025-06-09 16:18:29.862228 / 488.668341 / Sim_time = 161.45000240579247 / 0.33038700990613706x
======[Agent] Wallclock_time = 2025-06-09 16:18:29.983071 / 488.789184 / Sim_time = 161.50000240653753 / 0.33040762211079416x
======[Agent] Wallclock_time = 2025-06-09 16:18:30.113796 / 488.919909 / Sim_time = 161.5500024072826 / 0.3304215455577552x
======[Agent] Wallclock_time = 2025-06-09 16:18:30.214045 / 489.020158 / Sim_time = 161.60000240802765 / 0.3304560544352309x
======[Agent] Wallclock_time = 2025-06-09 16:18:30.339029 / 489.145142 / Sim_time = 161.6500024087727 / 0.33047383701693944x
======[Agent] Wallclock_time = 2025-06-09 16:18:30.455168 / 489.261281 / Sim_time = 161.70000240951777 / 0.3304975852195681x
======[Agent] Wallclock_time = 2025-06-09 16:18:30.575205 / 489.381318 / Sim_time = 161.75000241026282 / 0.3305186895008798x
======[Agent] Wallclock_time = 2025-06-09 16:18:30.695327 / 489.50144 / Sim_time = 161.80000241100788 / 0.3305397260348853x
======[Agent] Wallclock_time = 2025-06-09 16:18:30.807137 / 489.61325 / Sim_time = 161.85000241175294 / 0.33056636405446316x
======[Agent] Wallclock_time = 2025-06-09 16:18:30.914574 / 489.720687 / Sim_time = 161.900002412498 / 0.3305959419610061x
======[Agent] Wallclock_time = 2025-06-09 16:18:31.011958 / 489.818071 / Sim_time = 161.95000241324306 / 0.33063229261900884x
======[Agent] Wallclock_time = 2025-06-09 16:18:31.124338 / 489.930451 / Sim_time = 162.0000024139881 / 0.3306585076000522x
======[Agent] Wallclock_time = 2025-06-09 16:18:31.226053 / 490.032166 / Sim_time = 162.05000241473317 / 0.3306919075243433x
======[Agent] Wallclock_time = 2025-06-09 16:18:31.324350 / 490.130463 / Sim_time = 162.10000241547823 / 0.3307275999449116x
======[Agent] Wallclock_time = 2025-06-09 16:18:31.441368 / 490.247481 / Sim_time = 162.1500024162233 / 0.33075064727477105x
======[Agent] Wallclock_time = 2025-06-09 16:18:31.573014 / 490.379127 / Sim_time = 162.20000241696835 / 0.3307638166523179x
======[Agent] Wallclock_time = 2025-06-09 16:18:31.695539 / 490.501652 / Sim_time = 162.2500024177134 / 0.3307831298284467x
======[Agent] Wallclock_time = 2025-06-09 16:18:31.841114 / 490.647227 / Sim_time = 162.30000241845846 / 0.33078689270074235x
======[Agent] Wallclock_time = 2025-06-09 16:18:31.945694 / 490.751807 / Sim_time = 162.35000241920352 / 0.3308182859139582x
======[Agent] Wallclock_time = 2025-06-09 16:18:32.059299 / 490.865412 / Sim_time = 162.40000241994858 / 0.3308435827952893x
======[Agent] Wallclock_time = 2025-06-09 16:18:32.164778 / 490.970891 / Sim_time = 162.45000242069364 / 0.3308743441295983x
======[Agent] Wallclock_time = 2025-06-09 16:18:32.258487 / 491.0646 / Sim_time = 162.5000024214387 / 0.3309130234767793x
======[Agent] Wallclock_time = 2025-06-09 16:18:32.367023 / 491.173136 / Sim_time = 162.55000242218375 / 0.33094169767559534x
======[Agent] Wallclock_time = 2025-06-09 16:18:32.480502 / 491.286615 / Sim_time = 162.6000024229288 / 0.3309670292073795x
======[Agent] Wallclock_time = 2025-06-09 16:18:32.585065 / 491.391178 / Sim_time = 162.65000242367387 / 0.3309983546862113x
======[Agent] Wallclock_time = 2025-06-09 16:18:32.695745 / 491.501858 / Sim_time = 162.70000242441893 / 0.33102554700591164x
======[Agent] Wallclock_time = 2025-06-09 16:18:32.800620 / 491.606733 / Sim_time = 162.75000242516398 / 0.33105663621683507x
======[Agent] Wallclock_time = 2025-06-09 16:18:32.926371 / 491.732484 / Sim_time = 162.80000242590904 / 0.3310736562041991x
======[Agent] Wallclock_time = 2025-06-09 16:18:33.030276 / 491.836389 / Sim_time = 162.8500024266541 / 0.3311053735824344x
======[Agent] Wallclock_time = 2025-06-09 16:18:33.148032 / 491.954145 / Sim_time = 162.90000242739916 / 0.3311277543959809x
======[Agent] Wallclock_time = 2025-06-09 16:18:33.254198 / 492.060311 / Sim_time = 162.95000242814422 / 0.33115792439967756x
======[Agent] Wallclock_time = 2025-06-09 16:18:33.362054 / 492.168167 / Sim_time = 163.00000242888927 / 0.3311869441607854x
======[Agent] Wallclock_time = 2025-06-09 16:18:33.470296 / 492.276409 / Sim_time = 163.05000242963433 / 0.33121569149567526x
======[Agent] Wallclock_time = 2025-06-09 16:18:33.585156 / 492.391269 / Sim_time = 163.1000024303794 / 0.33123997409955147x
======[Agent] Wallclock_time = 2025-06-09 16:18:33.715137 / 492.52125 / Sim_time = 163.15000243112445 / 0.3312540751836581x
======[Agent] Wallclock_time = 2025-06-09 16:18:33.824306 / 492.630419 / Sim_time = 163.2000024318695 / 0.33128216377906156x
======[Agent] Wallclock_time = 2025-06-09 16:18:33.948133 / 492.754246 / Sim_time = 163.25000243261456 / 0.3313003844359164x
======[Agent] Wallclock_time = 2025-06-09 16:18:34.074372 / 492.880485 / Sim_time = 163.30000243335962 / 0.3313169745732275x
======[Agent] Wallclock_time = 2025-06-09 16:18:34.216914 / 493.023027 / Sim_time = 163.35000243410468 / 0.3313225998904607x
======[Agent] Wallclock_time = 2025-06-09 16:18:34.332582 / 493.138695 / Sim_time = 163.40000243484974 / 0.331346277924047x
======[Agent] Wallclock_time = 2025-06-09 16:18:34.466618 / 493.272731 / Sim_time = 163.4500024355948 / 0.33135760565282324x
======[Agent] Wallclock_time = 2025-06-09 16:18:34.590767 / 493.39688 / Sim_time = 163.50000243633986 / 0.3313755673946955x
======[Agent] Wallclock_time = 2025-06-09 16:18:34.710930 / 493.517043 / Sim_time = 163.5500024370849 / 0.33139619666769693x
======[Agent] Wallclock_time = 2025-06-09 16:18:34.838950 / 493.645063 / Sim_time = 163.60000243782997 / 0.3314115409805871x
======[Agent] Wallclock_time = 2025-06-09 16:18:34.990573 / 493.796686 / Sim_time = 163.65000243857503 / 0.33141103548746687x
======[Agent] Wallclock_time = 2025-06-09 16:18:35.113857 / 493.91997 / Sim_time = 163.7000024393201 / 0.3314295451746463x
======[Agent] Wallclock_time = 2025-06-09 16:18:35.229590 / 494.035703 / Sim_time = 163.75000244006515 / 0.3314531115718849x
======[Agent] Wallclock_time = 2025-06-09 16:18:35.333222 / 494.139335 / Sim_time = 163.8000024408102 / 0.3314847844606942x
======[Agent] Wallclock_time = 2025-06-09 16:18:35.478991 / 494.285104 / Sim_time = 163.85000244155526 / 0.33148818288760806x
======[Agent] Wallclock_time = 2025-06-09 16:18:35.607234 / 494.413347 / Sim_time = 163.90000244230032 / 0.33150333002432136x
======[Agent] Wallclock_time = 2025-06-09 16:18:35.720285 / 494.526398 / Sim_time = 163.95000244304538 / 0.3315286536319377x
======[Agent] Wallclock_time = 2025-06-09 16:18:35.844363 / 494.650476 / Sim_time = 164.00000244379044 / 0.3315465745093429x
======[Agent] Wallclock_time = 2025-06-09 16:18:35.969107 / 494.77522 / Sim_time = 164.0500024445355 / 0.3315640400917722x
======[Agent] Wallclock_time = 2025-06-09 16:18:36.088204 / 494.894317 / Sim_time = 164.10000244528055 / 0.3315852803781543x
======[Agent] Wallclock_time = 2025-06-09 16:18:36.211764 / 495.017877 / Sim_time = 164.1500024460256 / 0.3316035207401305x
======[Agent] Wallclock_time = 2025-06-09 16:18:36.336683 / 495.142796 / Sim_time = 164.20000244677067 / 0.3316208418105085x
======[Agent] Wallclock_time = 2025-06-09 16:18:36.484511 / 495.290624 / Sim_time = 164.25000244751573 / 0.33162281469859006x
======[Agent] Wallclock_time = 2025-06-09 16:18:36.609865 / 495.415978 / Sim_time = 164.30000244826078 / 0.33163983017203097x
======[Agent] Wallclock_time = 2025-06-09 16:18:36.726126 / 495.532239 / Sim_time = 164.35000244900584 / 0.3316629229164703x
======[Agent] Wallclock_time = 2025-06-09 16:18:36.838512 / 495.644625 / Sim_time = 164.4000024497509 / 0.3316885979771352x
======[Agent] Wallclock_time = 2025-06-09 16:18:36.963818 / 495.769931 / Sim_time = 164.45000245049596 / 0.33170561678311866x
======[Agent] Wallclock_time = 2025-06-09 16:18:37.092706 / 495.898819 / Sim_time = 164.50000245124102 / 0.3317202308784086x
======[Agent] Wallclock_time = 2025-06-09 16:18:37.220100 / 496.026213 / Sim_time = 164.55000245198607 / 0.3317358365416659x
======[Agent] Wallclock_time = 2025-06-09 16:18:37.334452 / 496.140565 / Sim_time = 164.60000245273113 / 0.33176015489194327x
======[Agent] Wallclock_time = 2025-06-09 16:18:37.465101 / 496.271214 / Sim_time = 164.6500024534762 / 0.331773566620589x
======[Agent] Wallclock_time = 2025-06-09 16:18:37.585350 / 496.391463 / Sim_time = 164.70000245422125 / 0.33179392261284446x
======[Agent] Wallclock_time = 2025-06-09 16:18:37.700986 / 496.507099 / Sim_time = 164.7500024549663 / 0.3318173515936269x
======[Agent] Wallclock_time = 2025-06-09 16:18:37.831703 / 496.637816 / Sim_time = 164.80000245571136 / 0.33183069294308115x
======[Agent] Wallclock_time = 2025-06-09 16:18:37.949189 / 496.755302 / Sim_time = 164.85000245645642 / 0.33185286586753043x
======[Agent] Wallclock_time = 2025-06-09 16:18:38.079788 / 496.885901 / Sim_time = 164.90000245720148 / 0.33186627002107566x
======[Agent] Wallclock_time = 2025-06-09 16:18:38.205231 / 497.011344 / Sim_time = 164.95000245794654 / 0.33188311004594795x
======[Agent] Wallclock_time = 2025-06-09 16:18:38.317652 / 497.123765 / Sim_time = 165.0000024586916 / 0.3319086355689635x
======[Agent] Wallclock_time = 2025-06-09 16:18:38.447352 / 497.253465 / Sim_time = 165.05000245943666 / 0.33192261523370464x
======[Agent] Wallclock_time = 2025-06-09 16:18:38.570937 / 497.37705 / Sim_time = 165.1000024601817 / 0.3319406685923951x
======[Agent] Wallclock_time = 2025-06-09 16:18:38.700817 / 497.50693 / Sim_time = 165.15000246092677 / 0.33195451268671594x
======[Agent] Wallclock_time = 2025-06-09 16:18:38.810595 / 497.616708 / Sim_time = 165.20000246167183 / 0.33198175990487827x
======[Agent] Wallclock_time = 2025-06-09 16:18:38.934487 / 497.7406 / Sim_time = 165.2500024624169 / 0.33199958063062623x
======[Agent] Wallclock_time = 2025-06-09 16:18:39.057503 / 497.863616 / Sim_time = 165.30000246316195 / 0.3320179766765388x
======[Agent] Wallclock_time = 2025-06-09 16:18:39.179119 / 497.985232 / Sim_time = 165.350002463907 / 0.3320372970952077x
======[Agent] Wallclock_time = 2025-06-09 16:18:39.301202 / 498.107315 / Sim_time = 165.40000246465206 / 0.33205629676077997x
======[Agent] Wallclock_time = 2025-06-09 16:18:39.420578 / 498.226691 / Sim_time = 165.45000246539712 / 0.33207709136623864x
======[Agent] Wallclock_time = 2025-06-09 16:18:39.551484 / 498.357597 / Sim_time = 165.50000246614218 / 0.33209019260912276x
======[Agent] Wallclock_time = 2025-06-09 16:18:39.671674 / 498.477787 / Sim_time = 165.55000246688724 / 0.3321104263297111x
======[Agent] Wallclock_time = 2025-06-09 16:18:39.797136 / 498.603249 / Sim_time = 165.6000024676323 / 0.3321271385066602x
======[Agent] Wallclock_time = 2025-06-09 16:18:39.914612 / 498.720725 / Sim_time = 165.65000246837735 / 0.3321491608739871x
======[Agent] Wallclock_time = 2025-06-09 16:18:40.030437 / 498.83655 / Sim_time = 165.7000024691224 / 0.3321722722540082x
======[Agent] Wallclock_time = 2025-06-09 16:18:40.187053 / 498.993166 / Sim_time = 165.75000246986747 / 0.33216821711271766x
======[Agent] Wallclock_time = 2025-06-09 16:18:40.300599 / 499.106712 / Sim_time = 165.80000247061253 / 0.33219282828996344x
======[Agent] Wallclock_time = 2025-06-09 16:18:40.418751 / 499.224864 / Sim_time = 165.85000247135758 / 0.33221436313916136x
======[Agent] Wallclock_time = 2025-06-09 16:18:40.549563 / 499.355676 / Sim_time = 165.90000247210264 / 0.33222746474726744x
======[Agent] Wallclock_time = 2025-06-09 16:18:40.692579 / 499.498692 / Sim_time = 165.9500024728477 / 0.3322324420429226x
======[Agent] Wallclock_time = 2025-06-09 16:18:40.814832 / 499.620945 / Sim_time = 166.00000247359276 / 0.3322512234197254x
======[Agent] Wallclock_time = 2025-06-09 16:18:40.927227 / 499.73334 / Sim_time = 166.05000247433782 / 0.33227655012528823x
======[Agent] Wallclock_time = 2025-06-09 16:18:41.040444 / 499.846557 / Sim_time = 166.10000247508287 / 0.3323013189701013x
======[Agent] Wallclock_time = 2025-06-09 16:18:41.157239 / 499.963352 / Sim_time = 166.15000247582793 / 0.33232369830205005x
======[Agent] Wallclock_time = 2025-06-09 16:18:41.293978 / 500.100091 / Sim_time = 166.200002476573 / 0.33233281324029945x
======[Agent] Wallclock_time = 2025-06-09 16:18:41.410436 / 500.216549 / Sim_time = 166.25000247731805 / 0.33235539778577033x
======[Agent] Wallclock_time = 2025-06-09 16:18:41.545860 / 500.351973 / Sim_time = 166.3000024780631 / 0.3323653729505533x
======[Agent] Wallclock_time = 2025-06-09 16:18:41.682280 / 500.488393 / Sim_time = 166.35000247880816 / 0.33237468127283204x
======[Agent] Wallclock_time = 2025-06-09 16:18:41.809353 / 500.615466 / Sim_time = 166.40000247955322 / 0.3323901904568062x
======[Agent] Wallclock_time = 2025-06-09 16:18:41.963485 / 500.769598 / Sim_time = 166.45000248029828 / 0.33238773032017804x
======[Agent] Wallclock_time = 2025-06-09 16:18:42.079856 / 500.885969 / Sim_time = 166.50000248104334 / 0.33241032964673384x
======[Agent] Wallclock_time = 2025-06-09 16:18:42.194296 / 501.000409 / Sim_time = 166.5500024817884 / 0.3324341997644729x
======[Agent] Wallclock_time = 2025-06-09 16:18:42.323244 / 501.129357 / Sim_time = 166.60000248253345 / 0.33244843413573816x
======[Agent] Wallclock_time = 2025-06-09 16:18:42.447678 / 501.253791 / Sim_time = 166.6500024832785 / 0.33246565514279247x
======[Agent] Wallclock_time = 2025-06-09 16:18:42.576452 / 501.382565 / Sim_time = 166.70000248402357 / 0.3324799896143855x
======[Agent] Wallclock_time = 2025-06-09 16:18:42.707171 / 501.513284 / Sim_time = 166.75000248476863 / 0.3324930272270543x
======[Agent] Wallclock_time = 2025-06-09 16:18:42.818359 / 501.624472 / Sim_time = 166.8000024855137 / 0.33251900430908277x
======[Agent] Wallclock_time = 2025-06-09 16:18:42.946151 / 501.752264 / Sim_time = 166.85000248625875 / 0.33253396531219925x
======[Agent] Wallclock_time = 2025-06-09 16:18:43.050508 / 501.856621 / Sim_time = 166.9000024870038 / 0.3325644475706862x
======[Agent] Wallclock_time = 2025-06-09 16:18:43.159760 / 501.965873 / Sim_time = 166.95000248774886 / 0.3325916738090182x
======[Agent] Wallclock_time = 2025-06-09 16:18:43.263170 / 502.069283 / Sim_time = 167.00000248849392 / 0.33262275849234824x
======[Agent] Wallclock_time = 2025-06-09 16:18:43.392444 / 502.198557 / Sim_time = 167.05000248923898 / 0.332636698222414x
======[Agent] Wallclock_time = 2025-06-09 16:18:43.514820 / 502.320933 / Sim_time = 167.10000248998404 / 0.33265519881247957x
======[Agent] Wallclock_time = 2025-06-09 16:18:43.646791 / 502.452904 / Sim_time = 167.1500024907291 / 0.33266733756083844x
======[Agent] Wallclock_time = 2025-06-09 16:18:43.777054 / 502.583167 / Sim_time = 167.20000249147415 / 0.3326806005241191x
======[Agent] Wallclock_time = 2025-06-09 16:18:43.915784 / 502.721897 / Sim_time = 167.2500024922192 / 0.33268825329079693x
======[Agent] Wallclock_time = 2025-06-09 16:18:44.053189 / 502.859302 / Sim_time = 167.30000249296427 / 0.33269677846425877x
======[Agent] Wallclock_time = 2025-06-09 16:18:44.188853 / 502.994966 / Sim_time = 167.35000249370933 / 0.3327064505597036x
======[Agent] Wallclock_time = 2025-06-09 16:18:44.303422 / 503.109535 / Sim_time = 167.40000249445438 / 0.33273006794511745x
======[Agent] Wallclock_time = 2025-06-09 16:18:44.419561 / 503.225674 / Sim_time = 167.45000249519944 / 0.3327526364296012x
======[Agent] Wallclock_time = 2025-06-09 16:18:44.522116 / 503.328229 / Sim_time = 167.5000024959445 / 0.3327841755360178x
======[Agent] Wallclock_time = 2025-06-09 16:18:44.662930 / 503.469043 / Sim_time = 167.55000249668956 / 0.3327904109216078x
======[Agent] Wallclock_time = 2025-06-09 16:18:44.767570 / 503.573683 / Sim_time = 167.60000249743462 / 0.3328205490771954x
======[Agent] Wallclock_time = 2025-06-09 16:18:44.902814 / 503.708927 / Sim_time = 167.65000249817967 / 0.332830451638448x
======[Agent] Wallclock_time = 2025-06-09 16:18:45.026060 / 503.832173 / Sim_time = 167.70000249892473 / 0.3328482749565296x
======[Agent] Wallclock_time = 2025-06-09 16:18:45.161626 / 503.967739 / Sim_time = 167.7500024996698 / 0.33285795232562987x
======[Agent] Wallclock_time = 2025-06-09 16:18:45.280230 / 504.086343 / Sim_time = 167.80000250041485 / 0.33287882512934835x
======[Agent] Wallclock_time = 2025-06-09 16:18:45.395791 / 504.201904 / Sim_time = 167.8500025011599 / 0.3329016972523425x
======[Agent] Wallclock_time = 2025-06-09 16:18:45.508297 / 504.31441 / Sim_time = 167.90000250190496 / 0.3329265756561057x
======[Agent] Wallclock_time = 2025-06-09 16:18:45.656873 / 504.462986 / Sim_time = 167.95000250265002 / 0.33292763638958767x
======[Agent] Wallclock_time = 2025-06-09 16:18:45.771781 / 504.577894 / Sim_time = 168.00000250339508 / 0.3329509111480891x
======[Agent] Wallclock_time = 2025-06-09 16:18:45.888246 / 504.694359 / Sim_time = 168.05000250414014 / 0.33297314807315304x
======[Agent] Wallclock_time = 2025-06-09 16:18:46.009143 / 504.815256 / Sim_time = 168.1000025048852 / 0.33299245122741294x
======[Agent] Wallclock_time = 2025-06-09 16:18:46.134118 / 504.940231 / Sim_time = 168.15000250563025 / 0.33300905567291705x
======[Agent] Wallclock_time = 2025-06-09 16:18:46.253012 / 505.059125 / Sim_time = 168.2000025063753 / 0.3330296615801442x
======[Agent] Wallclock_time = 2025-06-09 16:18:46.365871 / 505.171984 / Sim_time = 168.25000250712037 / 0.33305423654072597x
======[Agent] Wallclock_time = 2025-06-09 16:18:46.492274 / 505.298387 / Sim_time = 168.30000250786543 / 0.33306987270868277x
======[Agent] Wallclock_time = 2025-06-09 16:18:46.608144 / 505.414257 / Sim_time = 168.3500025086105 / 0.3330924426537652x
======[Agent] Wallclock_time = 2025-06-09 16:18:46.721354 / 505.527467 / Sim_time = 168.40000250935555 / 0.3331167550438966x
======[Agent] Wallclock_time = 2025-06-09 16:18:46.854261 / 505.660374 / Sim_time = 168.4500025101006 / 0.33312807972178754x
======[Agent] Wallclock_time = 2025-06-09 16:18:46.966466 / 505.772579 / Sim_time = 168.50000251084566 / 0.33315303429649035x
======[Agent] Wallclock_time = 2025-06-09 16:18:47.082982 / 505.889095 / Sim_time = 168.55000251159072 / 0.3331751385873462x
======[Agent] Wallclock_time = 2025-06-09 16:18:47.210891 / 506.017004 / Sim_time = 168.60000251233578 / 0.33318973075972963x
======[Agent] Wallclock_time = 2025-06-09 16:18:47.320072 / 506.126185 / Sim_time = 168.65000251308084 / 0.3332166449685583x
======[Agent] Wallclock_time = 2025-06-09 16:18:47.447421 / 506.253534 / Sim_time = 168.7000025138259 / 0.33323158842825473x
======[Agent] Wallclock_time = 2025-06-09 16:18:47.561297 / 506.36741 / Sim_time = 168.75000251457095 / 0.3332553910986883x
======[Agent] Wallclock_time = 2025-06-09 16:18:47.673768 / 506.479881 / Sim_time = 168.800002515316 / 0.3332801075966301x
======[Agent] Wallclock_time = 2025-06-09 16:18:47.804128 / 506.610241 / Sim_time = 168.85000251606107 / 0.3332930437602767x
======[Agent] Wallclock_time = 2025-06-09 16:18:47.929902 / 506.736015 / Sim_time = 168.90000251680613 / 0.33330898970703005x
======[Agent] Wallclock_time = 2025-06-09 16:18:48.054193 / 506.860306 / Sim_time = 168.95000251755118 / 0.3333259029987016x
======[Agent] Wallclock_time = 2025-06-09 16:18:48.172091 / 506.978204 / Sim_time = 169.00000251829624 / 0.3333470114452589x
======[Agent] Wallclock_time = 2025-06-09 16:18:48.289032 / 507.095145 / Sim_time = 169.0500025190413 / 0.33336873921422006x
======[Agent] Wallclock_time = 2025-06-09 16:18:48.418627 / 507.22474 / Sim_time = 169.10000251978636 / 0.3333821397151224x
======[Agent] Wallclock_time = 2025-06-09 16:18:48.543709 / 507.349822 / Sim_time = 169.15000252053142 / 0.3333984989986503x
======[Agent] Wallclock_time = 2025-06-09 16:18:48.659030 / 507.465143 / Sim_time = 169.20000252127647 / 0.33342126337929207x
======[Agent] Wallclock_time = 2025-06-09 16:18:48.772983 / 507.579096 / Sim_time = 169.25000252202153 / 0.3334449160946247x
======[Agent] Wallclock_time = 2025-06-09 16:18:48.878672 / 507.684785 / Sim_time = 169.3000025227666 / 0.3334739863216115x
======[Agent] Wallclock_time = 2025-06-09 16:18:48.990050 / 507.796163 / Sim_time = 169.35000252351165 / 0.33349930811549583x
======[Agent] Wallclock_time = 2025-06-09 16:18:49.101079 / 507.907192 / Sim_time = 169.4000025242567 / 0.3335248479793307x
======[Agent] Wallclock_time = 2025-06-09 16:18:49.208660 / 508.014773 / Sim_time = 169.45000252500176 / 0.333552640549611x
======[Agent] Wallclock_time = 2025-06-09 16:18:49.316086 / 508.122199 / Sim_time = 169.50000252574682 / 0.3335805231080324x
======[Agent] Wallclock_time = 2025-06-09 16:18:49.455280 / 508.261393 / Sim_time = 169.55000252649188 / 0.3335875423041419x
======[Agent] Wallclock_time = 2025-06-09 16:18:49.578099 / 508.384212 / Sim_time = 169.60000252723694 / 0.3336053026798839x
======[Agent] Wallclock_time = 2025-06-09 16:18:49.689783 / 508.495896 / Sim_time = 169.650002527982 / 0.33363036011134667x
======[Agent] Wallclock_time = 2025-06-09 16:18:49.795781 / 508.601894 / Sim_time = 169.70000252872705 / 0.3336591366873486x
======[Agent] Wallclock_time = 2025-06-09 16:18:49.917719 / 508.723832 / Sim_time = 169.7500025294721 / 0.3336774457462932x
======[Agent] Wallclock_time = 2025-06-09 16:18:50.060818 / 508.866931 / Sim_time = 169.80000253021717 / 0.3336818694715843x
======[Agent] Wallclock_time = 2025-06-09 16:18:50.164782 / 508.970895 / Sim_time = 169.85000253096223 / 0.3337119479474642x
======[Agent] Wallclock_time = 2025-06-09 16:18:50.274342 / 509.080455 / Sim_time = 169.9000025317073 / 0.33373834553000425x
======[Agent] Wallclock_time = 2025-06-09 16:18:50.381657 / 509.18777 / Sim_time = 169.95000253245234 / 0.3337662033128742x
======[Agent] Wallclock_time = 2025-06-09 16:18:50.520524 / 509.326637 / Sim_time = 170.0000025331974 / 0.33377337136959134x
======[Agent] Wallclock_time = 2025-06-09 16:18:50.653923 / 509.460036 / Sim_time = 170.05000253394246 / 0.33378411795547497x
======[Agent] Wallclock_time = 2025-06-09 16:18:50.775251 / 509.581364 / Sim_time = 170.10000253468752 / 0.3338027658560953x
======[Agent] Wallclock_time = 2025-06-09 16:18:50.888689 / 509.694802 / Sim_time = 170.15000253543258 / 0.3338265723746977x
======[Agent] Wallclock_time = 2025-06-09 16:18:51.016213 / 509.822326 / Sim_time = 170.20000253617764 / 0.3338411442872617x
======[Agent] Wallclock_time = 2025-06-09 16:18:51.134022 / 509.940135 / Sim_time = 170.2500025369227 / 0.3338620692698633x
======[Agent] Wallclock_time = 2025-06-09 16:18:51.253692 / 510.059805 / Sim_time = 170.30000253766775 / 0.3338817663860052x
======[Agent] Wallclock_time = 2025-06-09 16:18:51.402122 / 510.208235 / Sim_time = 170.3500025384128 / 0.3338826325603707x
======[Agent] Wallclock_time = 2025-06-09 16:18:51.509906 / 510.316019 / Sim_time = 170.40000253915787 / 0.33391009156047347x
======[Agent] Wallclock_time = 2025-06-09 16:18:51.621860 / 510.427973 / Sim_time = 170.45000253990293 / 0.3339348108280345x
======[Agent] Wallclock_time = 2025-06-09 16:18:51.744649 / 510.550762 / Sim_time = 170.50000254064798 / 0.333952431919426x
======[Agent] Wallclock_time = 2025-06-09 16:18:51.869242 / 510.675355 / Sim_time = 170.55000254139304 / 0.33396886476444176x
======[Agent] Wallclock_time = 2025-06-09 16:18:52.008209 / 510.814322 / Sim_time = 170.6000025421381 / 0.3339758914712784x
======[Agent] Wallclock_time = 2025-06-09 16:18:52.119372 / 510.925485 / Sim_time = 170.65000254288316 / 0.33400108930129774x
======[Agent] Wallclock_time = 2025-06-09 16:18:52.241343 / 511.047456 / Sim_time = 170.70000254362822 / 0.33401921195439094x
======[Agent] Wallclock_time = 2025-06-09 16:18:52.365286 / 511.171399 / Sim_time = 170.75000254437327 / 0.3340360373103268x
======[Agent] Wallclock_time = 2025-06-09 16:18:52.487266 / 511.293379 / Sim_time = 170.80000254511833 / 0.3340541370299679x
======[Agent] Wallclock_time = 2025-06-09 16:18:52.625332 / 511.431445 / Sim_time = 170.8500025458634 / 0.3340617205970642x
======[Agent] Wallclock_time = 2025-06-09 16:18:52.751337 / 511.55745 / Sim_time = 170.90000254660845 / 0.33407717641377727x
======[Agent] Wallclock_time = 2025-06-09 16:18:52.884686 / 511.690799 / Sim_time = 170.9500025473535 / 0.3340878295908618x
======[Agent] Wallclock_time = 2025-06-09 16:18:53.015556 / 511.821669 / Sim_time = 171.00000254809856 / 0.3341000954142939x
======[Agent] Wallclock_time = 2025-06-09 16:18:53.128705 / 511.934818 / Sim_time = 171.05000254884362 / 0.3341239204888837x
======[Agent] Wallclock_time = 2025-06-09 16:18:53.254441 / 512.060554 / Sim_time = 171.10000254958868 / 0.33413952133885194x
======[Agent] Wallclock_time = 2025-06-09 16:18:53.374003 / 512.180116 / Sim_time = 171.15000255033374 / 0.33415914254506357x
======[Agent] Wallclock_time = 2025-06-09 16:18:53.522596 / 512.328709 / Sim_time = 171.2000025510788 / 0.3341598184599496x
======[Agent] Wallclock_time = 2025-06-09 16:18:53.644476 / 512.450589 / Sim_time = 171.25000255182385 / 0.33417791305126354x
======[Agent] Wallclock_time = 2025-06-09 16:18:53.757835 / 512.563948 / Sim_time = 171.3000025525689 / 0.3342015547902213x
======[Agent] Wallclock_time = 2025-06-09 16:18:53.883889 / 512.690002 / Sim_time = 171.35000255331397 / 0.3342169101561762x
======[Agent] Wallclock_time = 2025-06-09 16:18:53.996374 / 512.802487 / Sim_time = 171.40000255405903 / 0.33424110190198264x
======[Agent] Wallclock_time = 2025-06-09 16:18:54.107429 / 512.913542 / Sim_time = 171.4500025548041 / 0.33426621496491726x
======[Agent] Wallclock_time = 2025-06-09 16:18:54.236218 / 513.042331 / Sim_time = 171.50000255554914 / 0.33427976194772746x
======[Agent] Wallclock_time = 2025-06-09 16:18:54.342695 / 513.148808 / Sim_time = 171.5500025562942 / 0.33430783736412156x
======[Agent] Wallclock_time = 2025-06-09 16:18:54.449594 / 513.255707 / Sim_time = 171.60000255703926 / 0.3343356262406119x
======[Agent] Wallclock_time = 2025-06-09 16:18:54.561606 / 513.367719 / Sim_time = 171.65000255778432 / 0.33436007338379403x
======[Agent] Wallclock_time = 2025-06-09 16:18:54.677916 / 513.484029 / Sim_time = 171.70000255852938 / 0.334381710977847x
======[Agent] Wallclock_time = 2025-06-09 16:18:54.811250 / 513.617363 / Sim_time = 171.75000255927444 / 0.33439225489543967x
======[Agent] Wallclock_time = 2025-06-09 16:18:54.940420 / 513.746533 / Sim_time = 171.8000025600195 / 0.3344055037243741x
======[Agent] Wallclock_time = 2025-06-09 16:18:55.069530 / 513.875643 / Sim_time = 171.85000256076455 / 0.3344187849393353x
======[Agent] Wallclock_time = 2025-06-09 16:18:55.220049 / 514.026162 / Sim_time = 171.9000025615096 / 0.3344181305374474x
======[Agent] Wallclock_time = 2025-06-09 16:18:55.333886 / 514.139999 / Sim_time = 171.95000256225467 / 0.3344413359306027x
======[Agent] Wallclock_time = 2025-06-09 16:18:55.454171 / 514.260284 / Sim_time = 172.00000256299973 / 0.33446033740894976x
======[Agent] Wallclock_time = 2025-06-09 16:18:55.570584 / 514.376697 / Sim_time = 172.05000256374478 / 0.33448184780792467x
======[Agent] Wallclock_time = 2025-06-09 16:18:55.701036 / 514.507149 / Sim_time = 172.10000256448984 / 0.3344942211294108x
======[Agent] Wallclock_time = 2025-06-09 16:18:55.813406 / 514.619519 / Sim_time = 172.1500025652349 / 0.33451834159227317x
======[Agent] Wallclock_time = 2025-06-09 16:18:55.930220 / 514.736333 / Sim_time = 172.20000256597996 / 0.33453956324162715x
======[Agent] Wallclock_time = 2025-06-09 16:18:56.056651 / 514.862764 / Sim_time = 172.25000256672502 / 0.3345545260915372x
======[Agent] Wallclock_time = 2025-06-09 16:18:56.202524 / 515.008637 / Sim_time = 172.30000256747007 / 0.3345568513458129x
======[Agent] Wallclock_time = 2025-06-09 16:18:56.320141 / 515.126254 / Sim_time = 172.35000256821513 / 0.33457752667890317x
======[Agent] Wallclock_time = 2025-06-09 16:18:56.434718 / 515.240831 / Sim_time = 172.4000025689602 / 0.33460016674958254x
======[Agent] Wallclock_time = 2025-06-09 16:18:56.553123 / 515.359236 / Sim_time = 172.45000256970525 / 0.3346203112374104x
======[Agent] Wallclock_time = 2025-06-09 16:18:56.665876 / 515.471989 / Sim_time = 172.5000025704503 / 0.3346441156986604x
======[Agent] Wallclock_time = 2025-06-09 16:18:56.775863 / 515.581976 / Sim_time = 172.55000257119536 / 0.3346697051750509x
======[Agent] Wallclock_time = 2025-06-09 16:18:56.906760 / 515.712873 / Sim_time = 172.60000257194042 / 0.33468171326843565x
======[Agent] Wallclock_time = 2025-06-09 16:18:57.014443 / 515.820556 / Sim_time = 172.65000257268548 / 0.3347087778019992x
======[Agent] Wallclock_time = 2025-06-09 16:18:57.139761 / 515.945874 / Sim_time = 172.70000257343054 / 0.33472438980884406x
======[Agent] Wallclock_time = 2025-06-09 16:18:57.266846 / 516.072959 / Sim_time = 172.7500025741756 / 0.334738848107962x
======[Agent] Wallclock_time = 2025-06-09 16:18:57.383331 / 516.189444 / Sim_time = 172.80000257492065 / 0.3347601734659789x
======[Agent] Wallclock_time = 2025-06-09 16:18:57.512680 / 516.318793 / Sim_time = 172.8500025756657 / 0.3347731481904776x
======[Agent] Wallclock_time = 2025-06-09 16:18:57.658078 / 516.464191 / Sim_time = 172.90000257641077 / 0.3347757130381528x
======[Agent] Wallclock_time = 2025-06-09 16:18:57.800489 / 516.606602 / Sim_time = 172.95000257715583 / 0.33478021211378894x
======[Agent] Wallclock_time = 2025-06-09 16:18:57.934610 / 516.740723 / Sim_time = 173.0000025779009 / 0.33479007960404406x
======[Agent] Wallclock_time = 2025-06-09 16:18:58.083264 / 516.889377 / Sim_time = 173.05000257864594 / 0.33479052866686654x
======[Agent] Wallclock_time = 2025-06-09 16:18:58.223190 / 517.029303 / Sim_time = 173.100002579391 / 0.33479662908537683x
======[Agent] Wallclock_time = 2025-06-09 16:18:58.372753 / 517.178866 / Sim_time = 173.15000258013606 / 0.3347964875727318x
======[Agent] Wallclock_time = 2025-06-09 16:18:58.500366 / 517.306479 / Sim_time = 173.20000258088112 / 0.33481055196745213x
======[Agent] Wallclock_time = 2025-06-09 16:18:58.635479 / 517.441592 / Sim_time = 173.25000258162618 / 0.3348197563559402x
======[Agent] Wallclock_time = 2025-06-09 16:18:58.752927 / 517.55904 / Sim_time = 173.30000258237123 / 0.3348403840883296x
======[Agent] Wallclock_time = 2025-06-09 16:18:58.873587 / 517.6797 / Sim_time = 173.3500025831163 / 0.33485892478339696x
======[Agent] Wallclock_time = 2025-06-09 16:18:58.985793 / 517.791906 / Sim_time = 173.40000258386135 / 0.3348829243787696x
======[Agent] Wallclock_time = 2025-06-09 16:18:59.102627 / 517.90874 / Sim_time = 173.4500025846064 / 0.33490392087356075x
======[Agent] Wallclock_time = 2025-06-09 16:18:59.212231 / 518.018344 / Sim_time = 173.50000258535147 / 0.3349295824469279x
======[Agent] Wallclock_time = 2025-06-09 16:18:59.331992 / 518.138105 / Sim_time = 173.55000258609653 / 0.3349486670883421x
======[Agent] Wallclock_time = 2025-06-09 16:18:59.456026 / 518.262139 / Sim_time = 173.60000258684158 / 0.33496498115186535x
======[Agent] Wallclock_time = 2025-06-09 16:18:59.579133 / 518.385246 / Sim_time = 173.65000258758664 / 0.3349818864360584x
======[Agent] Wallclock_time = 2025-06-09 16:18:59.691130 / 518.497243 / Sim_time = 173.7000025883317 / 0.335005961800977x
======[Agent] Wallclock_time = 2025-06-09 16:18:59.801524 / 518.607637 / Sim_time = 173.75000258907676 / 0.33503106233280255x
======[Agent] Wallclock_time = 2025-06-09 16:18:59.914021 / 518.720134 / Sim_time = 173.80000258982182 / 0.3350547937956617x
======[Agent] Wallclock_time = 2025-06-09 16:19:00.055177 / 518.86129 / Sim_time = 173.85000259056687 / 0.33506000713709x
======[Agent] Wallclock_time = 2025-06-09 16:19:00.197878 / 519.003991 / Sim_time = 173.90000259131193 / 0.33506422020383214x
======[Agent] Wallclock_time = 2025-06-09 16:19:00.323754 / 519.129867 / Sim_time = 173.950002592057 / 0.3350792905020171x
======[Agent] Wallclock_time = 2025-06-09 16:19:00.429212 / 519.235325 / Sim_time = 174.00000259280205 / 0.33510753045408x
======[Agent] Wallclock_time = 2025-06-09 16:19:00.534373 / 519.340486 / Sim_time = 174.0500025935471 / 0.33513595059407036x
======[Agent] Wallclock_time = 2025-06-09 16:19:00.675426 / 519.481539 / Sim_time = 174.10000259429216 / 0.33514120210745363x
======[Agent] Wallclock_time = 2025-06-09 16:19:00.824007 / 519.63012 / Sim_time = 174.15000259503722 / 0.33514159543608013x
======[Agent] Wallclock_time = 2025-06-09 16:19:00.975143 / 519.781256 / Sim_time = 174.20000259578228 / 0.3351403411427386x
======[Agent] Wallclock_time = 2025-06-09 16:19:01.088353 / 519.894466 / Sim_time = 174.25000259652734 / 0.3351635357337918x
======[Agent] Wallclock_time = 2025-06-09 16:19:01.224222 / 520.030335 / Sim_time = 174.3000025972724 / 0.335172115344304x
======[Agent] Wallclock_time = 2025-06-09 16:19:01.338659 / 520.144772 / Sim_time = 174.35000259801745 / 0.335194501202285x
======[Agent] Wallclock_time = 2025-06-09 16:19:01.457592 / 520.263705 / Sim_time = 174.4000025987625 / 0.33521398035018063x
======[Agent] Wallclock_time = 2025-06-09 16:19:01.569442 / 520.375555 / Sim_time = 174.45000259950757 / 0.3352380135563709x
======[Agent] Wallclock_time = 2025-06-09 16:19:01.726597 / 520.53271 / Sim_time = 174.50000260025263 / 0.3352328566775294x
======[Agent] Wallclock_time = 2025-06-09 16:19:01.842245 / 520.648358 / Sim_time = 174.5500026009977 / 0.33525442780051923x
======[Agent] Wallclock_time = 2025-06-09 16:19:01.994518 / 520.800631 / Sim_time = 174.60000260174274 / 0.3352524113000383x
======[Agent] Wallclock_time = 2025-06-09 16:19:02.110250 / 520.916363 / Sim_time = 174.6500026024878 / 0.33527391292289827x
======[Agent] Wallclock_time = 2025-06-09 16:19:02.244432 / 521.050545 / Sim_time = 174.70000260323286 / 0.3352835324636315x
======[Agent] Wallclock_time = 2025-06-09 16:19:02.374323 / 521.180436 / Sim_time = 174.75000260397792 / 0.33529590759249134x
======[Agent] Wallclock_time = 2025-06-09 16:19:02.503068 / 521.309181 / Sim_time = 174.80000260472298 / 0.33530901366517335x
======[Agent] Wallclock_time = 2025-06-09 16:19:02.656315 / 521.462428 / Sim_time = 174.85000260546803 / 0.33530635748719856x
======[Agent] Wallclock_time = 2025-06-09 16:19:02.785554 / 521.591667 / Sim_time = 174.9000026062131 / 0.3353191363141098x
======[Agent] Wallclock_time = 2025-06-09 16:19:02.915488 / 521.721601 / Sim_time = 174.95000260695815 / 0.3353314621057756x
======[Agent] Wallclock_time = 2025-06-09 16:19:03.030371 / 521.836484 / Sim_time = 175.0000026077032 / 0.3353534538498258x
======[Agent] Wallclock_time = 2025-06-09 16:19:03.152801 / 521.958914 / Sim_time = 175.05000260844827 / 0.3353705867313946x
======[Agent] Wallclock_time = 2025-06-09 16:19:03.270818 / 522.076931 / Sim_time = 175.10000260919333 / 0.335390546529716x
======[Agent] Wallclock_time = 2025-06-09 16:19:03.379285 / 522.185398 / Sim_time = 175.15000260993838 / 0.33541663145721845x
======[Agent] Wallclock_time = 2025-06-09 16:19:03.509921 / 522.316034 / Sim_time = 175.20000261068344 / 0.33542846816419064x
======[Agent] Wallclock_time = 2025-06-09 16:19:03.634204 / 522.440317 / Sim_time = 175.2500026114285 / 0.33544437797868215x
======[Agent] Wallclock_time = 2025-06-09 16:19:03.792424 / 522.598537 / Sim_time = 175.30000261217356 / 0.3354384958289268x
======[Agent] Wallclock_time = 2025-06-09 16:19:03.960276 / 522.766389 / Sim_time = 175.35000261291862 / 0.3354264368868629x
======[Agent] Wallclock_time = 2025-06-09 16:19:04.117984 / 522.924097 / Sim_time = 175.40000261366367 / 0.33542089224618665x
======[Agent] Wallclock_time = 2025-06-09 16:19:04.272718 / 523.078831 / Sim_time = 175.45000261440873 / 0.33541725797186916x
======[Agent] Wallclock_time = 2025-06-09 16:19:04.425927 / 523.23204 / Sim_time = 175.5000026151538 / 0.33541460343397617x
======[Agent] Wallclock_time = 2025-06-09 16:19:04.623590 / 523.429703 / Sim_time = 175.55000261589885 / 0.3353834645345572x
======[Agent] Wallclock_time = 2025-06-09 16:19:04.790554 / 523.596667 / Sim_time = 175.6000026166439 / 0.3353720111526851x
======[Agent] Wallclock_time = 2025-06-09 16:19:04.964135 / 523.770248 / Sim_time = 175.65000261738896 / 0.3353563283362758x
======[Agent] Wallclock_time = 2025-06-09 16:19:05.140433 / 523.946546 / Sim_time = 175.70000261813402 / 0.3353389169574124x
======[Agent] Wallclock_time = 2025-06-09 16:19:05.304152 / 524.110265 / Sim_time = 175.75000261887908 / 0.33532956521909346x
======[Agent] Wallclock_time = 2025-06-09 16:19:05.479924 / 524.286037 / Sim_time = 175.80000261962414 / 0.3353125105391918x
======[Agent] Wallclock_time = 2025-06-09 16:19:05.634337 / 524.44045 / Sim_time = 175.8500026203692 / 0.33530912291614096x
======[Agent] Wallclock_time = 2025-06-09 16:19:05.800588 / 524.606701 / Sim_time = 175.90000262111425 / 0.3352981709681655x
======[Agent] Wallclock_time = 2025-06-09 16:19:05.955169 / 524.761282 / Sim_time = 175.9500026218593 / 0.33529468229170345x
======[Agent] Wallclock_time = 2025-06-09 16:19:06.107982 / 524.914095 / Sim_time = 176.00000262260437 / 0.33529232498563294x
======[Agent] Wallclock_time = 2025-06-09 16:19:06.272672 / 525.078785 / Sim_time = 176.05000262334943 / 0.33528238498716806x
======[Agent] Wallclock_time = 2025-06-09 16:19:06.440515 / 525.246628 / Sim_time = 176.1000026240945 / 0.3352704386207994x
======[Agent] Wallclock_time = 2025-06-09 16:19:06.601208 / 525.407321 / Sim_time = 176.15000262483954 / 0.335263062240005x
======[Agent] Wallclock_time = 2025-06-09 16:19:06.777343 / 525.583456 / Sim_time = 176.2000026255846 / 0.3352458403480346x
======[Agent] Wallclock_time = 2025-06-09 16:19:06.934397 / 525.74051 / Sim_time = 176.25000262632966 / 0.33524079661567846x
======[Agent] Wallclock_time = 2025-06-09 16:19:07.086186 / 525.892299 / Sim_time = 176.30000262707472 / 0.3352391121208691x
======[Agent] Wallclock_time = 2025-06-09 16:19:07.248527 / 526.05464 / Sim_time = 176.35000262781978 / 0.33523070416623574x
======[Agent] Wallclock_time = 2025-06-09 16:19:07.390673 / 526.196786 / Sim_time = 176.40000262856483 / 0.3352351669312513x
======[Agent] Wallclock_time = 2025-06-09 16:19:07.536328 / 526.342441 / Sim_time = 176.4500026293099 / 0.3352373923270945x
======[Agent] Wallclock_time = 2025-06-09 16:19:07.697985 / 526.504098 / Sim_time = 176.50000263005495 / 0.3352294275981635x
======[Agent] Wallclock_time = 2025-06-09 16:19:07.859541 / 526.665654 / Sim_time = 176.5500026308 / 0.3352215320448217x
======[Agent] Wallclock_time = 2025-06-09 16:19:07.996264 / 526.802377 / Sim_time = 176.60000263154507 / 0.33522944297971935x
======[Agent] Wallclock_time = 2025-06-09 16:19:08.129348 / 526.935461 / Sim_time = 176.65000263229012 / 0.335239664943759x
======[Agent] Wallclock_time = 2025-06-09 16:19:08.291695 / 527.097808 / Sim_time = 176.70000263303518 / 0.3352312696427786x
======[Agent] Wallclock_time = 2025-06-09 16:19:08.451438 / 527.257551 / Sim_time = 176.75000263378024 / 0.3352245350948898x
======[Agent] Wallclock_time = 2025-06-09 16:19:08.609861 / 527.415974 / Sim_time = 176.8000026345253 / 0.3352186435974002x
======[Agent] Wallclock_time = 2025-06-09 16:19:08.795886 / 527.601999 / Sim_time = 176.85000263527036 / 0.3351952186975161x
======[Agent] Wallclock_time = 2025-06-09 16:19:08.943633 / 527.749746 / Sim_time = 176.90000263601542 / 0.33519612047315883x
======[Agent] Wallclock_time = 2025-06-09 16:19:09.102187 / 527.9083 / Sim_time = 176.95000263676047 / 0.3351901598186667x
======[Agent] Wallclock_time = 2025-06-09 16:19:09.253485 / 528.059598 / Sim_time = 177.00000263750553 / 0.33518880845850485x
======[Agent] Wallclock_time = 2025-06-09 16:19:09.404223 / 528.210336 / Sim_time = 177.0500026382506 / 0.33518781323210867x
======[Agent] Wallclock_time = 2025-06-09 16:19:09.567376 / 528.373489 / Sim_time = 177.10000263899565 / 0.3351789428255225x
======[Agent] Wallclock_time = 2025-06-09 16:19:09.727354 / 528.533467 / Sim_time = 177.1500026397407 / 0.33517209132122827x
======[Agent] Wallclock_time = 2025-06-09 16:19:09.880274 / 528.686387 / Sim_time = 177.20000264048576 / 0.33516971843416754x
======[Agent] Wallclock_time = 2025-06-09 16:19:10.047523 / 528.853636 / Sim_time = 177.25000264123082 / 0.33515826576063296x
======[Agent] Wallclock_time = 2025-06-09 16:19:10.189403 / 528.995516 / Sim_time = 177.30000264197588 / 0.33516289291019813x
======[Agent] Wallclock_time = 2025-06-09 16:19:10.358312 / 529.164425 / Sim_time = 177.35000264272094 / 0.3351503977092247x
======[Agent] Wallclock_time = 2025-06-09 16:19:10.506194 / 529.312307 / Sim_time = 177.400002643466 / 0.3351512238543929x
======[Agent] Wallclock_time = 2025-06-09 16:19:10.649988 / 529.456101 / Sim_time = 177.45000264421105 / 0.33515463728611145x
======[Agent] Wallclock_time = 2025-06-09 16:19:10.796098 / 529.602211 / Sim_time = 177.5000026449561 / 0.3351565831895157x
======[Agent] Wallclock_time = 2025-06-09 16:19:10.944730 / 529.750843 / Sim_time = 177.55000264570117 / 0.33515693242373706x
======[Agent] Wallclock_time = 2025-06-09 16:19:11.095242 / 529.901355 / Sim_time = 177.60000264644623 / 0.335156092383183x
======[Agent] Wallclock_time = 2025-06-09 16:19:11.263438 / 530.069551 / Sim_time = 177.6500026471913 / 0.33514407150528774x
======[Agent] Wallclock_time = 2025-06-09 16:19:11.495552 / 530.301665 / Sim_time = 177.70000264793634 / 0.3350916643949665x
======[Agent] Wallclock_time = 2025-06-09 16:19:11.655767 / 530.46188 / Sim_time = 177.7500026486814 / 0.33508471440769133x
======[Agent] Wallclock_time = 2025-06-09 16:19:11.820621 / 530.626734 / Sim_time = 177.80000264942646 / 0.3350748392081339x
======[Agent] Wallclock_time = 2025-06-09 16:19:11.983519 / 530.789632 / Sim_time = 177.85000265017152 / 0.335066204880141x
======[Agent] Wallclock_time = 2025-06-09 16:19:12.151102 / 530.957215 / Sim_time = 177.90000265091658 / 0.3350546194127848x
======[Agent] Wallclock_time = 2025-06-09 16:19:12.322566 / 531.128679 / Sim_time = 177.95000265166163 / 0.3350405930745618x
======[Agent] Wallclock_time = 2025-06-09 16:19:12.461977 / 531.26809 / Sim_time = 178.0000026524067 / 0.3350467889114473x
======[Agent] Wallclock_time = 2025-06-09 16:19:12.580947 / 531.38706 / Sim_time = 178.05000265315175 / 0.3350658700407227x
======[Agent] Wallclock_time = 2025-06-09 16:19:12.707187 / 531.5133 / Sim_time = 178.1000026538968 / 0.3350803593692528x
======[Agent] Wallclock_time = 2025-06-09 16:19:12.817844 / 531.623957 / Sim_time = 178.15000265464187 / 0.33510466412253453x
======[Agent] Wallclock_time = 2025-06-09 16:19:12.927834 / 531.733947 / Sim_time = 178.20000265538692 / 0.3351293791404441x
======[Agent] Wallclock_time = 2025-06-09 16:19:13.029015 / 531.835128 / Sim_time = 178.25000265613198 / 0.335159635217809x
======[Agent] Wallclock_time = 2025-06-09 16:19:13.148782 / 531.954895 / Sim_time = 178.30000265687704 / 0.3351781685902307x
======[Agent] Wallclock_time = 2025-06-09 16:19:13.259259 / 532.065372 / Sim_time = 178.3500026576221 / 0.3352025462297439x
======[Agent] Wallclock_time = 2025-06-09 16:19:13.367351 / 532.173464 / Sim_time = 178.40000265836716 / 0.3352284161052252x
======[Agent] Wallclock_time = 2025-06-09 16:19:13.473869 / 532.279982 / Sim_time = 178.45000265911222 / 0.3352552668491023x
======[Agent] Wallclock_time = 2025-06-09 16:19:13.574552 / 532.380665 / Sim_time = 178.50000265985727 / 0.3352857816015457x
======[Agent] Wallclock_time = 2025-06-09 16:19:13.684170 / 532.490283 / Sim_time = 178.55000266060233 / 0.33531065833541984x
======[Agent] Wallclock_time = 2025-06-09 16:19:13.817493 / 532.623606 / Sim_time = 178.6000026613474 / 0.33532060038050027x
======[Agent] Wallclock_time = 2025-06-09 16:19:13.927342 / 532.733455 / Sim_time = 178.65000266209245 / 0.33534531319565664x
======[Agent] Wallclock_time = 2025-06-09 16:19:14.047597 / 532.85371 / Sim_time = 178.7000026628375 / 0.33536346645568266x
======[Agent] Wallclock_time = 2025-06-09 16:19:14.185849 / 532.991962 / Sim_time = 178.75000266358256 / 0.3353702870537765x
======[Agent] Wallclock_time = 2025-06-09 16:19:14.299800 / 533.105913 / Sim_time = 178.80000266432762 / 0.33539239185279074x
======[Agent] Wallclock_time = 2025-06-09 16:19:14.436173 / 533.242286 / Sim_time = 178.85000266507268 / 0.3354003835785242x
======[Agent] Wallclock_time = 2025-06-09 16:19:14.541212 / 533.347325 / Sim_time = 178.90000266581774 / 0.33542807632482535x
======[Agent] Wallclock_time = 2025-06-09 16:19:14.692620 / 533.498733 / Sim_time = 178.9500026665628 / 0.3354266021095887x
======[Agent] Wallclock_time = 2025-06-09 16:19:14.808303 / 533.614416 / Sim_time = 179.00000266730785 / 0.3354475850962069x
======[Agent] Wallclock_time = 2025-06-09 16:19:14.961419 / 533.767532 / Sim_time = 179.0500026680529 / 0.3354450326945331x
======[Agent] Wallclock_time = 2025-06-09 16:19:15.075297 / 533.88141 / Sim_time = 179.10000266879797 / 0.33546713529819794x
======[Agent] Wallclock_time = 2025-06-09 16:19:15.181634 / 533.987747 / Sim_time = 179.15000266954303 / 0.3354939662605718x
======[Agent] Wallclock_time = 2025-06-09 16:19:15.295020 / 534.101133 / Sim_time = 179.2000026702881 / 0.3355163583858747x
======[Agent] Wallclock_time = 2025-06-09 16:19:15.410557 / 534.21667 / Sim_time = 179.25000267103314 / 0.335537389976324x
======[Agent] Wallclock_time = 2025-06-09 16:19:15.539377 / 534.34549 / Sim_time = 179.3000026717782 / 0.33555007102559653x
======[Agent] Wallclock_time = 2025-06-09 16:19:15.653639 / 534.459752 / Sim_time = 179.35000267252326 / 0.3355718862449291x
======[Agent] Wallclock_time = 2025-06-09 16:19:15.773249 / 534.579362 / Sim_time = 179.40000267326832 / 0.3355903348227901x
======[Agent] Wallclock_time = 2025-06-09 16:19:15.902102 / 534.708215 / Sim_time = 179.45000267401338 / 0.3356029738032725x
======[Agent] Wallclock_time = 2025-06-09 16:19:16.017425 / 534.823538 / Sim_time = 179.50000267475843 / 0.33562409710296137x
======[Agent] Wallclock_time = 2025-06-09 16:19:16.141986 / 534.948099 / Sim_time = 179.5500026755035 / 0.33563941506050377x
======[Agent] Wallclock_time = 2025-06-09 16:19:16.266441 / 535.072554 / Sim_time = 179.60000267624855 / 0.3356547923806538x
======[Agent] Wallclock_time = 2025-06-09 16:19:16.389894 / 535.196007 / Sim_time = 179.6500026769936 / 0.3356707909934063x
======[Agent] Wallclock_time = 2025-06-09 16:19:16.523622 / 535.329735 / Sim_time = 179.70000267773867 / 0.33568033914163115x
======[Agent] Wallclock_time = 2025-06-09 16:19:16.629389 / 535.435502 / Sim_time = 179.75000267848372 / 0.3357074125635232x
======[Agent] Wallclock_time = 2025-06-09 16:19:16.755840 / 535.561953 / Sim_time = 179.80000267922878 / 0.33572150887596736x
======[Agent] Wallclock_time = 2025-06-09 16:19:16.863329 / 535.669442 / Sim_time = 179.85000267997384 / 0.33574748311383185x
======[Agent] Wallclock_time = 2025-06-09 16:19:16.978910 / 535.785023 / Sim_time = 179.9000026807189 / 0.33576837572845547x
======[Agent] Wallclock_time = 2025-06-09 16:19:17.095358 / 535.901471 / Sim_time = 179.95000268146396 / 0.33578871608051225x
======[Agent] Wallclock_time = 2025-06-09 16:19:17.198818 / 536.004931 / Sim_time = 180.00000268220901 / 0.3358171846091177x
======[Agent] Wallclock_time = 2025-06-09 16:19:17.303178 / 536.109291 / Sim_time = 180.05000268295407 / 0.3358450783459295x
======[Agent] Wallclock_time = 2025-06-09 16:19:17.427665 / 536.233778 / Sim_time = 180.10000268369913 / 0.3358603545921058x
======[Agent] Wallclock_time = 2025-06-09 16:19:17.529239 / 536.335352 / Sim_time = 180.1500026844442 / 0.335889972799092x
======[Agent] Wallclock_time = 2025-06-09 16:19:17.631708 / 536.437821 / Sim_time = 180.20000268518925 / 0.3359190193380677x
======[Agent] Wallclock_time = 2025-06-09 16:19:17.738106 / 536.544219 / Sim_time = 180.2500026859343 / 0.3359455947103208x
======[Agent] Wallclock_time = 2025-06-09 16:19:17.857431 / 536.663544 / Sim_time = 180.30000268667936 / 0.3359640667572765x
======[Agent] Wallclock_time = 2025-06-09 16:19:17.981328 / 536.787441 / Sim_time = 180.35000268742442 / 0.33597966892030084x
======[Agent] Wallclock_time = 2025-06-09 16:19:18.086564 / 536.892677 / Sim_time = 180.40000268816948 / 0.33600694218674787x
======[Agent] Wallclock_time = 2025-06-09 16:19:18.188698 / 536.994811 / Sim_time = 180.45000268891454 / 0.3360361458926065x
======[Agent] Wallclock_time = 2025-06-09 16:19:18.294909 / 537.101022 / Sim_time = 180.5000026896596 / 0.3360627875082913x
======[Agent] Wallclock_time = 2025-06-09 16:19:18.417003 / 537.223116 / Sim_time = 180.55000269040465 / 0.3360794821251186x
======[Agent] Wallclock_time = 2025-06-09 16:19:18.522663 / 537.328776 / Sim_time = 180.6000026911497 / 0.33610644851207677x
======[Agent] Wallclock_time = 2025-06-09 16:19:18.629323 / 537.435436 / Sim_time = 180.65000269189477 / 0.3361327788573955x
======[Agent] Wallclock_time = 2025-06-09 16:19:18.732565 / 537.538678 / Sim_time = 180.70000269263983 / 0.3361612362550841x
======[Agent] Wallclock_time = 2025-06-09 16:19:18.840646 / 537.646759 / Sim_time = 180.75000269338489 / 0.33618665691004007x
======[Agent] Wallclock_time = 2025-06-09 16:19:18.982599 / 537.788712 / Sim_time = 180.80000269412994 / 0.33619089145783054x
======[Agent] Wallclock_time = 2025-06-09 16:19:19.098225 / 537.904338 / Sim_time = 180.850002694875 / 0.336211578355586x
======[Agent] Wallclock_time = 2025-06-09 16:19:19.216688 / 538.022801 / Sim_time = 180.90000269562006 / 0.3362304834087072x
======[Agent] Wallclock_time = 2025-06-09 16:19:19.337415 / 538.143528 / Sim_time = 180.95000269636512 / 0.33624796552119757x
======[Agent] Wallclock_time = 2025-06-09 16:19:19.461475 / 538.267588 / Sim_time = 181.00000269711018 / 0.3362633576104392x
======[Agent] Wallclock_time = 2025-06-09 16:19:19.577162 / 538.383275 / Sim_time = 181.05000269785523 / 0.3362839724430199x
======[Agent] Wallclock_time = 2025-06-09 16:19:19.699447 / 538.50556 / Sim_time = 181.1000026986003 / 0.3363004578785453x
======[Agent] Wallclock_time = 2025-06-09 16:19:19.833273 / 538.639386 / Sim_time = 181.15000269934535 / 0.3363097298451464x
======[Agent] Wallclock_time = 2025-06-09 16:19:19.947932 / 538.754045 / Sim_time = 181.2000027000904 / 0.33633096224665593x
======[Agent] Wallclock_time = 2025-06-09 16:19:20.068454 / 538.874567 / Sim_time = 181.25000270083547 / 0.3363485260797424x
======[Agent] Wallclock_time = 2025-06-09 16:19:20.188017 / 538.99413 / Sim_time = 181.30000270158052 / 0.3363666805330514x
======[Agent] Wallclock_time = 2025-06-09 16:19:20.310476 / 539.116589 / Sim_time = 181.35000270232558 / 0.33638301996176495x
======[Agent] Wallclock_time = 2025-06-09 16:19:20.421311 / 539.227424 / Sim_time = 181.40000270307064 / 0.3364066036382953x
======[Agent] Wallclock_time = 2025-06-09 16:19:20.540843 / 539.346956 / Sim_time = 181.4500027038157 / 0.3364247526763886x
======[Agent] Wallclock_time = 2025-06-09 16:19:20.662707 / 539.46882 / Sim_time = 181.50000270456076 / 0.3364414393089881x
======[Agent] Wallclock_time = 2025-06-09 16:19:20.775990 / 539.582103 / Sim_time = 181.55000270530581 / 0.3364634691040461x
======[Agent] Wallclock_time = 2025-06-09 16:19:20.874109 / 539.680222 / Sim_time = 181.60000270605087 / 0.33649494424330906x
======[Agent] Wallclock_time = 2025-06-09 16:19:21.001371 / 539.807484 / Sim_time = 181.65000270679593 / 0.33650823966448795x
======[Agent] Wallclock_time = 2025-06-09 16:19:21.122150 / 539.928263 / Sim_time = 181.700002707541 / 0.3365255694754611x
======[Agent] Wallclock_time = 2025-06-09 16:19:21.243012 / 540.049125 / Sim_time = 181.75000270828605 / 0.33654283981192684x
======[Agent] Wallclock_time = 2025-06-09 16:19:21.363105 / 540.169218 / Sim_time = 181.8000027090311 / 0.3365605815554813x
======[Agent] Wallclock_time = 2025-06-09 16:19:21.479544 / 540.285657 / Sim_time = 181.85000270977616 / 0.3365805917168452x
======[Agent] Wallclock_time = 2025-06-09 16:19:21.587744 / 540.393857 / Sim_time = 181.90000271052122 / 0.3366057251550068x
======[Agent] Wallclock_time = 2025-06-09 16:19:21.700018 / 540.506131 / Sim_time = 181.95000271126628 / 0.33662831122068265x
======[Agent] Wallclock_time = 2025-06-09 16:19:21.811884 / 540.617997 / Sim_time = 182.00000271201134 / 0.33665114197237755x
======[Agent] Wallclock_time = 2025-06-09 16:19:21.937926 / 540.744039 / Sim_time = 182.0500027127564 / 0.33666513714008645x
======[Agent] Wallclock_time = 2025-06-09 16:19:22.050388 / 540.856501 / Sim_time = 182.10000271350145 / 0.3366875792178418x
======[Agent] Wallclock_time = 2025-06-09 16:19:22.168236 / 540.974349 / Sim_time = 182.1500027142465 / 0.33670665964900837x
======[Agent] Wallclock_time = 2025-06-09 16:19:22.284333 / 541.090446 / Sim_time = 182.20000271499157 / 0.33672682143082994x
======[Agent] Wallclock_time = 2025-06-09 16:19:22.426326 / 541.232439 / Sim_time = 182.25000271573663 / 0.336730862476767x
======[Agent] Wallclock_time = 2025-06-09 16:19:22.540298 / 541.346411 / Sim_time = 182.30000271648169 / 0.33675233133512056x
======[Agent] Wallclock_time = 2025-06-09 16:19:22.667283 / 541.473396 / Sim_time = 182.35000271722674 / 0.33676569762908376x
======[Agent] Wallclock_time = 2025-06-09 16:19:22.805263 / 541.611376 / Sim_time = 182.4000027179718 / 0.336772220873276x
======[Agent] Wallclock_time = 2025-06-09 16:19:22.918676 / 541.724789 / Sim_time = 182.45000271871686 / 0.33679401354606153x
======[Agent] Wallclock_time = 2025-06-09 16:19:23.046797 / 541.85291 / Sim_time = 182.50000271946192 / 0.33680665461925324x
======[Agent] Wallclock_time = 2025-06-09 16:19:23.142996 / 541.949109 / Sim_time = 182.55000272020698 / 0.3368391290796972x
======[Agent] Wallclock_time = 2025-06-09 16:19:23.251322 / 542.057435 / Sim_time = 182.60000272095203 / 0.3368640554794651x
======[Agent] Wallclock_time = 2025-06-09 16:19:23.385665 / 542.191778 / Sim_time = 182.6500027216971 / 0.33687280637606926x
======[Agent] Wallclock_time = 2025-06-09 16:19:23.509733 / 542.315846 / Sim_time = 182.70000272244215 / 0.3368879356597419x
======[Agent] Wallclock_time = 2025-06-09 16:19:23.645189 / 542.451302 / Sim_time = 182.7500027231872 / 0.336895985231135x
======[Agent] Wallclock_time = 2025-06-09 16:19:23.781235 / 542.587348 / Sim_time = 182.80000272393227 / 0.3369036644405277x
======[Agent] Wallclock_time = 2025-06-09 16:19:23.928499 / 542.734612 / Sim_time = 182.85000272467732 / 0.33690437605682183x
======[Agent] Wallclock_time = 2025-06-09 16:19:24.034473 / 542.840586 / Sim_time = 182.90000272542238 / 0.3369307131996744x
======[Agent] Wallclock_time = 2025-06-09 16:19:24.151831 / 542.957944 / Sim_time = 182.95000272616744 / 0.3369499752197976x
======[Agent] Wallclock_time = 2025-06-09 16:19:24.280490 / 543.086603 / Sim_time = 183.0000027269125 / 0.3369622169904558x
======[Agent] Wallclock_time = 2025-06-09 16:19:24.388747 / 543.19486 / Sim_time = 183.05000272765756 / 0.3369871094519343x
======[Agent] Wallclock_time = 2025-06-09 16:19:24.514133 / 543.320246 / Sim_time = 183.10000272840261 / 0.33700136719557366x
======[Agent] Wallclock_time = 2025-06-09 16:19:24.645812 / 543.451925 / Sim_time = 183.15000272914767 / 0.3370117158338005x
======[Agent] Wallclock_time = 2025-06-09 16:19:24.756966 / 543.563079 / Sim_time = 183.20000272989273 / 0.33703478542387777x
======[Agent] Wallclock_time = 2025-06-09 16:19:24.869725 / 543.675838 / Sim_time = 183.2500027306378 / 0.3370568505451722x
======[Agent] Wallclock_time = 2025-06-09 16:19:24.983901 / 543.790014 / Sim_time = 183.30000273138285 / 0.3370780281620888x
======[Agent] Wallclock_time = 2025-06-09 16:19:25.116526 / 543.922639 / Sim_time = 183.3500027321279 / 0.3370877630345607x
======[Agent] Wallclock_time = 2025-06-09 16:19:25.251227 / 544.05734 / Sim_time = 183.40000273287296 / 0.33709620687530123x
======[Agent] Wallclock_time = 2025-06-09 16:19:25.387163 / 544.193276 / Sim_time = 183.45000273361802 / 0.33710388150723225x
======[Agent] Wallclock_time = 2025-06-09 16:19:25.501034 / 544.307147 / Sim_time = 183.50000273436308 / 0.3371252180327242x
======[Agent] Wallclock_time = 2025-06-09 16:19:25.644011 / 544.450124 / Sim_time = 183.55000273510814 / 0.3371285219995398x
======[Agent] Wallclock_time = 2025-06-09 16:19:25.763636 / 544.569749 / Sim_time = 183.6000027358532 / 0.33714628094329246x
======[Agent] Wallclock_time = 2025-06-09 16:19:25.877219 / 544.683332 / Sim_time = 183.65000273659825 / 0.33716777213374716x
======[Agent] Wallclock_time = 2025-06-09 16:19:25.998423 / 544.804536 / Sim_time = 183.7000027373433 / 0.3371845375986475x
======[Agent] Wallclock_time = 2025-06-09 16:19:26.109922 / 544.916035 / Sim_time = 183.75000273808837 / 0.33720730117767084x
======[Agent] Wallclock_time = 2025-06-09 16:19:26.216436 / 545.022549 / Sim_time = 183.80000273883343 / 0.33723313988187587x
======[Agent] Wallclock_time = 2025-06-09 16:19:26.347153 / 545.153266 / Sim_time = 183.85000273957849 / 0.33724399533466826x
======[Agent] Wallclock_time = 2025-06-09 16:19:26.501902 / 545.308015 / Sim_time = 183.90000274032354 / 0.3372399826185224x
======[Agent] Wallclock_time = 2025-06-09 16:19:26.616973 / 545.423086 / Sim_time = 183.9500027410686 / 0.33726050510550537x
======[Agent] Wallclock_time = 2025-06-09 16:19:26.715995 / 545.522108 / Sim_time = 184.00000274181366 / 0.3372909415632191x
======[Agent] Wallclock_time = 2025-06-09 16:19:26.829457 / 545.63557 / Sim_time = 184.05000274255872 / 0.3373124399315074x
======[Agent] Wallclock_time = 2025-06-09 16:19:26.936436 / 545.742549 / Sim_time = 184.10000274330378 / 0.33733793661994116x
======[Agent] Wallclock_time = 2025-06-09 16:19:27.062937 / 545.86905 / Sim_time = 184.15000274404883 / 0.33735135815575307x
======[Agent] Wallclock_time = 2025-06-09 16:19:27.196462 / 546.002575 / Sim_time = 184.2000027447939 / 0.33736043348213224x
======[Agent] Wallclock_time = 2025-06-09 16:19:27.308972 / 546.115085 / Sim_time = 184.25000274553895 / 0.33738248662926484x
======[Agent] Wallclock_time = 2025-06-09 16:19:27.410970 / 546.217083 / Sim_time = 184.300002746284 / 0.3374110240621309x
======[Agent] Wallclock_time = 2025-06-09 16:19:27.518926 / 546.325039 / Sim_time = 184.35000274702907 / 0.33743587086653415x
======[Agent] Wallclock_time = 2025-06-09 16:19:27.641394 / 546.447507 / Sim_time = 184.40000274777412 / 0.33745174592960164x
======[Agent] Wallclock_time = 2025-06-09 16:19:27.754407 / 546.56052 / Sim_time = 184.45000274851918 / 0.3374734517507182x
======[Agent] Wallclock_time = 2025-06-09 16:19:27.885961 / 546.692074 / Sim_time = 184.50000274926424 / 0.33748370250848325x
======[Agent] Wallclock_time = 2025-06-09 16:19:28.012592 / 546.818705 / Sim_time = 184.5500027500093 / 0.33749698678106216x
======[Agent] Wallclock_time = 2025-06-09 16:19:28.122457 / 546.92857 / Sim_time = 184.60000275075436 / 0.3375206112018305x
======[Agent] Wallclock_time = 2025-06-09 16:19:28.248570 / 547.054683 / Sim_time = 184.65000275149941 / 0.3375342007945093x
======[Agent] Wallclock_time = 2025-06-09 16:19:28.365633 / 547.171746 / Sim_time = 184.70000275224447 / 0.3375533670170124x
======[Agent] Wallclock_time = 2025-06-09 16:19:28.483440 / 547.289553 / Sim_time = 184.75000275298953 / 0.33757206613611973x
======[Agent] Wallclock_time = 2025-06-09 16:19:28.609645 / 547.415758 / Sim_time = 184.8000027537346 / 0.33758557817796037x
======[Agent] Wallclock_time = 2025-06-09 16:19:28.728137 / 547.53425 / Sim_time = 184.85000275447965 / 0.3376038396696462x
======[Agent] Wallclock_time = 2025-06-09 16:19:28.867806 / 547.673919 / Sim_time = 184.9000027552247 / 0.3376090383923985x
======[Agent] Wallclock_time = 2025-06-09 16:19:29.007316 / 547.813429 / Sim_time = 184.95000275596976 / 0.3376143324548499x
======[Agent] Wallclock_time = 2025-06-09 16:19:29.152445 / 547.958558 / Sim_time = 185.00000275671482 / 0.33761616173271464x
======[Agent] Wallclock_time = 2025-06-09 16:19:29.292177 / 548.09829 / Sim_time = 185.05000275745988 / 0.33762131448384086x
======[Agent] Wallclock_time = 2025-06-09 16:19:29.416203 / 548.222316 / Sim_time = 185.10000275820494 / 0.33763613723828734x
======[Agent] Wallclock_time = 2025-06-09 16:19:29.539000 / 548.345113 / Sim_time = 185.15000275895 / 0.3376517100595368x
======[Agent] Wallclock_time = 2025-06-09 16:19:29.661349 / 548.467462 / Sim_time = 185.20000275969505 / 0.3376675517209503x
======[Agent] Wallclock_time = 2025-06-09 16:19:29.800805 / 548.606918 / Sim_time = 185.2500027604401 / 0.33767285648334394x
======[Agent] Wallclock_time = 2025-06-09 16:19:29.930525 / 548.736638 / Sim_time = 185.30000276118517 / 0.3376841498180323x
======[Agent] Wallclock_time = 2025-06-09 16:19:30.056527 / 548.86264 / Sim_time = 185.35000276193023 / 0.3376977253620411x
======[Agent] Wallclock_time = 2025-06-09 16:19:30.202040 / 549.008153 / Sim_time = 185.40000276267529 / 0.3376992928980827x
======[Agent] Wallclock_time = 2025-06-09 16:19:30.347034 / 549.153147 / Sim_time = 185.45000276342034 / 0.3377011787610526x
======[Agent] Wallclock_time = 2025-06-09 16:19:30.483331 / 549.289444 / Sim_time = 185.5000027641654 / 0.3377084105329264x
======[Agent] Wallclock_time = 2025-06-09 16:19:30.617361 / 549.423474 / Sim_time = 185.55000276491046 / 0.3377170321774025x
======[Agent] Wallclock_time = 2025-06-09 16:19:30.757085 / 549.563198 / Sim_time = 185.60000276565552 / 0.3377221504623114x
======[Agent] Wallclock_time = 2025-06-09 16:19:30.873864 / 549.679977 / Sim_time = 185.65000276640058 / 0.33774136368994373x
======[Agent] Wallclock_time = 2025-06-09 16:19:31.003922 / 549.810035 / Sim_time = 185.70000276714563 / 0.33775241118459115x
======[Agent] Wallclock_time = 2025-06-09 16:19:31.123599 / 549.929712 / Sim_time = 185.7500027678907 / 0.3377698293887807x
======[Agent] Wallclock_time = 2025-06-09 16:19:31.241960 / 550.048073 / Sim_time = 185.80000276863575 / 0.3377880481740867x
======[Agent] Wallclock_time = 2025-06-09 16:19:31.377007 / 550.18312 / Sim_time = 185.8500027693808 / 0.33779601412229204x
======[Agent] Wallclock_time = 2025-06-09 16:19:31.502807 / 550.30892 / Sim_time = 185.90000277012587 / 0.3378096523684797x
======[Agent] Wallclock_time = 2025-06-09 16:19:31.650090 / 550.456203 / Sim_time = 185.95000277087092 / 0.3378100999631591x
======[Agent] Wallclock_time = 2025-06-09 16:19:31.785703 / 550.591816 / Sim_time = 186.00000277161598 / 0.33781770732659905x
======[Agent] Wallclock_time = 2025-06-09 16:19:31.917469 / 550.723582 / Sim_time = 186.05000277236104 / 0.33782767076912695x
======[Agent] Wallclock_time = 2025-06-09 16:19:32.066091 / 550.872204 / Sim_time = 186.1000027731061 / 0.33782729205522605x
======[Agent] Wallclock_time = 2025-06-09 16:19:32.196760 / 551.002873 / Sim_time = 186.15000277385116 / 0.33783792073971713x
======[Agent] Wallclock_time = 2025-06-09 16:19:32.397193 / 551.203306 / Sim_time = 186.20000277459621 / 0.33780578407636064x
======[Agent] Wallclock_time = 2025-06-09 16:19:32.635065 / 551.441178 / Sim_time = 186.25000277534127 / 0.33775073834729646x
======[Agent] Wallclock_time = 2025-06-09 16:19:32.805808 / 551.611921 / Sim_time = 186.30000277608633 / 0.3377368362553029x
======[Agent] Wallclock_time = 2025-06-09 16:19:32.972948 / 551.779061 / Sim_time = 186.3500027768314 / 0.337725148022033x
======[Agent] Wallclock_time = 2025-06-09 16:19:33.151801 / 551.957914 / Sim_time = 186.40000277757645 / 0.33770630032360793x
======[Agent] Wallclock_time = 2025-06-09 16:19:33.316069 / 552.122182 / Sim_time = 186.4500027783215 / 0.33769638525759554x
======[Agent] Wallclock_time = 2025-06-09 16:19:33.484521 / 552.290634 / Sim_time = 186.50000277906656 / 0.3376839178756537x
======[Agent] Wallclock_time = 2025-06-09 16:19:33.642030 / 552.448143 / Sim_time = 186.55000277981162 / 0.3376781467462818x
======[Agent] Wallclock_time = 2025-06-09 16:19:33.803202 / 552.609315 / Sim_time = 186.60000278055668 / 0.33767014063166134x
======[Agent] Wallclock_time = 2025-06-09 16:19:33.976799 / 552.782912 / Sim_time = 186.65000278130174 / 0.3376545495074063x
======[Agent] Wallclock_time = 2025-06-09 16:19:34.134871 / 552.940984 / Sim_time = 186.7000027820468 / 0.3376484480911596x
======[Agent] Wallclock_time = 2025-06-09 16:19:34.306960 / 553.113073 / Sim_time = 186.75000278279185 / 0.337633793640235x
======[Agent] Wallclock_time = 2025-06-09 16:19:34.481360 / 553.287473 / Sim_time = 186.8000027835369 / 0.3376177381225452x
======[Agent] Wallclock_time = 2025-06-09 16:19:34.644978 / 553.451091 / Sim_time = 186.85000278428197 / 0.3376082696637277x
======[Agent] Wallclock_time = 2025-06-09 16:19:34.798590 / 553.604703 / Sim_time = 186.90000278502703 / 0.33760490864203946x
======[Agent] Wallclock_time = 2025-06-09 16:19:34.958523 / 553.764636 / Sim_time = 186.95000278577209 / 0.337597695906454x
======[Agent] Wallclock_time = 2025-06-09 16:19:35.116837 / 553.92295 / Sim_time = 187.00000278651714 / 0.33759147403992396x
======[Agent] Wallclock_time = 2025-06-09 16:19:35.268256 / 554.074369 / Sim_time = 187.0500027872622 / 0.3375894566922396x
======[Agent] Wallclock_time = 2025-06-09 16:19:35.430635 / 554.236748 / Sim_time = 187.10000278800726 / 0.3375807646865786x
======[Agent] Wallclock_time = 2025-06-09 16:19:35.579545 / 554.385658 / Sim_time = 187.15000278875232 / 0.3375802791934295x
======[Agent] Wallclock_time = 2025-06-09 16:19:35.775182 / 554.581295 / Sim_time = 187.20000278949738 / 0.33755135076841464x
======[Agent] Wallclock_time = 2025-06-09 16:19:35.935975 / 554.742088 / Sim_time = 187.25000279024243 / 0.3375436428876108x
======[Agent] Wallclock_time = 2025-06-09 16:19:36.077673 / 554.883786 / Sim_time = 187.3000027909875 / 0.3375475549459154x
======[Agent] Wallclock_time = 2025-06-09 16:19:36.243442 / 555.049555 / Sim_time = 187.35000279173255 / 0.33753682633779647x
======[Agent] Wallclock_time = 2025-06-09 16:19:36.403424 / 555.209537 / Sim_time = 187.4000027924776 / 0.33752962219533245x
======[Agent] Wallclock_time = 2025-06-09 16:19:36.552982 / 555.359095 / Sim_time = 187.45000279322267 / 0.3375287574329997x
======[Agent] Wallclock_time = 2025-06-09 16:19:36.728333 / 555.534446 / Sim_time = 187.50000279396772 / 0.3375122220265451x
======[Agent] Wallclock_time = 2025-06-09 16:19:36.889788 / 555.695901 / Sim_time = 187.55000279471278 / 0.3375041366205366x
======[Agent] Wallclock_time = 2025-06-09 16:19:37.048185 / 555.854298 / Sim_time = 187.60000279545784 / 0.33749791262304x
======[Agent] Wallclock_time = 2025-06-09 16:19:37.194466 / 556.000579 / Sim_time = 187.6500027962029 / 0.3374990465561302x
======[Agent] Wallclock_time = 2025-06-09 16:19:37.361549 / 556.167662 / Sim_time = 187.70000279694796 / 0.33748755660193597x
======[Agent] Wallclock_time = 2025-06-09 16:19:37.498107 / 556.30422 / Sim_time = 187.750002797693 / 0.3374945911844815x
======[Agent] Wallclock_time = 2025-06-09 16:19:37.655575 / 556.461688 / Sim_time = 187.80000279843807 / 0.33748894013615893x
======[Agent] Wallclock_time = 2025-06-09 16:19:37.822460 / 556.628573 / Sim_time = 187.85000279918313 / 0.33747758277870576x
======[Agent] Wallclock_time = 2025-06-09 16:19:37.977441 / 556.783554 / Sim_time = 187.9000027999282 / 0.3374734472248456x
======[Agent] Wallclock_time = 2025-06-09 16:19:38.162918 / 556.969031 / Sim_time = 187.95000280067325 / 0.33745083638202655x
======[Agent] Wallclock_time = 2025-06-09 16:19:38.308625 / 557.114738 / Sim_time = 188.0000028014183 / 0.3374523280859431x
======[Agent] Wallclock_time = 2025-06-09 16:19:38.460451 / 557.266564 / Sim_time = 188.05000280216336 / 0.3374501136444456x
======[Agent] Wallclock_time = 2025-06-09 16:19:38.639512 / 557.445625 / Sim_time = 188.10000280290842 / 0.3374314138199481x
======[Agent] Wallclock_time = 2025-06-09 16:19:38.798907 / 557.60502 / Sim_time = 188.15000280365348 / 0.3374246260893193x
======[Agent] Wallclock_time = 2025-06-09 16:19:38.971186 / 557.777299 / Sim_time = 188.20000280439854 / 0.3374100482966236x
======[Agent] Wallclock_time = 2025-06-09 16:19:39.126492 / 557.932605 / Sim_time = 188.2500028051436 / 0.3374057434757736x
======[Agent] Wallclock_time = 2025-06-09 16:19:39.281266 / 558.087379 / Sim_time = 188.30000280588865 / 0.337401762680116x
======[Agent] Wallclock_time = 2025-06-09 16:19:39.436835 / 558.242948 / Sim_time = 188.3500028066337 / 0.3373973036007436x
======[Agent] Wallclock_time = 2025-06-09 16:19:39.582226 / 558.388339 / Sim_time = 188.40000280737877 / 0.33739899680888924x
======[Agent] Wallclock_time = 2025-06-09 16:19:39.723951 / 558.530064 / Sim_time = 188.45000280812383 / 0.3374029037140964x
======[Agent] Wallclock_time = 2025-06-09 16:19:39.878278 / 558.684391 / Sim_time = 188.50000280886889 / 0.337399197912567x
======[Agent] Wallclock_time = 2025-06-09 16:19:40.049491 / 558.855604 / Sim_time = 188.55000280961394 / 0.33738529966376485x
======[Agent] Wallclock_time = 2025-06-09 16:19:40.238685 / 559.044798 / Sim_time = 188.600002810359 / 0.33736055880409105x
======[Agent] Wallclock_time = 2025-06-09 16:19:40.408582 / 559.214695 / Sim_time = 188.65000281110406 / 0.3373474752190281x
======[Agent] Wallclock_time = 2025-06-09 16:19:40.564978 / 559.371091 / Sim_time = 188.70000281184912 / 0.33734254148165776x
======[Agent] Wallclock_time = 2025-06-09 16:19:40.750171 / 559.556284 / Sim_time = 188.75000281259418 / 0.3373202497933959x
======[Agent] Wallclock_time = 2025-06-09 16:19:40.919097 / 559.72521 / Sim_time = 188.80000281333923 / 0.3373077755521566x
======[Agent] Wallclock_time = 2025-06-09 16:19:41.084682 / 559.890795 / Sim_time = 188.8500028140843 / 0.3372973215549342x
======[Agent] Wallclock_time = 2025-06-09 16:19:41.250932 / 560.057045 / Sim_time = 188.90000281482935 / 0.33728647325265965x
======[Agent] Wallclock_time = 2025-06-09 16:19:41.395454 / 560.201567 / Sim_time = 188.9500028155744 / 0.3372887129515321x
======[Agent] Wallclock_time = 2025-06-09 16:19:41.540691 / 560.346804 / Sim_time = 189.00000281631947 / 0.33729052111413194x
======[Agent] Wallclock_time = 2025-06-09 16:19:41.682524 / 560.488637 / Sim_time = 189.05000281706452 / 0.337294376804088x
======[Agent] Wallclock_time = 2025-06-09 16:19:41.848068 / 560.654181 / Sim_time = 189.10000281780958 / 0.3372839656641104x
======[Agent] Wallclock_time = 2025-06-09 16:19:42.006531 / 560.812644 / Sim_time = 189.15000281855464 / 0.33727781918685745x
======[Agent] Wallclock_time = 2025-06-09 16:19:42.146619 / 560.952732 / Sim_time = 189.2000028192997 / 0.3372827240933655x
======[Agent] Wallclock_time = 2025-06-09 16:19:42.300982 / 561.107095 / Sim_time = 189.25000282004476 / 0.3372790457069502x
======[Agent] Wallclock_time = 2025-06-09 16:19:42.472990 / 561.279103 / Sim_time = 189.3000028207898 / 0.33726476639559383x
======[Agent] Wallclock_time = 2025-06-09 16:19:42.620032 / 561.426145 / Sim_time = 189.35000282153487 / 0.3372654929635347x
======[Agent] Wallclock_time = 2025-06-09 16:19:42.761462 / 561.567575 / Sim_time = 189.40000282227993 / 0.33726958959959596x
======[Agent] Wallclock_time = 2025-06-09 16:19:42.906851 / 561.712964 / Sim_time = 189.450002823025 / 0.3372713070437839x
======[Agent] Wallclock_time = 2025-06-09 16:19:43.053660 / 561.859773 / Sim_time = 189.50000282377005 / 0.3372721712034701x
======[Agent] Wallclock_time = 2025-06-09 16:19:43.187483 / 561.993596 / Sim_time = 189.5500028245151 / 0.337280828274219x
======[Agent] Wallclock_time = 2025-06-09 16:19:43.343341 / 562.149454 / Sim_time = 189.60000282526016 / 0.33727626025409235x
======[Agent] Wallclock_time = 2025-06-09 16:19:43.495764 / 562.301877 / Sim_time = 189.65000282600522 / 0.3372737550940989x
======[Agent] Wallclock_time = 2025-06-09 16:19:43.647739 / 562.453852 / Sim_time = 189.70000282675028 / 0.33727151993125715x
======[Agent] Wallclock_time = 2025-06-09 16:19:43.801390 / 562.607503 / Sim_time = 189.75000282749534 / 0.33726828125719843x
======[Agent] Wallclock_time = 2025-06-09 16:19:43.953733 / 562.759846 / Sim_time = 189.8000028282404 / 0.3372658282417899x
======[Agent] Wallclock_time = 2025-06-09 16:19:44.104165 / 562.910278 / Sim_time = 189.85000282898545 / 0.33726452151307845x
======[Agent] Wallclock_time = 2025-06-09 16:19:44.250965 / 563.057078 / Sim_time = 189.9000028297305 / 0.3372653909952971x
======[Agent] Wallclock_time = 2025-06-09 16:19:44.400221 / 563.206334 / Sim_time = 189.95000283047557 / 0.337264789294231x
======[Agent] Wallclock_time = 2025-06-09 16:19:44.538359 / 563.344472 / Sim_time = 190.00000283122063 / 0.3372708440465119x
======[Agent] Wallclock_time = 2025-06-09 16:19:44.686809 / 563.492922 / Sim_time = 190.05000283196568 / 0.33727072362630683x
======[Agent] Wallclock_time = 2025-06-09 16:19:44.845795 / 563.651908 / Sim_time = 190.10000283271074 / 0.33726429888783743x
======[Agent] Wallclock_time = 2025-06-09 16:19:45.011193 / 563.817306 / Sim_time = 190.1500028334558 / 0.3372540423216691x
======[Agent] Wallclock_time = 2025-06-09 16:19:45.161012 / 563.967125 / Sim_time = 190.20000283420086 / 0.3372531077606573x
======[Agent] Wallclock_time = 2025-06-09 16:19:45.333472 / 564.139585 / Sim_time = 190.25000283494592 / 0.337238638547776x
======[Agent] Wallclock_time = 2025-06-09 16:19:45.485513 / 564.291626 / Sim_time = 190.30000283569098 / 0.3372363806782954x
======[Agent] Wallclock_time = 2025-06-09 16:19:45.660328 / 564.466441 / Sim_time = 190.35000283643603 / 0.3372205179792399x
======[Agent] Wallclock_time = 2025-06-09 16:19:45.804439 / 564.610552 / Sim_time = 190.4000028371811 / 0.3372230025452634x
======[Agent] Wallclock_time = 2025-06-09 16:19:45.949170 / 564.755283 / Sim_time = 190.45000283792615 / 0.3372251156308538x
======[Agent] Wallclock_time = 2025-06-09 16:19:46.103923 / 564.910036 / Sim_time = 190.5000028386712 / 0.3372212449371784x
======[Agent] Wallclock_time = 2025-06-09 16:19:46.270811 / 565.076924 / Sim_time = 190.55000283941627 / 0.33721013464935196x
======[Agent] Wallclock_time = 2025-06-09 16:19:46.421174 / 565.227287 / Sim_time = 190.60000284016132 / 0.3372088892645271x
======[Agent] Wallclock_time = 2025-06-09 16:19:46.576176 / 565.382289 / Sim_time = 190.65000284090638 / 0.3372048777354408x
======[Agent] Wallclock_time = 2025-06-09 16:19:46.745961 / 565.552074 / Sim_time = 190.70000284165144 / 0.33719205430691634x
======[Agent] Wallclock_time = 2025-06-09 16:19:46.895066 / 565.701179 / Sim_time = 190.7500028423965 / 0.3371915646137126x
======[Agent] Wallclock_time = 2025-06-09 16:19:47.055905 / 565.862018 / Sim_time = 190.80000284314156 / 0.33718408302686x
======[Agent] Wallclock_time = 2025-06-09 16:19:47.219484 / 566.025597 / Sim_time = 190.8500028438866 / 0.33717497350020575x
======[Agent] Wallclock_time = 2025-06-09 16:19:47.369680 / 566.175793 / Sim_time = 190.90000284463167 / 0.3371738389931353x
======[Agent] Wallclock_time = 2025-06-09 16:19:47.543706 / 566.349819 / Sim_time = 190.95000284537673 / 0.33715851807636693x
======[Agent] Wallclock_time = 2025-06-09 16:19:47.710285 / 566.516398 / Sim_time = 191.0000028461218 / 0.3371476383963089x
======[Agent] Wallclock_time = 2025-06-09 16:19:47.855152 / 566.661265 / Sim_time = 191.05000284686685 / 0.3371496827071534x
======[Agent] Wallclock_time = 2025-06-09 16:19:48.000147 / 566.80626 / Sim_time = 191.1000028476119 / 0.33715164983527546x
======[Agent] Wallclock_time = 2025-06-09 16:19:48.163937 / 566.97005 / Sim_time = 191.15000284835696 / 0.3371424393685656x
======[Agent] Wallclock_time = 2025-06-09 16:19:48.323326 / 567.129439 / Sim_time = 191.20000284910202 / 0.3371358504160663x
======[Agent] Wallclock_time = 2025-06-09 16:19:48.467667 / 567.27378 / Sim_time = 191.25000284984708 / 0.33713820813582984x
======[Agent] Wallclock_time = 2025-06-09 16:19:48.623918 / 567.430031 / Sim_time = 191.30000285059214 / 0.337133488299818x
======[Agent] Wallclock_time = 2025-06-09 16:19:48.787850 / 567.593963 / Sim_time = 191.3500028513372 / 0.33712420885478717x
======[Agent] Wallclock_time = 2025-06-09 16:19:48.932848 / 567.738961 / Sim_time = 191.40000285208225 / 0.33712617747561063x
======[Agent] Wallclock_time = 2025-06-09 16:19:49.098046 / 567.904159 / Sim_time = 191.4500028528273 / 0.33711615367246084x
======[Agent] Wallclock_time = 2025-06-09 16:19:49.262610 / 568.068723 / Sim_time = 191.50000285357237 / 0.3371065119300019x
======[Agent] Wallclock_time = 2025-06-09 16:19:49.423677 / 568.22979 / Sim_time = 191.55000285431743 / 0.33709895033023013x
======[Agent] Wallclock_time = 2025-06-09 16:19:49.595098 / 568.401211 / Sim_time = 191.60000285506248 / 0.3370852525678555x
======[Agent] Wallclock_time = 2025-06-09 16:19:49.736766 / 568.542879 / Sim_time = 191.65000285580754 / 0.33708920267138703x
======[Agent] Wallclock_time = 2025-06-09 16:19:49.896375 / 568.702488 / Sim_time = 191.7000028565526 / 0.3370825164633993x
======[Agent] Wallclock_time = 2025-06-09 16:19:50.056310 / 568.862423 / Sim_time = 191.75000285729766 / 0.33707564083848235x
======[Agent] Wallclock_time = 2025-06-09 16:19:50.221402 / 569.027515 / Sim_time = 191.80000285804272 / 0.3370657142868187x
======[Agent] Wallclock_time = 2025-06-09 16:19:50.374822 / 569.180935 / Sim_time = 191.85000285878778 / 0.3370627053699232x
======[Agent] Wallclock_time = 2025-06-09 16:19:50.541111 / 569.347224 / Sim_time = 191.90000285953283 / 0.3370520795012313x
======[Agent] Wallclock_time = 2025-06-09 16:19:50.683006 / 569.489119 / Sim_time = 191.9500028602779 / 0.33705589694397825x
======[Agent] Wallclock_time = 2025-06-09 16:19:50.844580 / 569.650693 / Sim_time = 192.00000286102295 / 0.3370480685309276x
======[Agent] Wallclock_time = 2025-06-09 16:19:51.003728 / 569.809841 / Sim_time = 192.050002861768 / 0.3370416795242546x
======[Agent] Wallclock_time = 2025-06-09 16:19:51.157172 / 569.963285 / Sim_time = 192.10000286251307 / 0.3370386670149219x
======[Agent] Wallclock_time = 2025-06-09 16:19:51.318548 / 570.124661 / Sim_time = 192.15000286325812 / 0.33703096704369906x
======[Agent] Wallclock_time = 2025-06-09 16:19:51.475517 / 570.28163 / Sim_time = 192.20000286400318 / 0.33702587586089233x
======[Agent] Wallclock_time = 2025-06-09 16:19:51.648832 / 570.454945 / Sim_time = 192.25000286474824 / 0.3370111303945623x
======[Agent] Wallclock_time = 2025-06-09 16:19:51.830356 / 570.636469 / Sim_time = 192.3000028654933 / 0.33699154596785386x
======[Agent] Wallclock_time = 2025-06-09 16:19:52.018727 / 570.82484 / Sim_time = 192.35000286623836 / 0.33696793205128617x
======[Agent] Wallclock_time = 2025-06-09 16:19:52.188924 / 570.995037 / Sim_time = 192.4000028669834 / 0.33695505817842203x
======[Agent] Wallclock_time = 2025-06-09 16:19:52.346192 / 571.152305 / Sim_time = 192.45000286772847 / 0.3369498192218786x
======[Agent] Wallclock_time = 2025-06-09 16:19:52.525033 / 571.331146 / Sim_time = 192.50000286847353 / 0.33693186041814904x
======[Agent] Wallclock_time = 2025-06-09 16:19:52.718380 / 571.524493 / Sim_time = 192.5500028692186 / 0.3369053615762658x
======[Agent] Wallclock_time = 2025-06-09 16:19:52.885464 / 571.691577 / Sim_time = 192.60000286996365 / 0.3368943565449926x
======[Agent] Wallclock_time = 2025-06-09 16:19:53.050923 / 571.857036 / Sim_time = 192.6500028707087 / 0.3368843152371277x
======[Agent] Wallclock_time = 2025-06-09 16:19:53.198788 / 572.004901 / Sim_time = 192.70000287145376 / 0.33688464146011277x
======[Agent] Wallclock_time = 2025-06-09 16:19:53.361156 / 572.167269 / Sim_time = 192.75000287219882 / 0.3368764283434928x
======[Agent] Wallclock_time = 2025-06-09 16:19:53.508413 / 572.314526 / Sim_time = 192.80000287294388 / 0.3368771143086967x
======[Agent] Wallclock_time = 2025-06-09 16:19:53.700412 / 572.506525 / Sim_time = 192.85000287368894 / 0.33685147260499143x
======[Agent] Wallclock_time = 2025-06-09 16:19:53.865639 / 572.671752 / Sim_time = 192.900002874434 / 0.33684159443722583x
======[Agent] Wallclock_time = 2025-06-09 16:19:54.004597 / 572.81071 / Sim_time = 192.95000287517905 / 0.336847168985388x
======[Agent] Wallclock_time = 2025-06-09 16:19:54.168329 / 572.974442 / Sim_time = 193.0000028759241 / 0.33683817617426637x
======[Agent] Wallclock_time = 2025-06-09 16:19:54.338078 / 573.144191 / Sim_time = 193.05000287666917 / 0.33682565239680984x
======[Agent] Wallclock_time = 2025-06-09 16:19:54.503107 / 573.30922 / Sim_time = 193.10000287741423 / 0.3368159089810299x
======[Agent] Wallclock_time = 2025-06-09 16:19:54.655383 / 573.461496 / Sim_time = 193.15000287815928 / 0.3368136612688954x
======[Agent] Wallclock_time = 2025-06-09 16:19:54.805332 / 573.611445 / Sim_time = 193.20000287890434 / 0.3368127811085137x
======[Agent] Wallclock_time = 2025-06-09 16:19:54.972808 / 573.778921 / Sim_time = 193.2500028796494 / 0.33680161296485905x
======[Agent] Wallclock_time = 2025-06-09 16:19:55.148204 / 573.954317 / Sim_time = 193.30000288039446 / 0.3367858039729502x
======[Agent] Wallclock_time = 2025-06-09 16:19:55.302313 / 574.108426 / Sim_time = 193.35000288113952 / 0.33678249149864947x
======[Agent] Wallclock_time = 2025-06-09 16:19:55.455208 / 574.261321 / Sim_time = 193.40000288188457 / 0.33677989275894804x
======[Agent] Wallclock_time = 2025-06-09 16:19:55.627745 / 574.433858 / Sim_time = 193.45000288262963 / 0.33676577977207234x
======[Agent] Wallclock_time = 2025-06-09 16:19:55.781554 / 574.587667 / Sim_time = 193.5000028833747 / 0.3367626512608796x
======[Agent] Wallclock_time = 2025-06-09 16:19:55.946904 / 574.753017 / Sim_time = 193.55000288411975 / 0.33675276232844453x
======[Agent] Wallclock_time = 2025-06-09 16:19:56.115723 / 574.921836 / Sim_time = 193.6000028848648 / 0.3367408472271309x
======[Agent] Wallclock_time = 2025-06-09 16:19:56.284752 / 575.090865 / Sim_time = 193.65000288560987 / 0.3367288161615882x
======[Agent] Wallclock_time = 2025-06-09 16:19:56.447034 / 575.253147 / Sim_time = 193.70000288635492 / 0.3367207414262325x
======[Agent] Wallclock_time = 2025-06-09 16:19:56.602285 / 575.408398 / Sim_time = 193.75000288709998 / 0.3367167855800297x
======[Agent] Wallclock_time = 2025-06-09 16:19:56.784805 / 575.590918 / Sim_time = 193.80000288784504 / 0.3366968799027596x
======[Agent] Wallclock_time = 2025-06-09 16:19:56.960432 / 575.766545 / Sim_time = 193.8500028885901 / 0.33668101749047025x
======[Agent] Wallclock_time = 2025-06-09 16:19:57.113819 / 575.919932 / Sim_time = 193.90000288933516 / 0.3366781655530019x
======[Agent] Wallclock_time = 2025-06-09 16:19:57.288448 / 576.094561 / Sim_time = 193.9500028900802 / 0.3366629011225452x
======[Agent] Wallclock_time = 2025-06-09 16:19:57.453785 / 576.259898 / Sim_time = 194.00000289082527 / 0.33665307426572133x
======[Agent] Wallclock_time = 2025-06-09 16:19:57.624201 / 576.430314 / Sim_time = 194.05000289157033 / 0.33664028684529507x
======[Agent] Wallclock_time = 2025-06-09 16:19:57.809968 / 576.616081 / Sim_time = 194.1000028923154 / 0.33661854511090245x
======[Agent] Wallclock_time = 2025-06-09 16:19:57.993480 / 576.799593 / Sim_time = 194.15000289306045 / 0.33659813330507526x
======[Agent] Wallclock_time = 2025-06-09 16:19:58.198452 / 577.004565 / Sim_time = 194.2000028938055 / 0.33656521647898757x
======[Agent] Wallclock_time = 2025-06-09 16:19:58.346483 / 577.152596 / Sim_time = 194.25000289455056 / 0.33656552474213564x
======[Agent] Wallclock_time = 2025-06-09 16:19:58.491469 / 577.297582 / Sim_time = 194.30000289529562 / 0.33656760808620106x
======[Agent] Wallclock_time = 2025-06-09 16:19:58.647209 / 577.453322 / Sim_time = 194.35000289604068 / 0.336563422407012x
======[Agent] Wallclock_time = 2025-06-09 16:19:58.773553 / 577.579666 / Sim_time = 194.40000289678574 / 0.33657636818609465x
======[Agent] Wallclock_time = 2025-06-09 16:19:58.936750 / 577.742863 / Sim_time = 194.4500028975308 / 0.33656783801705353x
======[Agent] Wallclock_time = 2025-06-09 16:19:59.104703 / 577.910816 / Sim_time = 194.50000289827585 / 0.33655654290736264x
======[Agent] Wallclock_time = 2025-06-09 16:19:59.253377 / 578.05949 / Sim_time = 194.5500028990209 / 0.33655647854261916x
======[Agent] Wallclock_time = 2025-06-09 16:19:59.402885 / 578.208998 / Sim_time = 194.60000289976597 / 0.33655592876788337x
======[Agent] Wallclock_time = 2025-06-09 16:19:59.566014 / 578.372127 / Sim_time = 194.65000290051103 / 0.33654745321615026x
======[Agent] Wallclock_time = 2025-06-09 16:19:59.715447 / 578.52156 / Sim_time = 194.70000290125608 / 0.3365469497010732x
======[Agent] Wallclock_time = 2025-06-09 16:19:59.877954 / 578.684067 / Sim_time = 194.75000290200114 / 0.3365388429869422x
======[Agent] Wallclock_time = 2025-06-09 16:20:00.052048 / 578.858161 / Sim_time = 194.8000029027462 / 0.33652400450261893x
======[Agent] Wallclock_time = 2025-06-09 16:20:00.213115 / 579.019228 / Sim_time = 194.85000290349126 / 0.3365167458424117x
======[Agent] Wallclock_time = 2025-06-09 16:20:00.368965 / 579.175078 / Sim_time = 194.90000290423632 / 0.33651252237015966x
======[Agent] Wallclock_time = 2025-06-09 16:20:00.535586 / 579.341699 / Sim_time = 194.95000290498137 / 0.33650204488894647x
======[Agent] Wallclock_time = 2025-06-09 16:20:00.706938 / 579.513051 / Sim_time = 195.00000290572643 / 0.3364888264041875x
======[Agent] Wallclock_time = 2025-06-09 16:20:00.889371 / 579.695484 / Sim_time = 195.0500029064715 / 0.3364691839436299x
======[Agent] Wallclock_time = 2025-06-09 16:20:01.061909 / 579.868022 / Sim_time = 195.10000290721655 / 0.33645529508423466x
======[Agent] Wallclock_time = 2025-06-09 16:20:01.239955 / 580.046068 / Sim_time = 195.1500029079616 / 0.33643821971351057x
======[Agent] Wallclock_time = 2025-06-09 16:20:01.401207 / 580.20732 / Sim_time = 195.20000290870667 / 0.33643089245722413x
======[Agent] Wallclock_time = 2025-06-09 16:20:01.565766 / 580.371879 / Sim_time = 195.25000290945172 / 0.3364216523106203x
======[Agent] Wallclock_time = 2025-06-09 16:20:01.728823 / 580.534936 / Sim_time = 195.30000291019678 / 0.3364132877903303x
======[Agent] Wallclock_time = 2025-06-09 16:20:01.903713 / 580.709826 / Sim_time = 195.35000291094184 / 0.3363980731279527x
======[Agent] Wallclock_time = 2025-06-09 16:20:02.080321 / 580.886434 / Sim_time = 195.4000029116869 / 0.33638187276002757x
======[Agent] Wallclock_time = 2025-06-09 16:20:02.232099 / 581.038212 / Sim_time = 195.45000291243196 / 0.33638005641593766x
======[Agent] Wallclock_time = 2025-06-09 16:20:02.398694 / 581.204807 / Sim_time = 195.500002913177 / 0.33636966554461323x
======[Agent] Wallclock_time = 2025-06-09 16:20:02.562126 / 581.368239 / Sim_time = 195.55000291392207 / 0.3363611106261542x
======[Agent] Wallclock_time = 2025-06-09 16:20:02.698221 / 581.504334 / Sim_time = 195.60000291466713 / 0.33636837270123326x
======[Agent] Wallclock_time = 2025-06-09 16:20:02.861235 / 581.667348 / Sim_time = 195.6500029154122 / 0.33636006426709025x
======[Agent] Wallclock_time = 2025-06-09 16:20:03.015674 / 581.821787 / Sim_time = 195.70000291615725 / 0.336356717696169x
======[Agent] Wallclock_time = 2025-06-09 16:20:03.177312 / 581.983425 / Sim_time = 195.7500029169023 / 0.336349212295333x
======[Agent] Wallclock_time = 2025-06-09 16:20:03.333205 / 582.139318 / Sim_time = 195.80000291764736 / 0.33634503033622104x
======[Agent] Wallclock_time = 2025-06-09 16:20:03.488360 / 582.294473 / Sim_time = 195.85000291839242 / 0.33634127689396x
======[Agent] Wallclock_time = 2025-06-09 16:20:03.643253 / 582.449366 / Sim_time = 195.90000291913748 / 0.33633767674400855x
======[Agent] Wallclock_time = 2025-06-09 16:20:03.806302 / 582.612415 / Sim_time = 195.95000291988254 / 0.33632937017058306x
======[Agent] Wallclock_time = 2025-06-09 16:20:03.955397 / 582.76151 / Sim_time = 196.0000029206276 / 0.3363291213098584x
======[Agent] Wallclock_time = 2025-06-09 16:20:04.089082 / 582.895195 / Sim_time = 196.05000292137265 / 0.3363377640874336x
======[Agent] Wallclock_time = 2025-06-09 16:20:04.274008 / 583.080121 / Sim_time = 196.1000029221177 / 0.3363168448770917x
======[Agent] Wallclock_time = 2025-06-09 16:20:04.418199 / 583.224312 / Sim_time = 196.15000292286277 / 0.33631942730713094x
======[Agent] Wallclock_time = 2025-06-09 16:20:04.574670 / 583.380783 / Sim_time = 196.20000292360783 / 0.33631492898983417x
======[Agent] Wallclock_time = 2025-06-09 16:20:04.701919 / 583.508032 / Sim_time = 196.25000292435288 / 0.33632727543513485x
======[Agent] Wallclock_time = 2025-06-09 16:20:04.823664 / 583.629777 / Sim_time = 196.30000292509794 / 0.33634278838776516x
======[Agent] Wallclock_time = 2025-06-09 16:20:04.955779 / 583.761892 / Sim_time = 196.350002925843 / 0.3363523197802765x
======[Agent] Wallclock_time = 2025-06-09 16:20:05.084964 / 583.891077 / Sim_time = 196.40000292658806 / 0.33636353474032166x
======[Agent] Wallclock_time = 2025-06-09 16:20:05.213771 / 584.019884 / Sim_time = 196.45000292733312 / 0.3363749624531117x
======[Agent] Wallclock_time = 2025-06-09 16:20:05.347320 / 584.153433 / Sim_time = 196.50000292807817 / 0.3363836544369393x
======[Agent] Wallclock_time = 2025-06-09 16:20:05.478824 / 584.284937 / Sim_time = 196.55000292882323 / 0.33639351982011373x
======[Agent] Wallclock_time = 2025-06-09 16:20:05.643114 / 584.449227 / Sim_time = 196.6000029295683 / 0.33638450948803944x
======[Agent] Wallclock_time = 2025-06-09 16:20:05.796881 / 584.602994 / Sim_time = 196.65000293031335 / 0.3363815590529704x
======[Agent] Wallclock_time = 2025-06-09 16:20:05.932048 / 584.738161 / Sim_time = 196.7000029310584 / 0.3363893100552204x
======[Agent] Wallclock_time = 2025-06-09 16:20:06.082389 / 584.888502 / Sim_time = 196.75000293180346 / 0.3363883302042981x
======[Agent] Wallclock_time = 2025-06-09 16:20:06.246762 / 585.052875 / Sim_time = 196.80000293254852 / 0.3363792829037301x
======[Agent] Wallclock_time = 2025-06-09 16:20:06.387436 / 585.193549 / Sim_time = 196.85000293329358 / 0.33638386288744054x
======[Agent] Wallclock_time = 2025-06-09 16:20:06.546644 / 585.352757 / Sim_time = 196.90000293403864 / 0.33637778963471937x
======[Agent] Wallclock_time = 2025-06-09 16:20:06.708710 / 585.514823 / Sim_time = 196.9500029347837 / 0.3363700777985358x
======[Agent] Wallclock_time = 2025-06-09 16:20:06.859278 / 585.665391 / Sim_time = 197.00000293552876 / 0.33636897380974823x
======[Agent] Wallclock_time = 2025-06-09 16:20:07.018581 / 585.824694 / Sim_time = 197.0500029362738 / 0.33636285494892243x
======[Agent] Wallclock_time = 2025-06-09 16:20:07.171324 / 585.977437 / Sim_time = 197.10000293701887 / 0.3363605049122633x
======[Agent] Wallclock_time = 2025-06-09 16:20:07.325272 / 586.131385 / Sim_time = 197.15000293776393 / 0.33635746459865706x
======[Agent] Wallclock_time = 2025-06-09 16:20:07.480048 / 586.286161 / Sim_time = 197.200002938509 / 0.33635395085601916x
======[Agent] Wallclock_time = 2025-06-09 16:20:07.644077 / 586.45019 / Sim_time = 197.25000293925405 / 0.33634513204629024x
======[Agent] Wallclock_time = 2025-06-09 16:20:07.794461 / 586.600574 / Sim_time = 197.3000029399991 / 0.3363441417223321x
======[Agent] Wallclock_time = 2025-06-09 16:20:07.947953 / 586.754066 / Sim_time = 197.35000294074416 / 0.3363413703201741x
======[Agent] Wallclock_time = 2025-06-09 16:20:08.101482 / 586.907595 / Sim_time = 197.40000294148922 / 0.3363385791640847x
======[Agent] Wallclock_time = 2025-06-09 16:20:08.264404 / 587.070517 / Sim_time = 197.45000294223428 / 0.3363304081779091x
======[Agent] Wallclock_time = 2025-06-09 16:20:08.414151 / 587.220264 / Sim_time = 197.50000294297934 / 0.3363297875108612x
======[Agent] Wallclock_time = 2025-06-09 16:20:08.567490 / 587.373603 / Sim_time = 197.5500029437244 / 0.33632711039044433x
======[Agent] Wallclock_time = 2025-06-09 16:20:08.718964 / 587.525077 / Sim_time = 197.60000294446945 / 0.3363255022712285x
======[Agent] Wallclock_time = 2025-06-09 16:20:08.877437 / 587.68355 / Sim_time = 197.6500029452145 / 0.3363198895482526x
======[Agent] Wallclock_time = 2025-06-09 16:20:09.014717 / 587.82083 / Sim_time = 197.70000294595957 / 0.3363264051387128x
======[Agent] Wallclock_time = 2025-06-09 16:20:09.162998 / 587.969111 / Sim_time = 197.75000294670463 / 0.3363266248523722x
======[Agent] Wallclock_time = 2025-06-09 16:20:09.308361 / 588.114474 / Sim_time = 197.80000294744968 / 0.3363285131780935x
======[Agent] Wallclock_time = 2025-06-09 16:20:09.454112 / 588.260225 / Sim_time = 197.85000294819474 / 0.3363301787368269x
======[Agent] Wallclock_time = 2025-06-09 16:20:09.602237 / 588.40835 / Sim_time = 197.9000029489398 / 0.3363304865038936x
======[Agent] Wallclock_time = 2025-06-09 16:20:09.756898 / 588.563011 / Sim_time = 197.95000294968486 / 0.3363270591644872x
======[Agent] Wallclock_time = 2025-06-09 16:20:09.920791 / 588.726904 / Sim_time = 198.00000295042992 / 0.33631835964484863x
======[Agent] Wallclock_time = 2025-06-09 16:20:10.059501 / 588.865614 / Sim_time = 198.05000295117497 / 0.336324047318422x
======[Agent] Wallclock_time = 2025-06-09 16:20:10.228773 / 589.034886 / Sim_time = 198.10000295192003 / 0.3363122819174383x
======[Agent] Wallclock_time = 2025-06-09 16:20:10.414686 / 589.220799 / Sim_time = 198.1500029526651 / 0.33629102536422806x
======[Agent] Wallclock_time = 2025-06-09 16:20:10.583833 / 589.389946 / Sim_time = 198.20000295341015 / 0.3362793478565077x
======[Agent] Wallclock_time = 2025-06-09 16:20:10.764434 / 589.570547 / Sim_time = 198.2500029541552 / 0.3362611441527981x
======[Agent] Wallclock_time = 2025-06-09 16:20:10.906634 / 589.712747 / Sim_time = 198.30000295490026 / 0.3362648470782559x
======[Agent] Wallclock_time = 2025-06-09 16:20:11.045226 / 589.851339 / Sim_time = 198.35000295564532 / 0.3362706051007883x
======[Agent] Wallclock_time = 2025-06-09 16:20:11.214476 / 590.020589 / Sim_time = 198.40000295639038 / 0.33625888722588826x
======[Agent] Wallclock_time = 2025-06-09 16:20:11.364581 / 590.170694 / Sim_time = 198.45000295713544 / 0.33625808383337247x
======[Agent] Wallclock_time = 2025-06-09 16:20:11.518423 / 590.324536 / Sim_time = 198.5000029578805 / 0.3362551522044957x
======[Agent] Wallclock_time = 2025-06-09 16:20:11.674100 / 590.480213 / Sim_time = 198.55000295862556 / 0.33625117715409103x
======[Agent] Wallclock_time = 2025-06-09 16:20:11.835040 / 590.641153 / Sim_time = 198.6000029593706 / 0.33624420802111393x
======[Agent] Wallclock_time = 2025-06-09 16:20:11.966433 / 590.772546 / Sim_time = 198.65000296011567 / 0.33625405928402163x
======[Agent] Wallclock_time = 2025-06-09 16:20:12.135835 / 590.941948 / Sim_time = 198.70000296086073 / 0.33624227792775135x
======[Agent] Wallclock_time = 2025-06-09 16:20:12.282950 / 591.089063 / Sim_time = 198.7500029616058 / 0.3362431808663408x
======[Agent] Wallclock_time = 2025-06-09 16:20:12.442697 / 591.24881 / Sim_time = 198.80000296235085 / 0.3362368995304216x
======[Agent] Wallclock_time = 2025-06-09 16:20:12.618973 / 591.425086 / Sim_time = 198.8500029630959 / 0.33622122471462296x
======[Agent] Wallclock_time = 2025-06-09 16:20:12.755440 / 591.561553 / Sim_time = 198.90000296384096 / 0.33622818407817806x
======[Agent] Wallclock_time = 2025-06-09 16:20:12.915892 / 591.722005 / Sim_time = 198.95000296458602 / 0.3362215112197405x
======[Agent] Wallclock_time = 2025-06-09 16:20:13.069913 / 591.876026 / Sim_time = 199.00000296533108 / 0.33621849509889756x
======[Agent] Wallclock_time = 2025-06-09 16:20:13.216147 / 592.02226 / Sim_time = 199.05000296607614 / 0.33621990285664816x
======[Agent] Wallclock_time = 2025-06-09 16:20:13.365307 / 592.17142 / Sim_time = 199.1000029668212 / 0.3362196486064332x
======[Agent] Wallclock_time = 2025-06-09 16:20:13.524415 / 592.330528 / Sim_time = 199.15000296756625 / 0.3362137477976122x
======[Agent] Wallclock_time = 2025-06-09 16:20:13.678581 / 592.484694 / Sim_time = 199.2000029683113 / 0.3362106545112823x
======[Agent] Wallclock_time = 2025-06-09 16:20:13.835672 / 592.641785 / Sim_time = 199.25000296905637 / 0.3362059034753226x
======[Agent] Wallclock_time = 2025-06-09 16:20:13.983110 / 592.789223 / Sim_time = 199.30000296980143 / 0.33620662965927733x
======[Agent] Wallclock_time = 2025-06-09 16:20:14.165331 / 592.971444 / Sim_time = 199.35000297054648 / 0.33618763399154933x
======[Agent] Wallclock_time = 2025-06-09 16:20:14.339803 / 593.145916 / Sim_time = 199.40000297129154 / 0.3361730417751873x
======[Agent] Wallclock_time = 2025-06-09 16:20:14.494699 / 593.300812 / Sim_time = 199.4500029720366 / 0.3361695496929253x
======[Agent] Wallclock_time = 2025-06-09 16:20:14.699607 / 593.50572 / Sim_time = 199.50000297278166 / 0.33613773231208177x
======[Agent] Wallclock_time = 2025-06-09 16:20:14.882691 / 593.688804 / Sim_time = 199.55000297352672 / 0.3361182921267193x
======[Agent] Wallclock_time = 2025-06-09 16:20:15.027509 / 593.833622 / Sim_time = 199.60000297427177 / 0.33612052174059964x
======[Agent] Wallclock_time = 2025-06-09 16:20:15.199812 / 594.005925 / Sim_time = 199.65000297501683 / 0.3361071976981023x
======[Agent] Wallclock_time = 2025-06-09 16:20:15.334668 / 594.140781 / Sim_time = 199.7000029757619 / 0.33611506438689914x
======[Agent] Wallclock_time = 2025-06-09 16:20:15.495132 / 594.301245 / Sim_time = 199.75000297650695 / 0.33610844424204883x
======[Agent] Wallclock_time = 2025-06-09 16:20:15.645322 / 594.451435 / Sim_time = 199.800002977252 / 0.3361076365634738x
======[Agent] Wallclock_time = 2025-06-09 16:20:15.830160 / 594.636273 / Sim_time = 199.85000297799706 / 0.33608724520367744x
======[Agent] Wallclock_time = 2025-06-09 16:20:15.981308 / 594.787421 / Sim_time = 199.90000297874212 / 0.3360859020131162x
======[Agent] Wallclock_time = 2025-06-09 16:20:16.141298 / 594.947411 / Sim_time = 199.95000297948718 / 0.336079564685966x
======[Agent] Wallclock_time = 2025-06-09 16:20:16.297645 / 595.103758 / Sim_time = 200.00000298023224 / 0.3360752880759731x
======[Agent] Wallclock_time = 2025-06-09 16:20:16.450568 / 595.256681 / Sim_time = 200.0500029809773 / 0.33607294683691336x
======[Agent] Wallclock_time = 2025-06-09 16:20:16.628215 / 595.434328 / Sim_time = 200.10000298172235 / 0.336056652288059x
======[Agent] Wallclock_time = 2025-06-09 16:20:16.801142 / 595.607255 / Sim_time = 200.1500029824674 / 0.3360430304688564x
======[Agent] Wallclock_time = 2025-06-09 16:20:16.931355 / 595.737468 / Sim_time = 200.20000298321247 / 0.33605350961357167x
======[Agent] Wallclock_time = 2025-06-09 16:20:17.117412 / 595.923525 / Sim_time = 200.25000298395753 / 0.336032491671588x
======[Agent] Wallclock_time = 2025-06-09 16:20:17.259435 / 596.065548 / Sim_time = 200.3000029847026 / 0.3360363094637255x
======[Agent] Wallclock_time = 2025-06-09 16:20:17.431664 / 596.237777 / Sim_time = 200.35000298544765 / 0.33602310133788504x
======[Agent] Wallclock_time = 2025-06-09 16:20:17.619869 / 596.425982 / Sim_time = 200.4000029861927 / 0.3360009004190101x
======[Agent] Wallclock_time = 2025-06-09 16:20:17.790041 / 596.596154 / Sim_time = 200.45000298693776 / 0.3359888689427737x
======[Agent] Wallclock_time = 2025-06-09 16:20:17.952593 / 596.758706 / Sim_time = 200.50000298768282 / 0.33598113440266836x
======[Agent] Wallclock_time = 2025-06-09 16:20:18.108462 / 596.914575 / Sim_time = 200.55000298842788 / 0.3359771655957007x
======[Agent] Wallclock_time = 2025-06-09 16:20:18.268118 / 597.074231 / Sim_time = 200.60000298917294 / 0.3359710679225495x
======[Agent] Wallclock_time = 2025-06-09 16:20:18.438349 / 597.244462 / Sim_time = 200.650002989918 / 0.33595902481703244x
======[Agent] Wallclock_time = 2025-06-09 16:20:18.615874 / 597.421987 / Sim_time = 200.70000299066305 / 0.33594288696270586x
======[Agent] Wallclock_time = 2025-06-09 16:20:18.792932 / 597.599045 / Sim_time = 200.7500029914081 / 0.3359270212093242x
======[Agent] Wallclock_time = 2025-06-09 16:20:18.978144 / 597.784257 / Sim_time = 200.80000299215317 / 0.33590658290884073x
======[Agent] Wallclock_time = 2025-06-09 16:20:19.165482 / 597.971595 / Sim_time = 200.85000299289823 / 0.33588496307744375x
======[Agent] Wallclock_time = 2025-06-09 16:20:19.340114 / 598.146227 / Sim_time = 200.90000299364328 / 0.3358704912856568x
======[Agent] Wallclock_time = 2025-06-09 16:20:19.519357 / 598.32547 / Sim_time = 200.95000299438834 / 0.33585343966879544x
======[Agent] Wallclock_time = 2025-06-09 16:20:19.680619 / 598.486732 / Sim_time = 201.0000029951334 / 0.3358464881534671x
======[Agent] Wallclock_time = 2025-06-09 16:20:19.851554 / 598.657667 / Sim_time = 201.05000299587846 / 0.33583411395909596x
======[Agent] Wallclock_time = 2025-06-09 16:20:20.024772 / 598.830885 / Sim_time = 201.10000299662352 / 0.3358204665348164x
======[Agent] Wallclock_time = 2025-06-09 16:20:20.191239 / 598.997352 / Sim_time = 201.15000299736857 / 0.3358106117082749x
======[Agent] Wallclock_time = 2025-06-09 16:20:20.345834 / 599.151947 / Sim_time = 201.20000299811363 / 0.33580741612894655x
======[Agent] Wallclock_time = 2025-06-09 16:20:20.514992 / 599.321105 / Sim_time = 201.2500029988587 / 0.3357960624510232x
======[Agent] Wallclock_time = 2025-06-09 16:20:20.684765 / 599.490878 / Sim_time = 201.30000299960375 / 0.33578437070936223x
======[Agent] Wallclock_time = 2025-06-09 16:20:20.847620 / 599.653733 / Sim_time = 201.3500030003488 / 0.3357765592760673x
======[Agent] Wallclock_time = 2025-06-09 16:20:20.994442 / 599.800555 / Sim_time = 201.40000300109386 / 0.3357777273536643x
======[Agent] Wallclock_time = 2025-06-09 16:20:21.142708 / 599.948821 / Sim_time = 201.45000300183892 / 0.33577808668408443x
======[Agent] Wallclock_time = 2025-06-09 16:20:21.305866 / 600.111979 / Sim_time = 201.50000300258398 / 0.3357701133849064x
======[Agent] Wallclock_time = 2025-06-09 16:20:21.455208 / 600.261321 / Sim_time = 201.55000300332904 / 0.335769872524331x
======[Agent] Wallclock_time = 2025-06-09 16:20:21.619372 / 600.425485 / Sim_time = 201.6000030040741 / 0.3357613430461418x
======[Agent] Wallclock_time = 2025-06-09 16:20:21.781933 / 600.588046 / Sim_time = 201.65000300481915 / 0.33575371437064x
======[Agent] Wallclock_time = 2025-06-09 16:20:21.931008 / 600.737121 / Sim_time = 201.7000030055642 / 0.33575362700441014x
======[Agent] Wallclock_time = 2025-06-09 16:20:22.088121 / 600.894234 / Sim_time = 201.75000300630927 / 0.3357490484045165x
======[Agent] Wallclock_time = 2025-06-09 16:20:22.234277 / 601.04039 / Sim_time = 201.80000300705433 / 0.3357505928286475x
======[Agent] Wallclock_time = 2025-06-09 16:20:22.386400 / 601.192513 / Sim_time = 201.8500030077994 / 0.33574880407566776x
======[Agent] Wallclock_time = 2025-06-09 16:20:22.529187 / 601.3353 / Sim_time = 201.90000300854445 / 0.33575222884190503x
======[Agent] Wallclock_time = 2025-06-09 16:20:22.687091 / 601.493204 / Sim_time = 201.9500030092895 / 0.3357472136328175x
======[Agent] Wallclock_time = 2025-06-09 16:20:22.858347 / 601.66446 / Sim_time = 202.00000301003456 / 0.3357347503545153x
======[Agent] Wallclock_time = 2025-06-09 16:20:23.036805 / 601.842918 / Sim_time = 202.05000301077962 / 0.3357182767289834x
======[Agent] Wallclock_time = 2025-06-09 16:20:23.206394 / 602.012507 / Sim_time = 202.10000301152468 / 0.3357067585055441x
======[Agent] Wallclock_time = 2025-06-09 16:20:23.360829 / 602.166942 / Sim_time = 202.15000301226974 / 0.3357036947879729x
======[Agent] Wallclock_time = 2025-06-09 16:20:23.535653 / 602.341766 / Sim_time = 202.2000030130148 / 0.3356892693437192x
======[Agent] Wallclock_time = 2025-06-09 16:20:23.693629 / 602.499742 / Sim_time = 202.25000301375985 / 0.33568423889801596x
======[Agent] Wallclock_time = 2025-06-09 16:20:23.850738 / 602.656851 / Sim_time = 202.3000030145049 / 0.33567969400684855x
======[Agent] Wallclock_time = 2025-06-09 16:20:24.023140 / 602.829253 / Sim_time = 202.35000301524997 / 0.3356666358535426x
======[Agent] Wallclock_time = 2025-06-09 16:20:24.182729 / 602.988842 / Sim_time = 202.40000301599503 / 0.33566071750839716x
======[Agent] Wallclock_time = 2025-06-09 16:20:24.337917 / 603.14403 / Sim_time = 202.45000301674008 / 0.33565725148516945x
======[Agent] Wallclock_time = 2025-06-09 16:20:24.530178 / 603.336291 / Sim_time = 202.50000301748514 / 0.3356331624750925x
======[Agent] Wallclock_time = 2025-06-09 16:20:24.687422 / 603.493535 / Sim_time = 202.5500030182302 / 0.3356285621016108x
======[Agent] Wallclock_time = 2025-06-09 16:20:24.867640 / 603.673753 / Sim_time = 202.60000301897526 / 0.3356111913114499x
======[Agent] Wallclock_time = 2025-06-09 16:20:25.033877 / 603.83999 / Sim_time = 202.65000301972032 / 0.3356016010435468x
======[Agent] Wallclock_time = 2025-06-09 16:20:25.193618 / 603.999731 / Sim_time = 202.70000302046537 / 0.33559562533123055x
======[Agent] Wallclock_time = 2025-06-09 16:20:25.374810 / 604.180923 / Sim_time = 202.75000302121043 / 0.33557773793442414x
======[Agent] Wallclock_time = 2025-06-09 16:20:25.537613 / 604.343726 / Sim_time = 202.8000030219555 / 0.33557007167785813x
======[Agent] Wallclock_time = 2025-06-09 16:20:25.699098 / 604.505211 / Sim_time = 202.85000302270055 / 0.3355631411745752x
======[Agent] Wallclock_time = 2025-06-09 16:20:25.856372 / 604.662485 / Sim_time = 202.9000030234456 / 0.33555855125507644x
======[Agent] Wallclock_time = 2025-06-09 16:20:26.028676 / 604.834789 / Sim_time = 202.95000302419066 / 0.33554562530060644x
======[Agent] Wallclock_time = 2025-06-09 16:20:26.179899 / 604.986012 / Sim_time = 203.00000302493572 / 0.33554439847203815x
======[Agent] Wallclock_time = 2025-06-09 16:20:26.352202 / 605.158315 / Sim_time = 203.05000302568078 / 0.33553148401207505x
======[Agent] Wallclock_time = 2025-06-09 16:20:26.495435 / 605.301548 / Sim_time = 203.10000302642584 / 0.3355346903750781x
======[Agent] Wallclock_time = 2025-06-09 16:20:26.679016 / 605.485129 / Sim_time = 203.1500030271709 / 0.33551553585989896x
======[Agent] Wallclock_time = 2025-06-09 16:20:26.899404 / 605.705517 / Sim_time = 203.20000302791595 / 0.3354760058292653x
======[Agent] Wallclock_time = 2025-06-09 16:20:27.065934 / 605.872047 / Sim_time = 203.250003028661 / 0.3354663225820327x
======[Agent] Wallclock_time = 2025-06-09 16:20:27.229316 / 606.035429 / Sim_time = 203.30000302940607 / 0.3354583871548192x
======[Agent] Wallclock_time = 2025-06-09 16:20:27.399559 / 606.205672 / Sim_time = 203.35000303015113 / 0.33544665940290264x
======[Agent] Wallclock_time = 2025-06-09 16:20:27.565318 / 606.371431 / Sim_time = 203.4000030308962 / 0.33543741870892574x
======[Agent] Wallclock_time = 2025-06-09 16:20:27.742082 / 606.548195 / Sim_time = 203.45000303164124 / 0.3354220971831333x
======[Agent] Wallclock_time = 2025-06-09 16:20:27.908656 / 606.714769 / Sim_time = 203.5000030323863 / 0.33541241785720965x
======[Agent] Wallclock_time = 2025-06-09 16:20:28.065733 / 606.871846 / Sim_time = 203.55000303313136 / 0.33540799258817283x
======[Agent] Wallclock_time = 2025-06-09 16:20:28.230532 / 607.036645 / Sim_time = 203.60000303387642 / 0.3353993030100735x
======[Agent] Wallclock_time = 2025-06-09 16:20:28.378308 / 607.184421 / Sim_time = 203.65000303462148 / 0.33540002113229506x
======[Agent] Wallclock_time = 2025-06-09 16:20:28.558219 / 607.364332 / Sim_time = 203.70000303536654 / 0.33538299323835385x
======[Agent] Wallclock_time = 2025-06-09 16:20:28.721599 / 607.527712 / Sim_time = 203.7500030361116 / 0.33537510081681804x
======[Agent] Wallclock_time = 2025-06-09 16:20:28.884212 / 607.690325 / Sim_time = 203.80000303685665 / 0.3353676359241374x
======[Agent] Wallclock_time = 2025-06-09 16:20:29.036438 / 607.842551 / Sim_time = 203.8500030376017 / 0.3353659057536036x
======[Agent] Wallclock_time = 2025-06-09 16:20:29.220321 / 608.026434 / Sim_time = 203.90000303834677 / 0.33534671568511293x
======[Agent] Wallclock_time = 2025-06-09 16:20:29.380228 / 608.186341 / Sim_time = 203.95000303909183 / 0.3353407565237236x
======[Agent] Wallclock_time = 2025-06-09 16:20:29.540507 / 608.34662 / Sim_time = 204.00000303983688 / 0.335334595440411x
======[Agent] Wallclock_time = 2025-06-09 16:20:29.694419 / 608.500532 / Sim_time = 204.05000304058194 / 0.33533194628108504x
======[Agent] Wallclock_time = 2025-06-09 16:20:29.864573 / 608.670686 / Sim_time = 204.100003041327 / 0.3353203504217658x
======[Agent] Wallclock_time = 2025-06-09 16:20:30.005717 / 608.81183 / Sim_time = 204.15000304207206 / 0.33532473854414674x
======[Agent] Wallclock_time = 2025-06-09 16:20:30.143414 / 608.949527 / Sim_time = 204.20000304281712 / 0.3353310227824421x
======[Agent] Wallclock_time = 2025-06-09 16:20:30.276379 / 609.082492 / Sim_time = 204.25000304356217 / 0.3353399094315992x
======[Agent] Wallclock_time = 2025-06-09 16:20:30.414124 / 609.220237 / Sim_time = 204.30000304430723 / 0.3353461610273892x
======[Agent] Wallclock_time = 2025-06-09 16:20:30.566509 / 609.372622 / Sim_time = 204.3500030450523 / 0.3353443530659624x
======[Agent] Wallclock_time = 2025-06-09 16:20:30.734667 / 609.54078 / Sim_time = 204.40000304579735 / 0.33533386841144397x
======[Agent] Wallclock_time = 2025-06-09 16:20:30.882541 / 609.688654 / Sim_time = 204.4500030465424 / 0.33533454554330094x
======[Agent] Wallclock_time = 2025-06-09 16:20:31.067845 / 609.873958 / Sim_time = 204.50000304728746 / 0.33531464173888487x
======[Agent] Wallclock_time = 2025-06-09 16:20:31.230557 / 610.03667 / Sim_time = 204.55000304803252 / 0.3353071672574458x
======[Agent] Wallclock_time = 2025-06-09 16:20:31.391489 / 610.197602 / Sim_time = 204.60000304877758 / 0.33530067485926096x
======[Agent] Wallclock_time = 2025-06-09 16:20:31.550019 / 610.356132 / Sim_time = 204.65000304952264 / 0.33529550540178277x
======[Agent] Wallclock_time = 2025-06-09 16:20:31.716465 / 610.522578 / Sim_time = 204.7000030502677 / 0.335285991281188x
======[Agent] Wallclock_time = 2025-06-09 16:20:31.856190 / 610.662303 / Sim_time = 204.75000305101275 / 0.3352911531528738x
======[Agent] Wallclock_time = 2025-06-09 16:20:32.005217 / 610.81133 / Sim_time = 204.8000030517578 / 0.3352912064688639x
======[Agent] Wallclock_time = 2025-06-09 16:20:32.145870 / 610.951983 / Sim_time = 204.85000305250287 / 0.3352958554136446x
======[Agent] Wallclock_time = 2025-06-09 16:20:32.314973 / 611.121086 / Sim_time = 204.90000305324793 / 0.3352848927362248x
======[Agent] Wallclock_time = 2025-06-09 16:20:32.484573 / 611.290686 / Sim_time = 204.950003053993 / 0.33527366353546806x
======[Agent] Wallclock_time = 2025-06-09 16:20:32.648148 / 611.454261 / Sim_time = 205.00000305473804 / 0.33526574408644766x
======[Agent] Wallclock_time = 2025-06-09 16:20:32.795007 / 611.60112 / Sim_time = 205.0500030554831 / 0.3352669919709943x
======[Agent] Wallclock_time = 2025-06-09 16:20:32.944198 / 611.750311 / Sim_time = 205.10000305622816 / 0.3352669612116747x
======[Agent] Wallclock_time = 2025-06-09 16:20:33.092094 / 611.898207 / Sim_time = 205.15000305697322 / 0.33526764001342013x
======[Agent] Wallclock_time = 2025-06-09 16:20:33.238078 / 612.044191 / Sim_time = 205.20000305771828 / 0.3352693658493565x
======[Agent] Wallclock_time = 2025-06-09 16:20:33.370349 / 612.176462 / Sim_time = 205.25000305846334 / 0.33527860105778173x
======[Agent] Wallclock_time = 2025-06-09 16:20:33.516754 / 612.322867 / Sim_time = 205.3000030592084 / 0.3352800929760401x
======[Agent] Wallclock_time = 2025-06-09 16:20:33.673562 / 612.479675 / Sim_time = 205.35000305995345 / 0.33527588941472064x
======[Agent] Wallclock_time = 2025-06-09 16:20:33.810495 / 612.616608 / Sim_time = 205.4000030606985 / 0.3352825651408611x
======[Agent] Wallclock_time = 2025-06-09 16:20:33.927026 / 612.733139 / Sim_time = 205.45000306144357 / 0.33530040189492943x
======[Agent] Wallclock_time = 2025-06-09 16:20:34.047015 / 612.853128 / Sim_time = 205.50000306218863 / 0.3353163398488011x
======[Agent] Wallclock_time = 2025-06-09 16:20:34.157268 / 612.963381 / Sim_time = 205.55000306293368 / 0.33533759780233247x
======[Agent] Wallclock_time = 2025-06-09 16:20:34.284699 / 613.090812 / Sim_time = 205.60000306367874 / 0.33534945181045533x
======[Agent] Wallclock_time = 2025-06-09 16:20:34.419483 / 613.225596 / Sim_time = 205.6500030644238 / 0.3353572796839748x
======[Agent] Wallclock_time = 2025-06-09 16:20:34.577063 / 613.383176 / Sim_time = 205.70000306516886 / 0.33535264050432373x
======[Agent] Wallclock_time = 2025-06-09 16:20:34.736182 / 613.542295 / Sim_time = 205.75000306591392 / 0.33534716252732244x
======[Agent] Wallclock_time = 2025-06-09 16:20:34.885926 / 613.692039 / Sim_time = 205.80000306665897 / 0.33534681019358764x
======[Agent] Wallclock_time = 2025-06-09 16:20:35.049862 / 613.855975 / Sim_time = 205.85000306740403 / 0.3353387050255543x
======[Agent] Wallclock_time = 2025-06-09 16:20:35.202501 / 614.008614 / Sim_time = 205.9000030681491 / 0.33533677384430843x
======[Agent] Wallclock_time = 2025-06-09 16:20:35.375799 / 614.181912 / Sim_time = 205.95000306889415 / 0.335323564112598x
======[Agent] Wallclock_time = 2025-06-09 16:20:35.573589 / 614.379702 / Sim_time = 206.0000030696392 / 0.33529699484219677x
======[Agent] Wallclock_time = 2025-06-09 16:20:35.753674 / 614.559787 / Sim_time = 206.05000307038426 / 0.33528010154410365x
======[Agent] Wallclock_time = 2025-06-09 16:20:35.920191 / 614.726304 / Sim_time = 206.10000307112932 / 0.3352706179309864x
======[Agent] Wallclock_time = 2025-06-09 16:20:36.062515 / 614.868628 / Sim_time = 206.15000307187438 / 0.3352743308242807x
======[Agent] Wallclock_time = 2025-06-09 16:20:36.217391 / 615.023504 / Sim_time = 206.20000307261944 / 0.335271199328701x
======[Agent] Wallclock_time = 2025-06-09 16:20:36.379685 / 615.185798 / Sim_time = 206.2500030733645 / 0.3352640267052098x
======[Agent] Wallclock_time = 2025-06-09 16:20:36.523234 / 615.329347 / Sim_time = 206.30000307410955 / 0.33526707089925073x
======[Agent] Wallclock_time = 2025-06-09 16:20:36.670426 / 615.476539 / Sim_time = 206.3500030748546 / 0.33526812921576754x
======[Agent] Wallclock_time = 2025-06-09 16:20:36.828328 / 615.634441 / Sim_time = 206.40000307559967 / 0.3352633544624012x
======[Agent] Wallclock_time = 2025-06-09 16:20:36.970041 / 615.776154 / Sim_time = 206.45000307634473 / 0.3352673962248764x
======[Agent] Wallclock_time = 2025-06-09 16:20:37.140427 / 615.94654 / Sim_time = 206.5000030770898 / 0.33525582889265176x
======[Agent] Wallclock_time = 2025-06-09 16:20:37.291420 / 616.097533 / Sim_time = 206.55000307783484 / 0.33525482047826083x
======[Agent] Wallclock_time = 2025-06-09 16:20:37.435688 / 616.241801 / Sim_time = 206.6000030785799 / 0.3352574711515046x
======[Agent] Wallclock_time = 2025-06-09 16:20:37.585472 / 616.391585 / Sim_time = 206.65000307932496 / 0.335257120394018x
======[Agent] Wallclock_time = 2025-06-09 16:20:37.763731 / 616.569844 / Sim_time = 206.70000308007002 / 0.3352412866931963x
======[Agent] Wallclock_time = 2025-06-09 16:20:37.917990 / 616.724103 / Sim_time = 206.75000308081508 / 0.33523850752158385x
======[Agent] Wallclock_time = 2025-06-09 16:20:38.073406 / 616.879519 / Sim_time = 206.80000308156013 / 0.33523510098324266x
======[Agent] Wallclock_time = 2025-06-09 16:20:38.206343 / 617.012456 / Sim_time = 206.8500030823052 / 0.3352439093035034x
======[Agent] Wallclock_time = 2025-06-09 16:20:38.375138 / 617.181251 / Sim_time = 206.90000308305025 / 0.33523323580322834x
======[Agent] Wallclock_time = 2025-06-09 16:20:38.539197 / 617.34531 / Sim_time = 206.9500030837953 / 0.33522513981462904x
======[Agent] Wallclock_time = 2025-06-09 16:20:38.697594 / 617.503707 / Sim_time = 207.00000308454037 / 0.33522012178692656x
======[Agent] Wallclock_time = 2025-06-09 16:20:38.856654 / 617.662767 / Sim_time = 207.05000308528543 / 0.3352147465131874x
======[Agent] Wallclock_time = 2025-06-09 16:20:39.048760 / 617.854873 / Sim_time = 207.10000308603048 / 0.33519144534542683x
======[Agent] Wallclock_time = 2025-06-09 16:20:39.211426 / 618.017539 / Sim_time = 207.15000308677554 / 0.33518412477069x
======[Agent] Wallclock_time = 2025-06-09 16:20:39.365282 / 618.171395 / Sim_time = 207.2000030875206 / 0.33518158488381x
======[Agent] Wallclock_time = 2025-06-09 16:20:39.503538 / 618.309651 / Sim_time = 207.25000308826566 / 0.33518750284032495x
======[Agent] Wallclock_time = 2025-06-09 16:20:39.654441 / 618.460554 / Sim_time = 207.30000308901072 / 0.3351865637374942x
======[Agent] Wallclock_time = 2025-06-09 16:20:39.812769 / 618.618882 / Sim_time = 207.35000308975577 / 0.3351816020193088x
======[Agent] Wallclock_time = 2025-06-09 16:20:39.977715 / 618.783828 / Sim_time = 207.40000309050083 / 0.33517305807391395x
======[Agent] Wallclock_time = 2025-06-09 16:20:40.141681 / 618.947794 / Sim_time = 207.4500030912459 / 0.33516504935826064x
======[Agent] Wallclock_time = 2025-06-09 16:20:40.283860 / 619.089973 / Sim_time = 207.50000309199095 / 0.3351688397045824x
======[Agent] Wallclock_time = 2025-06-09 16:20:40.452448 / 619.258561 / Sim_time = 207.550003092736 / 0.3351583345077106x
======[Agent] Wallclock_time = 2025-06-09 16:20:40.608883 / 619.414996 / Sim_time = 207.60000309348106 / 0.33515441066116913x
======[Agent] Wallclock_time = 2025-06-09 16:20:40.773391 / 619.579504 / Sim_time = 207.65000309422612 / 0.3351461218576789x
======[Agent] Wallclock_time = 2025-06-09 16:20:40.929520 / 619.735633 / Sim_time = 207.70000309497118 / 0.3351423686051026x
======[Agent] Wallclock_time = 2025-06-09 16:20:41.076185 / 619.882298 / Sim_time = 207.75000309571624 / 0.335143733935087x
======[Agent] Wallclock_time = 2025-06-09 16:20:41.216575 / 620.022688 / Sim_time = 207.8000030964613 / 0.3351484904822883x
======[Agent] Wallclock_time = 2025-06-09 16:20:41.357776 / 620.163889 / Sim_time = 207.85000309720635 / 0.3351528065904523x
======[Agent] Wallclock_time = 2025-06-09 16:20:41.502238 / 620.308351 / Sim_time = 207.9000030979514 / 0.3351553587944403x
======[Agent] Wallclock_time = 2025-06-09 16:20:41.654798 / 620.460911 / Sim_time = 207.95000309869647 / 0.3351535354741485x
======[Agent] Wallclock_time = 2025-06-09 16:20:41.809572 / 620.615685 / Sim_time = 208.00000309944153 / 0.33515051742355517x
======[Agent] Wallclock_time = 2025-06-09 16:20:41.973422 / 620.779535 / Sim_time = 208.0500031001866 / 0.3351426009196416x
======[Agent] Wallclock_time = 2025-06-09 16:20:42.120827 / 620.92694 / Sim_time = 208.10000310093164 / 0.3351435644866161x
======[Agent] Wallclock_time = 2025-06-09 16:20:42.284539 / 621.090652 / Sim_time = 208.1500031016767 / 0.3351357282478444x
======[Agent] Wallclock_time = 2025-06-09 16:20:42.432900 / 621.239013 / Sim_time = 208.20000310242176 / 0.3351361772352898x
======[Agent] Wallclock_time = 2025-06-09 16:20:42.588968 / 621.395081 / Sim_time = 208.25000310316682 / 0.335132469403467x
======[Agent] Wallclock_time = 2025-06-09 16:20:42.746362 / 621.552475 / Sim_time = 208.30000310391188 / 0.33512804848192973x
======[Agent] Wallclock_time = 2025-06-09 16:20:42.908501 / 621.714614 / Sim_time = 208.35000310465693 / 0.3351210720994647x
======[Agent] Wallclock_time = 2025-06-09 16:20:43.071882 / 621.877995 / Sim_time = 208.400003105402 / 0.335113430073968x
======[Agent] Wallclock_time = 2025-06-09 16:20:43.229560 / 622.035673 / Sim_time = 208.45000310614705 / 0.3351088644031556x
======[Agent] Wallclock_time = 2025-06-09 16:20:43.402305 / 622.208418 / Sim_time = 208.5000031068921 / 0.335096186388635x
======[Agent] Wallclock_time = 2025-06-09 16:20:43.554531 / 622.360644 / Sim_time = 208.55000310763717 / 0.335094562973481x
======[Agent] Wallclock_time = 2025-06-09 16:20:43.691011 / 622.497124 / Sim_time = 208.60000310838223 / 0.33510141647974223x
======[Agent] Wallclock_time = 2025-06-09 16:20:43.824334 / 622.630447 / Sim_time = 208.65000310912728 / 0.33510996611953536x
======[Agent] Wallclock_time = 2025-06-09 16:20:43.978761 / 622.784874 / Sim_time = 208.70000310987234 / 0.3351071561232495x
======[Agent] Wallclock_time = 2025-06-09 16:20:44.128115 / 622.934228 / Sim_time = 208.7500031106174 / 0.33510707651071775x
======[Agent] Wallclock_time = 2025-06-09 16:20:44.288384 / 623.094497 / Sim_time = 208.80000311136246 / 0.33510112674006765x
======[Agent] Wallclock_time = 2025-06-09 16:20:44.429307 / 623.23542 / Sim_time = 208.85000311210752 / 0.3351055817824439x
======[Agent] Wallclock_time = 2025-06-09 16:20:44.585607 / 623.39172 / Sim_time = 208.90000311285257 / 0.33510176877402836x
======[Agent] Wallclock_time = 2025-06-09 16:20:44.758939 / 623.565052 / Sim_time = 208.95000311359763 / 0.33508880485622977x
======[Agent] Wallclock_time = 2025-06-09 16:20:44.901496 / 623.707609 / Sim_time = 209.0000031143427 / 0.33509238143984427x
======[Agent] Wallclock_time = 2025-06-09 16:20:45.045353 / 623.851466 / Sim_time = 209.05000311508775 / 0.3350952581072073x
======[Agent] Wallclock_time = 2025-06-09 16:20:45.203110 / 624.009223 / Sim_time = 209.1000031158328 / 0.33509066904474866x
======[Agent] Wallclock_time = 2025-06-09 16:20:45.356866 / 624.162979 / Sim_time = 209.15000311657786 / 0.335088230262288x
======[Agent] Wallclock_time = 2025-06-09 16:20:45.512742 / 624.318855 / Sim_time = 209.20000311732292 / 0.33508465483181366x
======[Agent] Wallclock_time = 2025-06-09 16:20:45.664067 / 624.47018 / Sim_time = 209.25000311806798 / 0.3350835231788727x
======[Agent] Wallclock_time = 2025-06-09 16:20:45.814363 / 624.620476 / Sim_time = 209.30000311881304 / 0.33508294408822575x
======[Agent] Wallclock_time = 2025-06-09 16:20:45.951697 / 624.75781 / Sim_time = 209.3500031195581 / 0.335089317299196x
======[Agent] Wallclock_time = 2025-06-09 16:20:46.130212 / 624.936325 / Sim_time = 209.40000312030315 / 0.3350736061737122x
======[Agent] Wallclock_time = 2025-06-09 16:20:46.312924 / 625.119037 / Sim_time = 209.4500031210482 / 0.3350556544727236x
======[Agent] Wallclock_time = 2025-06-09 16:20:46.471059 / 625.277172 / Sim_time = 209.50000312179327 / 0.3350508821564833x
======[Agent] Wallclock_time = 2025-06-09 16:20:46.617246 / 625.423359 / Sim_time = 209.55000312253833 / 0.33505251291713495x
======[Agent] Wallclock_time = 2025-06-09 16:20:46.781945 / 625.588058 / Sim_time = 209.6000031232834 / 0.3350442282244703x
======[Agent] Wallclock_time = 2025-06-09 16:20:46.923574 / 625.729687 / Sim_time = 209.65000312402844 / 0.33504830029860505x
======[Agent] Wallclock_time = 2025-06-09 16:20:47.067599 / 625.873712 / Sim_time = 209.7000031247735 / 0.3350510878681635x
======[Agent] Wallclock_time = 2025-06-09 16:20:47.229688 / 626.035801 / Sim_time = 209.75000312551856 / 0.33504420633175935x
======[Agent] Wallclock_time = 2025-06-09 16:20:47.376938 / 626.183051 / Sim_time = 209.80000312626362 / 0.3350452679068053x
======[Agent] Wallclock_time = 2025-06-09 16:20:47.525715 / 626.331828 / Sim_time = 209.85000312700868 / 0.33504551213944783x
======[Agent] Wallclock_time = 2025-06-09 16:20:47.670247 / 626.47636 / Sim_time = 209.90000312775373 / 0.33504802652046956x
======[Agent] Wallclock_time = 2025-06-09 16:20:47.834050 / 626.640163 / Sim_time = 209.9500031284988 / 0.33504023598350624x
======[Agent] Wallclock_time = 2025-06-09 16:20:48.000868 / 626.806981 / Sim_time = 210.00000312924385 / 0.33503083798360866x
======[Agent] Wallclock_time = 2025-06-09 16:20:48.154194 / 626.960307 / Sim_time = 210.0500031299889 / 0.3350286545354368x
======[Agent] Wallclock_time = 2025-06-09 16:20:48.321117 / 627.12723 / Sim_time = 210.10000313073397 / 0.33501920832161225x
======[Agent] Wallclock_time = 2025-06-09 16:20:48.505916 / 627.312029 / Sim_time = 210.15000313147902 / 0.33500022064977547x
======[Agent] Wallclock_time = 2025-06-09 16:20:48.672327 / 627.47844 / Sim_time = 210.20000313222408 / 0.33499106063494943x
======[Agent] Wallclock_time = 2025-06-09 16:20:48.837861 / 627.643974 / Sim_time = 210.25000313296914 / 0.33498237354318267x
======[Agent] Wallclock_time = 2025-06-09 16:20:48.991797 / 627.79791 / Sim_time = 210.3000031337142 / 0.33497987935932255x
======[Agent] Wallclock_time = 2025-06-09 16:20:49.145262 / 627.951375 / Sim_time = 210.35000313445926 / 0.33497763765040184x
======[Agent] Wallclock_time = 2025-06-09 16:20:49.299481 / 628.105594 / Sim_time = 210.40000313520432 / 0.3349749949213307x
======[Agent] Wallclock_time = 2025-06-09 16:20:49.452277 / 628.25839 / Sim_time = 210.45000313594937 / 0.3349731121980515x
======[Agent] Wallclock_time = 2025-06-09 16:20:49.600538 / 628.406651 / Sim_time = 210.50000313669443 / 0.3349736477614822x
======[Agent] Wallclock_time = 2025-06-09 16:20:49.764926 / 628.571039 / Sim_time = 210.5500031374395 / 0.33496558878502625x
======[Agent] Wallclock_time = 2025-06-09 16:20:49.913345 / 628.719458 / Sim_time = 210.60000313818455 / 0.334966041677913x
======[Agent] Wallclock_time = 2025-06-09 16:20:50.068580 / 628.874693 / Sim_time = 210.6500031389296 / 0.33496286385953483x
======[Agent] Wallclock_time = 2025-06-09 16:20:50.230848 / 629.036961 / Sim_time = 210.70000313967466 / 0.3349559425709678x
======[Agent] Wallclock_time = 2025-06-09 16:20:50.384845 / 629.190958 / Sim_time = 210.75000314041972 / 0.3349534279019182x
======[Agent] Wallclock_time = 2025-06-09 16:20:50.562723 / 629.368836 / Sim_time = 210.80000314116478 / 0.33493820498439775x
======[Agent] Wallclock_time = 2025-06-09 16:20:50.717075 / 629.523188 / Sim_time = 210.85000314190984 / 0.3349355071038348x
======[Agent] Wallclock_time = 2025-06-09 16:20:50.890827 / 629.69694 / Sim_time = 210.9000031426549 / 0.33492249179448624x
======[Agent] Wallclock_time = 2025-06-09 16:20:51.058976 / 629.865089 / Sim_time = 210.95000314339995 / 0.3349124628670078x
======[Agent] Wallclock_time = 2025-06-09 16:20:51.241195 / 630.047308 / Sim_time = 211.000003144145 / 0.33489496037841116x
======[Agent] Wallclock_time = 2025-06-09 16:20:51.436881 / 630.242994 / Sim_time = 211.05000314489007 / 0.33487031237760606x
======[Agent] Wallclock_time = 2025-06-09 16:20:51.592903 / 630.399016 / Sim_time = 211.10000314563513 / 0.334866747759783x
======[Agent] Wallclock_time = 2025-06-09 16:20:51.789799 / 630.595912 / Sim_time = 211.1500031463802 / 0.3348414797603389x
======[Agent] Wallclock_time = 2025-06-09 16:20:51.944107 / 630.75022 / Sim_time = 211.20000314712524 / 0.3348388341557631x
======[Agent] Wallclock_time = 2025-06-09 16:20:52.119094 / 630.925207 / Sim_time = 211.2500031478703 / 0.334825215380331x
======[Agent] Wallclock_time = 2025-06-09 16:20:52.294632 / 631.100745 / Sim_time = 211.30000314861536 / 0.33481131184103347x
======[Agent] Wallclock_time = 2025-06-09 16:20:52.489054 / 631.295167 / Sim_time = 211.35000314936042 / 0.33478740121886474x
======[Agent] Wallclock_time = 2025-06-09 16:20:52.665233 / 631.471346 / Sim_time = 211.40000315010548 / 0.33477317651231786x
======[Agent] Wallclock_time = 2025-06-09 16:20:52.863912 / 631.670025 / Sim_time = 211.45000315085053 / 0.3347470356913245x
======[Agent] Wallclock_time = 2025-06-09 16:20:53.040668 / 631.846781 / Sim_time = 211.5000031515956 / 0.3347325250028782x
======[Agent] Wallclock_time = 2025-06-09 16:20:53.220222 / 632.026335 / Sim_time = 211.55000315234065 / 0.3347165406261118x
======[Agent] Wallclock_time = 2025-06-09 16:20:53.398558 / 632.204671 / Sim_time = 211.6000031530857 / 0.33470121015900495x
======[Agent] Wallclock_time = 2025-06-09 16:20:53.570236 / 632.376349 / Sim_time = 211.65000315383077 / 0.3346894120868184x
======[Agent] Wallclock_time = 2025-06-09 16:20:53.743831 / 632.549944 / Sim_time = 211.70000315457582 / 0.3346766061494896x
======[Agent] Wallclock_time = 2025-06-09 16:20:53.912106 / 632.718219 / Sim_time = 211.75000315532088 / 0.334666621143558x
======[Agent] Wallclock_time = 2025-06-09 16:20:54.105826 / 632.911939 / Sim_time = 211.80000315606594 / 0.334643187245799x
======[Agent] Wallclock_time = 2025-06-09 16:20:54.277749 / 633.083862 / Sim_time = 211.850003156811 / 0.3346312885883078x
======[Agent] Wallclock_time = 2025-06-09 16:20:54.455454 / 633.261567 / Sim_time = 211.90000315755606 / 0.3346163411511991x
======[Agent] Wallclock_time = 2025-06-09 16:20:54.646349 / 633.452462 / Sim_time = 211.95000315830112 / 0.3345944349078341x
======[Agent] Wallclock_time = 2025-06-09 16:20:54.817932 / 633.624045 / Sim_time = 212.00000315904617 / 0.33458273916405273x
======[Agent] Wallclock_time = 2025-06-09 16:20:54.983914 / 633.790027 / Sim_time = 212.05000315979123 / 0.3345740064568494x
======[Agent] Wallclock_time = 2025-06-09 16:20:55.164955 / 633.971068 / Sim_time = 212.1000031605363 / 0.3345573312553832x
======[Agent] Wallclock_time = 2025-06-09 16:20:55.343178 / 634.149291 / Sim_time = 212.15000316128135 / 0.33454215218720346x
======[Agent] Wallclock_time = 2025-06-09 16:20:55.526650 / 634.332763 / Sim_time = 212.2000031620264 / 0.33452421349677774x
======[Agent] Wallclock_time = 2025-06-09 16:20:55.702807 / 634.50892 / Sim_time = 212.25000316277146 / 0.33451014156369924x
======[Agent] Wallclock_time = 2025-06-09 16:20:55.875085 / 634.681198 / Sim_time = 212.30000316351652 / 0.3344981217883734x
======[Agent] Wallclock_time = 2025-06-09 16:20:56.069008 / 634.875121 / Sim_time = 212.35000316426158 / 0.33447470481294345x
======[Agent] Wallclock_time = 2025-06-09 16:20:56.224034 / 635.030147 / Sim_time = 212.40000316500664 / 0.33447178798775773x
======[Agent] Wallclock_time = 2025-06-09 16:20:56.385411 / 635.191524 / Sim_time = 212.4500031657517 / 0.3344655283848267x
======[Agent] Wallclock_time = 2025-06-09 16:20:56.582102 / 635.388215 / Sim_time = 212.50000316649675 / 0.3344406832062719x
======[Agent] Wallclock_time = 2025-06-09 16:20:56.765100 / 635.571213 / Sim_time = 212.5500031672418 / 0.3344230581824411x
======[Agent] Wallclock_time = 2025-06-09 16:20:56.962518 / 635.768631 / Sim_time = 212.60000316798687 / 0.33439785859791543x
======[Agent] Wallclock_time = 2025-06-09 16:20:57.173753 / 635.979866 / Sim_time = 212.65000316873193 / 0.3343654102460559x
======[Agent] Wallclock_time = 2025-06-09 16:20:57.356526 / 636.162639 / Sim_time = 212.700003169477 / 0.33434794151992864x
======[Agent] Wallclock_time = 2025-06-09 16:20:57.546114 / 636.352227 / Sim_time = 212.75000317022204 / 0.33432690232939144x
======[Agent] Wallclock_time = 2025-06-09 16:20:57.726985 / 636.533098 / Sim_time = 212.8000031709671 / 0.3343104538147886x
======[Agent] Wallclock_time = 2025-06-09 16:20:57.895795 / 636.701908 / Sim_time = 212.85000317171216 / 0.3343003471435569x
======[Agent] Wallclock_time = 2025-06-09 16:20:58.035710 / 636.841823 / Sim_time = 212.90000317245722 / 0.33430541333502195x
======[Agent] Wallclock_time = 2025-06-09 16:20:58.196922 / 637.003035 / Sim_time = 212.95000317320228 / 0.33429930027555055x
======[Agent] Wallclock_time = 2025-06-09 16:20:58.362908 / 637.169021 / Sim_time = 213.00000317394733 / 0.3342906856158371x
======[Agent] Wallclock_time = 2025-06-09 16:20:58.517446 / 637.323559 / Sim_time = 213.0500031746924 / 0.3342880800152758x
======[Agent] Wallclock_time = 2025-06-09 16:20:58.714564 / 637.520677 / Sim_time = 213.10000317543745 / 0.33426314878927244x
======[Agent] Wallclock_time = 2025-06-09 16:20:58.869999 / 637.676112 / Sim_time = 213.1500031761825 / 0.3342600811054083x
======[Agent] Wallclock_time = 2025-06-09 16:20:59.036769 / 637.842882 / Sim_time = 213.20000317692757 / 0.33425107490006084x
======[Agent] Wallclock_time = 2025-06-09 16:20:59.215647 / 638.02176 / Sim_time = 213.25000317767262 / 0.334235730364341x
======[Agent] Wallclock_time = 2025-06-09 16:20:59.392497 / 638.19861 / Sim_time = 213.30000317841768 / 0.33422145647882434x
======[Agent] Wallclock_time = 2025-06-09 16:20:59.563507 / 638.36962 / Sim_time = 213.35000317916274 / 0.33421024792645176x
======[Agent] Wallclock_time = 2025-06-09 16:20:59.728655 / 638.534768 / Sim_time = 213.4000031799078 / 0.33420211345139217x
======[Agent] Wallclock_time = 2025-06-09 16:20:59.868607 / 638.67472 / Sim_time = 213.45000318065286 / 0.33420716726268046x
======[Agent] Wallclock_time = 2025-06-09 16:21:00.004601 / 638.810714 / Sim_time = 213.50000318139791 / 0.33421428959801125x
======[Agent] Wallclock_time = 2025-06-09 16:21:00.114888 / 638.921001 / Sim_time = 213.55000318214297 / 0.334234856285913x
======[Agent] Wallclock_time = 2025-06-09 16:21:00.246153 / 639.052266 / Sim_time = 213.60000318288803 / 0.33424444337772624x
======[Agent] Wallclock_time = 2025-06-09 16:21:00.411180 / 639.217293 / Sim_time = 213.6500031836331 / 0.3342363720239043x
======[Agent] Wallclock_time = 2025-06-09 16:21:00.550427 / 639.35654 / Sim_time = 213.70000318437815 / 0.33424178149893746x
======[Agent] Wallclock_time = 2025-06-09 16:21:00.711465 / 639.517578 / Sim_time = 213.7500031851232 / 0.3342357994565143x
======[Agent] Wallclock_time = 2025-06-09 16:21:00.882580 / 639.688693 / Sim_time = 213.80000318586826 / 0.3342245553202438x
======[Agent] Wallclock_time = 2025-06-09 16:21:01.040676 / 639.846789 / Sim_time = 213.85000318661332 / 0.33422011744517155x
======[Agent] Wallclock_time = 2025-06-09 16:21:01.228124 / 640.034237 / Sim_time = 213.90000318735838 / 0.3342003546397843x
======[Agent] Wallclock_time = 2025-06-09 16:21:01.415638 / 640.221751 / Sim_time = 213.95000318810344 / 0.3341805689565434x
======[Agent] Wallclock_time = 2025-06-09 16:21:01.573115 / 640.379228 / Sim_time = 214.0000031888485 / 0.33417646865394557x
======[Agent] Wallclock_time = 2025-06-09 16:21:01.734242 / 640.540355 / Sim_time = 214.05000318959355 / 0.3341704661513909x
======[Agent] Wallclock_time = 2025-06-09 16:21:01.888903 / 640.695016 / Sim_time = 214.1000031903386 / 0.3341678391056807x
======[Agent] Wallclock_time = 2025-06-09 16:21:02.069502 / 640.875615 / Sim_time = 214.15000319108367 / 0.3341516887631852x
======[Agent] Wallclock_time = 2025-06-09 16:21:02.251028 / 641.057141 / Sim_time = 214.20000319182873 / 0.33413506434485596x
======[Agent] Wallclock_time = 2025-06-09 16:21:02.398233 / 641.204346 / Sim_time = 214.25000319257379 / 0.3341363332809359x
======[Agent] Wallclock_time = 2025-06-09 16:21:02.542932 / 641.349045 / Sim_time = 214.30000319331884 / 0.3341389072379637x
======[Agent] Wallclock_time = 2025-06-09 16:21:02.709067 / 641.51518 / Sim_time = 214.3500031940639 / 0.3341303148333124x
======[Agent] Wallclock_time = 2025-06-09 16:21:02.857337 / 641.66345 / Sim_time = 214.40000319480896 / 0.33413102937962197x
======[Agent] Wallclock_time = 2025-06-09 16:21:03.046457 / 641.85257 / Sim_time = 214.45000319555402 / 0.3341104781820471x
======[Agent] Wallclock_time = 2025-06-09 16:21:03.218271 / 642.024384 / Sim_time = 214.50000319629908 / 0.33409894459297435x
======[Agent] Wallclock_time = 2025-06-09 16:21:03.417795 / 642.223908 / Sim_time = 214.55000319704413 / 0.3340730023461565x
======[Agent] Wallclock_time = 2025-06-09 16:21:03.607073 / 642.413186 / Sim_time = 214.6000031977892 / 0.3340524040012236x
======[Agent] Wallclock_time = 2025-06-09 16:21:03.805255 / 642.611368 / Sim_time = 214.65000319853425 / 0.33402718946507154x
======[Agent] Wallclock_time = 2025-06-09 16:21:03.970922 / 642.777035 / Sim_time = 214.7000031992793 / 0.33401888600515x
======[Agent] Wallclock_time = 2025-06-09 16:21:04.139790 / 642.945903 / Sim_time = 214.75000320002437 / 0.334008923906465x
======[Agent] Wallclock_time = 2025-06-09 16:21:04.314519 / 643.120632 / Sim_time = 214.80000320076942 / 0.333995923186066x
======[Agent] Wallclock_time = 2025-06-09 16:21:04.519516 / 643.325629 / Sim_time = 214.85000320151448 / 0.33396721590008127x
======[Agent] Wallclock_time = 2025-06-09 16:21:04.716094 / 643.522207 / Sim_time = 214.90000320225954 / 0.3339428957101458x
======[Agent] Wallclock_time = 2025-06-09 16:21:04.881339 / 643.687452 / Sim_time = 214.9500032030046 / 0.3339348446210817x
======[Agent] Wallclock_time = 2025-06-09 16:21:05.059408 / 643.865521 / Sim_time = 215.00000320374966 / 0.33392014678730236x
======[Agent] Wallclock_time = 2025-06-09 16:21:05.234216 / 644.040329 / Sim_time = 215.05000320449471 / 0.3339071477577407x
======[Agent] Wallclock_time = 2025-06-09 16:21:05.413795 / 644.219908 / Sim_time = 215.10000320523977 / 0.33389168301448513x
======[Agent] Wallclock_time = 2025-06-09 16:21:05.623039 / 644.429152 / Sim_time = 215.15000320598483 / 0.33386085759374096x
======[Agent] Wallclock_time = 2025-06-09 16:21:05.807852 / 644.613965 / Sim_time = 215.2000032067299 / 0.3338427043913414x
======[Agent] Wallclock_time = 2025-06-09 16:21:06.029734 / 644.835847 / Sim_time = 215.25000320747495 / 0.333805371403466x
======[Agent] Wallclock_time = 2025-06-09 16:21:06.198011 / 645.004124 / Sim_time = 215.30000320822 / 0.3337958028504282x
======[Agent] Wallclock_time = 2025-06-09 16:21:06.377070 / 645.183183 / Sim_time = 215.35000320896506 / 0.3337806612177365x
======[Agent] Wallclock_time = 2025-06-09 16:21:06.542024 / 645.348137 / Sim_time = 215.40000320971012 / 0.3337728228955703x
======[Agent] Wallclock_time = 2025-06-09 16:21:06.700067 / 645.50618 / Sim_time = 215.45000321045518 / 0.3337685619708447x
======[Agent] Wallclock_time = 2025-06-09 16:21:06.875265 / 645.681378 / Sim_time = 215.50000321120024 / 0.3337554354181248x
======[Agent] Wallclock_time = 2025-06-09 16:21:07.045020 / 645.851133 / Sim_time = 215.5500032119453 / 0.33374512864223255x
======[Agent] Wallclock_time = 2025-06-09 16:21:07.203842 / 646.009955 / Sim_time = 215.60000321269035 / 0.33374047536498874x
======[Agent] Wallclock_time = 2025-06-09 16:21:07.361660 / 646.167773 / Sim_time = 215.6500032134354 / 0.3337363429251253x
======[Agent] Wallclock_time = 2025-06-09 16:21:07.547034 / 646.353147 / Sim_time = 215.70000321418047 / 0.33371798450638x
======[Agent] Wallclock_time = 2025-06-09 16:21:07.716723 / 646.522836 / Sim_time = 215.75000321492553 / 0.3337077323393929x
======[Agent] Wallclock_time = 2025-06-09 16:21:07.889340 / 646.695453 / Sim_time = 215.80000321567059 / 0.3336959746950562x
======[Agent] Wallclock_time = 2025-06-09 16:21:08.069523 / 646.875636 / Sim_time = 215.85000321641564 / 0.3336803204875924x
======[Agent] Wallclock_time = 2025-06-09 16:21:08.260184 / 647.066297 / Sim_time = 215.9000032171607 / 0.3336592719461152x
======[Agent] Wallclock_time = 2025-06-09 16:21:08.436576 / 647.242689 / Sim_time = 215.95000321790576 / 0.3336455911243435x
======[Agent] Wallclock_time = 2025-06-09 16:21:08.626646 / 647.432759 / Sim_time = 216.00000321865082 / 0.33362486928743984x
======[Agent] Wallclock_time = 2025-06-09 16:21:08.816977 / 647.62309 / Sim_time = 216.05000321939588 / 0.333604025167433x
======[Agent] Wallclock_time = 2025-06-09 16:21:08.969669 / 647.775782 / Sim_time = 216.10000322014093 / 0.33360257611107297x
======[Agent] Wallclock_time = 2025-06-09 16:21:09.151314 / 647.957427 / Sim_time = 216.150003220886 / 0.3335862212976296x
======[Agent] Wallclock_time = 2025-06-09 16:21:09.316148 / 648.122261 / Sim_time = 216.20000322163105 / 0.33357852777580077x
======[Agent] Wallclock_time = 2025-06-09 16:21:09.474162 / 648.280275 / Sim_time = 216.2500032223761 / 0.3335743473731771x
======[Agent] Wallclock_time = 2025-06-09 16:21:09.635237 / 648.44135 / Sim_time = 216.30000322312117 / 0.3335685943756159x
======[Agent] Wallclock_time = 2025-06-09 16:21:09.809382 / 648.615495 / Sim_time = 216.35000322386622 / 0.333556122749956x
======[Agent] Wallclock_time = 2025-06-09 16:21:09.967072 / 648.773185 / Sim_time = 216.40000322461128 / 0.3335521175593805x
======[Agent] Wallclock_time = 2025-06-09 16:21:10.141729 / 648.947842 / Sim_time = 216.45000322535634 / 0.3335393935803592x
======[Agent] Wallclock_time = 2025-06-09 16:21:10.304320 / 649.110433 / Sim_time = 216.5000032261014 / 0.3335328762050959x
======[Agent] Wallclock_time = 2025-06-09 16:21:10.467041 / 649.273154 / Sim_time = 216.55000322684646 / 0.33352629531414624x
======[Agent] Wallclock_time = 2025-06-09 16:21:10.648268 / 649.454381 / Sim_time = 216.60000322759151 / 0.3335102141952867x
======[Agent] Wallclock_time = 2025-06-09 16:21:10.802829 / 649.608942 / Sim_time = 216.65000322833657 / 0.3335078317325639x
======[Agent] Wallclock_time = 2025-06-09 16:21:10.945902 / 649.752015 / Sim_time = 216.70000322908163 / 0.3335113469678654x
======[Agent] Wallclock_time = 2025-06-09 16:21:11.109038 / 649.915151 / Sim_time = 216.7500032298267 / 0.33350456500630443x
======[Agent] Wallclock_time = 2025-06-09 16:21:11.285209 / 650.091322 / Sim_time = 216.80000323057175 / 0.333491099485054x
======[Agent] Wallclock_time = 2025-06-09 16:21:11.426703 / 650.232816 / Sim_time = 216.8500032313168 / 0.33349542563827045x
======[Agent] Wallclock_time = 2025-06-09 16:21:11.591417 / 650.39753 / Sim_time = 216.90000323206186 / 0.33348784357194333x
======[Agent] Wallclock_time = 2025-06-09 16:21:11.786413 / 650.592526 / Sim_time = 216.95000323280692 / 0.3334647434422932x
======[Agent] Wallclock_time = 2025-06-09 16:21:11.986989 / 650.793102 / Sim_time = 217.00000323355198 / 0.33343879818006095x
======[Agent] Wallclock_time = 2025-06-09 16:21:12.173127 / 650.97924 / Sim_time = 217.05000323429704 / 0.33342026362320465x
======[Agent] Wallclock_time = 2025-06-09 16:21:12.353397 / 651.15951 / Sim_time = 217.1000032350421 / 0.3334047441467882x
======[Agent] Wallclock_time = 2025-06-09 16:21:12.540537 / 651.34665 / Sim_time = 217.15000323578715 / 0.33338571688373664x
======[Agent] Wallclock_time = 2025-06-09 16:21:12.721147 / 651.52726 / Sim_time = 217.2000032365322 / 0.33337004174850715x
======[Agent] Wallclock_time = 2025-06-09 16:21:12.900853 / 651.706966 / Sim_time = 217.25000323727727 / 0.3333548377054475x
======[Agent] Wallclock_time = 2025-06-09 16:21:13.052446 / 651.858559 / Sim_time = 217.30000323802233 / 0.33335401811300636x
======[Agent] Wallclock_time = 2025-06-09 16:21:13.222141 / 652.028254 / Sim_time = 217.35000323876739 / 0.33334394416414853x
======[Agent] Wallclock_time = 2025-06-09 16:21:13.365658 / 652.171771 / Sim_time = 217.40000323951244 / 0.3333472553694095x
======[Agent] Wallclock_time = 2025-06-09 16:21:13.532365 / 652.338478 / Sim_time = 217.4500032402575 / 0.3333387148466546x
======[Agent] Wallclock_time = 2025-06-09 16:21:13.693752 / 652.499865 / Sim_time = 217.50000324100256 / 0.3333328964108003x
======[Agent] Wallclock_time = 2025-06-09 16:21:13.880893 / 652.687006 / Sim_time = 217.55000324174762 / 0.3333139283116344x
======[Agent] Wallclock_time = 2025-06-09 16:21:14.031255 / 652.837368 / Sim_time = 217.60000324249268 / 0.33331374794824054x
======[Agent] Wallclock_time = 2025-06-09 16:21:14.222926 / 653.029039 / Sim_time = 217.65000324323773 / 0.333292483109246x
======[Agent] Wallclock_time = 2025-06-09 16:21:14.380574 / 653.186687 / Sim_time = 217.7000032439828 / 0.33328859005877554x
======[Agent] Wallclock_time = 2025-06-09 16:21:14.555594 / 653.361707 / Sim_time = 217.75000324472785 / 0.3332758373133284x
======[Agent] Wallclock_time = 2025-06-09 16:21:14.709832 / 653.515945 / Sim_time = 217.8000032454729 / 0.333273689246838x
======[Agent] Wallclock_time = 2025-06-09 16:21:14.872181 / 653.678294 / Sim_time = 217.85000324621797 / 0.33326740688564316x
======[Agent] Wallclock_time = 2025-06-09 16:21:15.039026 / 653.845139 / Sim_time = 217.90000324696302 / 0.3332588360622911x
======[Agent] Wallclock_time = 2025-06-09 16:21:15.183335 / 653.989448 / Sim_time = 217.95000324770808 / 0.3332617531559239x
======[Agent] Wallclock_time = 2025-06-09 16:21:15.349539 / 654.155652 / Sim_time = 218.00000324845314 / 0.33325351440201073x
======[Agent] Wallclock_time = 2025-06-09 16:21:15.523560 / 654.329673 / Sim_time = 218.0500032491982 / 0.33324129869913377x
======[Agent] Wallclock_time = 2025-06-09 16:21:15.679351 / 654.485464 / Sim_time = 218.10000324994326 / 0.3332383712215984x
======[Agent] Wallclock_time = 2025-06-09 16:21:15.834034 / 654.640147 / Sim_time = 218.15000325068831 / 0.33323600914851803x
======[Agent] Wallclock_time = 2025-06-09 16:21:15.995530 / 654.801643 / Sim_time = 218.20000325143337 / 0.3332301810080406x
======[Agent] Wallclock_time = 2025-06-09 16:21:16.158553 / 654.964666 / Sim_time = 218.25000325217843 / 0.33322357885577847x
======[Agent] Wallclock_time = 2025-06-09 16:21:16.311084 / 655.117197 / Sim_time = 218.3000032529235 / 0.33322231660269924x
======[Agent] Wallclock_time = 2025-06-09 16:21:16.482006 / 655.288119 / Sim_time = 218.35000325366855 / 0.33321170293027336x
======[Agent] Wallclock_time = 2025-06-09 16:21:16.646900 / 655.453013 / Sim_time = 218.4000032544136 / 0.33320415913665874x
======[Agent] Wallclock_time = 2025-06-09 16:21:16.830856 / 655.636969 / Sim_time = 218.45000325515866 / 0.3331869317885076x
======[Agent] Wallclock_time = 2025-06-09 16:21:16.992456 / 655.798569 / Sim_time = 218.50000325590372 / 0.33318107175502537x
======[Agent] Wallclock_time = 2025-06-09 16:21:17.165386 / 655.971499 / Sim_time = 218.55000325664878 / 0.33316945998470704x
======[Agent] Wallclock_time = 2025-06-09 16:21:17.358110 / 656.164223 / Sim_time = 218.60000325739384 / 0.33314780423435186x
======[Agent] Wallclock_time = 2025-06-09 16:21:17.530434 / 656.336547 / Sim_time = 218.6500032581389 / 0.33313651528477756x
======[Agent] Wallclock_time = 2025-06-09 16:21:17.727526 / 656.533639 / Sim_time = 218.70000325888395 / 0.333112664995097x
======[Agent] Wallclock_time = 2025-06-09 16:21:17.997756 / 656.803869 / Sim_time = 218.750003259629 / 0.3330517381710047x
======[Agent] Wallclock_time = 2025-06-09 16:21:18.210454 / 657.016567 / Sim_time = 218.80000326037407 / 0.3330200199355919x
======[Agent] Wallclock_time = 2025-06-09 16:21:18.383999 / 657.190112 / Sim_time = 218.85000326111913 / 0.3330081604346456x
======[Agent] Wallclock_time = 2025-06-09 16:21:18.559203 / 657.365316 / Sim_time = 218.90000326186419 / 0.33299546681041714x
======[Agent] Wallclock_time = 2025-06-09 16:21:18.744746 / 657.550859 / Sim_time = 218.95000326260924 / 0.3329775443043942x
======[Agent] Wallclock_time = 2025-06-09 16:21:18.939104 / 657.745217 / Sim_time = 219.0000032633543 / 0.3329551696431183x
======[Agent] Wallclock_time = 2025-06-09 16:21:19.101364 / 657.907477 / Sim_time = 219.05000326409936 / 0.33294905130717656x
======[Agent] Wallclock_time = 2025-06-09 16:21:19.308496 / 658.114609 / Sim_time = 219.10000326484442 / 0.3329202350902521x
======[Agent] Wallclock_time = 2025-06-09 16:21:19.505884 / 658.311997 / Sim_time = 219.15000326558948 / 0.332896364289143x
======[Agent] Wallclock_time = 2025-06-09 16:21:19.715079 / 658.521192 / Sim_time = 219.20000326633453 / 0.3328665395475913x
======[Agent] Wallclock_time = 2025-06-09 16:21:19.911203 / 658.717316 / Sim_time = 219.2500032670796 / 0.33284333825489015x
======[Agent] Wallclock_time = 2025-06-09 16:21:20.094248 / 658.900361 / Sim_time = 219.30000326782465 / 0.33282675715678883x
======[Agent] Wallclock_time = 2025-06-09 16:21:20.280027 / 659.08614 / Sim_time = 219.3500032685697 / 0.3328088047182497x
======[Agent] Wallclock_time = 2025-06-09 16:21:20.473184 / 659.279297 / Sim_time = 219.40000326931477 / 0.3327871381378697x
======[Agent] Wallclock_time = 2025-06-09 16:21:20.691727 / 659.49784 / Sim_time = 219.45000327005982 / 0.33275267515263535x
======[Agent] Wallclock_time = 2025-06-09 16:21:20.872385 / 659.678498 / Sim_time = 219.50000327080488 / 0.33273734281007605x
======[Agent] Wallclock_time = 2025-06-09 16:21:21.054467 / 659.86058 / Sim_time = 219.55000327154994 / 0.3327213008394123x
======[Agent] Wallclock_time = 2025-06-09 16:21:21.222100 / 660.028213 / Sim_time = 219.600003272295 / 0.33271255112202885x
======[Agent] Wallclock_time = 2025-06-09 16:21:21.412368 / 660.218481 / Sim_time = 219.65000327304006 / 0.33269239941291595x
======[Agent] Wallclock_time = 2025-06-09 16:21:21.602378 / 660.408491 / Sim_time = 219.70000327378511 / 0.3326723892794344x
======[Agent] Wallclock_time = 2025-06-09 16:21:21.776340 / 660.582453 / Sim_time = 219.75000327453017 / 0.332660472006298x
======[Agent] Wallclock_time = 2025-06-09 16:21:21.925410 / 660.731523 / Sim_time = 219.80000327527523 / 0.3326610929900831x
======[Agent] Wallclock_time = 2025-06-09 16:21:22.105721 / 660.911834 / Sim_time = 219.8500032760203 / 0.33264598895051917x
======[Agent] Wallclock_time = 2025-06-09 16:21:22.297277 / 661.10339 / Sim_time = 219.90000327676535 / 0.3326252352926674x
======[Agent] Wallclock_time = 2025-06-09 16:21:22.507567 / 661.31368 / Sim_time = 219.9500032775104 / 0.332595071498353x
======[Agent] Wallclock_time = 2025-06-09 16:21:22.696219 / 661.502332 / Sim_time = 220.00000327825546 / 0.33257580519376045x
======[Agent] Wallclock_time = 2025-06-09 16:21:22.915832 / 661.721945 / Sim_time = 220.05000327900052 / 0.3325409900649592x
======[Agent] Wallclock_time = 2025-06-09 16:21:23.143220 / 661.949333 / Sim_time = 220.10000327974558 / 0.33250229255454666x
======[Agent] Wallclock_time = 2025-06-09 16:21:23.328492 / 662.134605 / Sim_time = 220.15000328049064 / 0.33248476840403507x
======[Agent] Wallclock_time = 2025-06-09 16:21:23.523339 / 662.329452 / Sim_time = 220.2000032812357 / 0.3324624477348291x
======[Agent] Wallclock_time = 2025-06-09 16:21:23.691863 / 662.497976 / Sim_time = 220.25000328198075 / 0.33245334900258133x
======[Agent] Wallclock_time = 2025-06-09 16:21:23.864738 / 662.670851 / Sim_time = 220.3000032827258 / 0.33244207212104115x
======[Agent] Wallclock_time = 2025-06-09 16:21:24.056265 / 662.862378 / Sim_time = 220.35000328347087 / 0.33242144700815085x
======[Agent] Wallclock_time = 2025-06-09 16:21:24.250721 / 663.056834 / Sim_time = 220.40000328421593 / 0.33239936545899545x
======[Agent] Wallclock_time = 2025-06-09 16:21:24.426138 / 663.232251 / Sim_time = 220.45000328496099 / 0.3323868381939147x
======[Agent] Wallclock_time = 2025-06-09 16:21:24.600727 / 663.40684 / Sim_time = 220.50000328570604 / 0.3323747323904192x
======[Agent] Wallclock_time = 2025-06-09 16:21:24.795596 / 663.601709 / Sim_time = 220.5500032864511 / 0.33235247580409005x
======[Agent] Wallclock_time = 2025-06-09 16:21:24.966230 / 663.772343 / Sim_time = 220.60000328719616 / 0.33234236598018396x
======[Agent] Wallclock_time = 2025-06-09 16:21:25.152191 / 663.958304 / Sim_time = 220.65000328794122 / 0.33232458971301837x
======[Agent] Wallclock_time = 2025-06-09 16:21:25.316980 / 664.123093 / Sim_time = 220.70000328868628 / 0.3323174172039656x
======[Agent] Wallclock_time = 2025-06-09 16:21:25.498479 / 664.304592 / Sim_time = 220.75000328943133 / 0.3323018892928894x
======[Agent] Wallclock_time = 2025-06-09 16:21:25.667089 / 664.473202 / Sim_time = 220.8000032901764 / 0.33229281532012944x
======[Agent] Wallclock_time = 2025-06-09 16:21:25.849148 / 664.655261 / Sim_time = 220.85000329092145 / 0.33227702234933354x
======[Agent] Wallclock_time = 2025-06-09 16:21:26.013332 / 664.819445 / Sim_time = 220.9000032916665 / 0.332270171522277x
======[Agent] Wallclock_time = 2025-06-09 16:21:26.189540 / 664.995653 / Sim_time = 220.95000329241157 / 0.3322573163272922x
======[Agent] Wallclock_time = 2025-06-09 16:21:26.345351 / 665.151464 / Sim_time = 221.00000329315662 / 0.33225465626953854x
======[Agent] Wallclock_time = 2025-06-09 16:21:26.532388 / 665.338501 / Sim_time = 221.05000329390168 / 0.33223640406388816x
======[Agent] Wallclock_time = 2025-06-09 16:21:26.701442 / 665.507555 / Sim_time = 221.10000329464674 / 0.3322271391306859x
======[Agent] Wallclock_time = 2025-06-09 16:21:26.878134 / 665.684247 / Sim_time = 221.1500032953918 / 0.33221406707153867x
======[Agent] Wallclock_time = 2025-06-09 16:21:27.042936 / 665.849049 / Sim_time = 221.20000329613686 / 0.3322069340211716x
======[Agent] Wallclock_time = 2025-06-09 16:21:27.206000 / 666.012113 / Sim_time = 221.2500032968819 / 0.3322006713956125x
======[Agent] Wallclock_time = 2025-06-09 16:21:27.398132 / 666.204245 / Sim_time = 221.30000329762697 / 0.33217991746316405x
======[Agent] Wallclock_time = 2025-06-09 16:21:27.559440 / 666.365553 / Sim_time = 221.35000329837203 / 0.33217454012637404x
======[Agent] Wallclock_time = 2025-06-09 16:21:27.719045 / 666.525158 / Sim_time = 221.4000032991171 / 0.3321700140973568x
======[Agent] Wallclock_time = 2025-06-09 16:21:27.902467 / 666.70858 / Sim_time = 221.45000329986215 / 0.33215362422100214x
======[Agent] Wallclock_time = 2025-06-09 16:21:28.077122 / 666.883235 / Sim_time = 221.5000033006072 / 0.33214160970622914x
======[Agent] Wallclock_time = 2025-06-09 16:21:28.253132 / 667.059245 / Sim_time = 221.55000330135226 / 0.33212892682781936x
======[Agent] Wallclock_time = 2025-06-09 16:21:28.440236 / 667.246349 / Sim_time = 221.60000330209732 / 0.33211072870384284x
======[Agent] Wallclock_time = 2025-06-09 16:21:28.614990 / 667.421103 / Sim_time = 221.65000330284238 / 0.33209868583396673x
======[Agent] Wallclock_time = 2025-06-09 16:21:28.785469 / 667.591582 / Sim_time = 221.70000330358744 / 0.33208877582104024x
======[Agent] Wallclock_time = 2025-06-09 16:21:28.964336 / 667.770449 / Sim_time = 221.7500033043325 / 0.33207469956436025x
======[Agent] Wallclock_time = 2025-06-09 16:21:29.158739 / 667.964852 / Sim_time = 221.80000330507755 / 0.33205290755653416x
======[Agent] Wallclock_time = 2025-06-09 16:21:29.338480 / 668.144593 / Sim_time = 221.8500033058226 / 0.3320384144265734x
======[Agent] Wallclock_time = 2025-06-09 16:21:29.507375 / 668.313488 / Sim_time = 221.90000330656767 / 0.33202931747092046x
======[Agent] Wallclock_time = 2025-06-09 16:21:29.705427 / 668.51154 / Sim_time = 221.95000330731273 / 0.33200574413654643x
======[Agent] Wallclock_time = 2025-06-09 16:21:29.876141 / 668.682254 / Sim_time = 222.00000330805779 / 0.33199575730373804x
======[Agent] Wallclock_time = 2025-06-09 16:21:30.041879 / 668.847992 / Sim_time = 222.05000330880284 / 0.33198824542566235x
======[Agent] Wallclock_time = 2025-06-09 16:21:30.228993 / 669.035106 / Sim_time = 222.1000033095479 / 0.3319701303378504x
======[Agent] Wallclock_time = 2025-06-09 16:21:30.372533 / 669.178646 / Sim_time = 222.15000331029296 / 0.3319736406183116x
======[Agent] Wallclock_time = 2025-06-09 16:21:30.586098 / 669.392211 / Sim_time = 222.20000331103802 / 0.33194242137456936x
======[Agent] Wallclock_time = 2025-06-09 16:21:30.744105 / 669.550218 / Sim_time = 222.25000331178308 / 0.33193876336400463x
======[Agent] Wallclock_time = 2025-06-09 16:21:30.942054 / 669.748167 / Sim_time = 222.30000331252813 / 0.33191531138183283x
======[Agent] Wallclock_time = 2025-06-09 16:21:31.092718 / 669.898831 / Sim_time = 222.3500033132732 / 0.33191529990589475x
======[Agent] Wallclock_time = 2025-06-09 16:21:31.296325 / 670.102438 / Sim_time = 222.40000331401825 / 0.33188906473573154x
======[Agent] Wallclock_time = 2025-06-09 16:21:31.472715 / 670.278828 / Sim_time = 222.4500033147633 / 0.33187632093675856x
======[Agent] Wallclock_time = 2025-06-09 16:21:31.657487 / 670.4636 / Sim_time = 222.50000331550837 / 0.3318594349582489x
======[Agent] Wallclock_time = 2025-06-09 16:21:31.818838 / 670.624951 / Sim_time = 222.55000331625342 / 0.33185414758316356x
======[Agent] Wallclock_time = 2025-06-09 16:21:32.013530 / 670.819643 / Sim_time = 222.60000331699848 / 0.3318323692626711x
======[Agent] Wallclock_time = 2025-06-09 16:21:32.202310 / 671.008423 / Sim_time = 222.65000331774354 / 0.3318135270326055x
======[Agent] Wallclock_time = 2025-06-09 16:21:32.373268 / 671.179381 / Sim_time = 222.7000033184886 / 0.33180350561898886x
======[Agent] Wallclock_time = 2025-06-09 16:21:32.542917 / 671.34903 / Sim_time = 222.75000331923366 / 0.3317941362410212x
======[Agent] Wallclock_time = 2025-06-09 16:21:32.700063 / 671.506176 / Sim_time = 222.8000033199787 / 0.33179094920048735x
======[Agent] Wallclock_time = 2025-06-09 16:21:32.861942 / 671.668055 / Sim_time = 222.85000332072377 / 0.3317854256672935x
======[Agent] Wallclock_time = 2025-06-09 16:21:33.019792 / 671.825905 / Sim_time = 222.90000332146883 / 0.33178189450669415x
======[Agent] Wallclock_time = 2025-06-09 16:21:33.183941 / 671.990054 / Sim_time = 222.9500033222139 / 0.3317752550351867x
======[Agent] Wallclock_time = 2025-06-09 16:21:33.347468 / 672.153581 / Sim_time = 223.00000332295895 / 0.3317689258194001x
======[Agent] Wallclock_time = 2025-06-09 16:21:33.503781 / 672.309894 / Sim_time = 223.050003323704 / 0.33176615954657435x
======[Agent] Wallclock_time = 2025-06-09 16:21:33.666133 / 672.472246 / Sim_time = 223.10000332444906 / 0.3317604152306292x
======[Agent] Wallclock_time = 2025-06-09 16:21:33.817236 / 672.623349 / Sim_time = 223.15000332519412 / 0.33176022196781063x
======[Agent] Wallclock_time = 2025-06-09 16:21:33.963590 / 672.769703 / Sim_time = 223.20000332593918 / 0.33176237064225905x
======[Agent] Wallclock_time = 2025-06-09 16:21:34.104576 / 672.910689 / Sim_time = 223.25000332668424 / 0.3317671649580815x
======[Agent] Wallclock_time = 2025-06-09 16:21:34.265971 / 673.072084 / Sim_time = 223.3000033274293 / 0.33176189723763977x
======[Agent] Wallclock_time = 2025-06-09 16:21:34.436120 / 673.242233 / Sim_time = 223.35000332817435 / 0.3317523183009466x
======[Agent] Wallclock_time = 2025-06-09 16:21:34.581151 / 673.387264 / Sim_time = 223.4000033289194 / 0.3317551185134991x
======[Agent] Wallclock_time = 2025-06-09 16:21:34.733943 / 673.540056 / Sim_time = 223.45000332966447 / 0.3317540947788407x
======[Agent] Wallclock_time = 2025-06-09 16:21:34.890584 / 673.696697 / Sim_time = 223.50000333040953 / 0.3317511761219655x
======[Agent] Wallclock_time = 2025-06-09 16:21:35.033870 / 673.839983 / Sim_time = 223.55000333115458 / 0.33175483381240795x
======[Agent] Wallclock_time = 2025-06-09 16:21:35.188953 / 673.995066 / Sim_time = 223.60000333189964 / 0.3317526831557199x
======[Agent] Wallclock_time = 2025-06-09 16:21:35.343993 / 674.150106 / Sim_time = 223.6500033326447 / 0.3317505546488634x
======[Agent] Wallclock_time = 2025-06-09 16:21:35.507536 / 674.313649 / Sim_time = 223.70000333338976 / 0.33174424382613366x
======[Agent] Wallclock_time = 2025-06-09 16:21:35.687109 / 674.493222 / Sim_time = 223.75000333413482 / 0.331730051994626x
======[Agent] Wallclock_time = 2025-06-09 16:21:35.839687 / 674.6458 / Sim_time = 223.80000333487988 / 0.3317291408406293x
======[Agent] Wallclock_time = 2025-06-09 16:21:36.021767 / 674.82788 / Sim_time = 223.85000333562493 / 0.33171372768697294x
======[Agent] Wallclock_time = 2025-06-09 16:21:36.187540 / 674.993653 / Sim_time = 223.90000333637 / 0.33170633625207396x
======[Agent] Wallclock_time = 2025-06-09 16:21:36.349260 / 675.155373 / Sim_time = 223.95000333711505 / 0.33170093965344977x
======[Agent] Wallclock_time = 2025-06-09 16:21:36.519195 / 675.325308 / Sim_time = 224.0000033378601 / 0.331691510732409x
======[Agent] Wallclock_time = 2025-06-09 16:21:36.710624 / 675.516737 / Sim_time = 224.05000333860517 / 0.33167153290988294x
======[Agent] Wallclock_time = 2025-06-09 16:21:36.895534 / 675.701647 / Sim_time = 224.10000333935022 / 0.33165476609321354x
======[Agent] Wallclock_time = 2025-06-09 16:21:37.052375 / 675.858488 / Sim_time = 224.15000334009528 / 0.33165178164976106x
======[Agent] Wallclock_time = 2025-06-09 16:21:37.210053 / 676.016166 / Sim_time = 224.20000334084034 / 0.33164838796540314x
======[Agent] Wallclock_time = 2025-06-09 16:21:37.393811 / 676.199924 / Sim_time = 224.2500033415854 / 0.3316322048409171x
======[Agent] Wallclock_time = 2025-06-09 16:21:37.573400 / 676.379513 / Sim_time = 224.30000334233046 / 0.3316180744880958x
======[Agent] Wallclock_time = 2025-06-09 16:21:37.767038 / 676.573151 / Sim_time = 224.3500033430755 / 0.33159706591136895x
======[Agent] Wallclock_time = 2025-06-09 16:21:37.948571 / 676.754684 / Sim_time = 224.40000334382057 / 0.33158200019465306x
======[Agent] Wallclock_time = 2025-06-09 16:21:38.132080 / 676.938193 / Sim_time = 224.45000334456563 / 0.33156597470722254x
======[Agent] Wallclock_time = 2025-06-09 16:21:38.311373 / 677.117486 / Sim_time = 224.5000033453107 / 0.33155202226351665x
======[Agent] Wallclock_time = 2025-06-09 16:21:38.482422 / 677.288535 / Sim_time = 224.55000334605575 / 0.3315421127037726x
======[Agent] Wallclock_time = 2025-06-09 16:21:38.656447 / 677.46256 / Sim_time = 224.6000033468008 / 0.33153075177475344x
======[Agent] Wallclock_time = 2025-06-09 16:21:38.829057 / 677.63517 / Sim_time = 224.65000334754586 / 0.33152008894027285x
======[Agent] Wallclock_time = 2025-06-09 16:21:38.994044 / 677.800157 / Sim_time = 224.70000334829092 / 0.3315131599108364x
======[Agent] Wallclock_time = 2025-06-09 16:21:39.199112 / 678.005225 / Sim_time = 224.75000334903598 / 0.33148663693911656x
======[Agent] Wallclock_time = 2025-06-09 16:21:39.379010 / 678.185123 / Sim_time = 224.80000334978104 / 0.33147243172031265x
======[Agent] Wallclock_time = 2025-06-09 16:21:39.543991 / 678.350104 / Sim_time = 224.8500033505261 / 0.3314655228312654x
======[Agent] Wallclock_time = 2025-06-09 16:21:39.711520 / 678.517633 / Sim_time = 224.90000335127115 / 0.33145737259550123x
======[Agent] Wallclock_time = 2025-06-09 16:21:39.867532 / 678.673645 / Sim_time = 224.9500033520162 / 0.3314548510236687x
======[Agent] Wallclock_time = 2025-06-09 16:21:40.021854 / 678.827967 / Sim_time = 225.00000335276127 / 0.33145315578844664x
======[Agent] Wallclock_time = 2025-06-09 16:21:40.190056 / 678.996169 / Sim_time = 225.05000335350633 / 0.3314446858224034x
======[Agent] Wallclock_time = 2025-06-09 16:21:40.356749 / 679.162862 / Sim_time = 225.10000335425138 / 0.3314369564531562x
======[Agent] Wallclock_time = 2025-06-09 16:21:40.513172 / 679.319285 / Sim_time = 225.15000335499644 / 0.33143424144179123x
======[Agent] Wallclock_time = 2025-06-09 16:21:40.676546 / 679.482659 / Sim_time = 225.2000033557415 / 0.3314281371934237x
======[Agent] Wallclock_time = 2025-06-09 16:21:40.850595 / 679.656708 / Sim_time = 225.25000335648656 / 0.3314168304208897x
======[Agent] Wallclock_time = 2025-06-09 16:21:41.046389 / 679.852502 / Sim_time = 225.30000335723162 / 0.3313949294876643x
======[Agent] Wallclock_time = 2025-06-09 16:21:41.214995 / 680.021108 / Sim_time = 225.35000335797668 / 0.33138628980864937x
======[Agent] Wallclock_time = 2025-06-09 16:21:41.414269 / 680.220382 / Sim_time = 225.40000335872173 / 0.33136271414461616x
======[Agent] Wallclock_time = 2025-06-09 16:21:41.572042 / 680.378155 / Sim_time = 225.4500033594668 / 0.3313593629414864x
======[Agent] Wallclock_time = 2025-06-09 16:21:41.735066 / 680.541179 / Sim_time = 225.50000336021185 / 0.3313534565801128x
======[Agent] Wallclock_time = 2025-06-09 16:21:41.886668 / 680.692781 / Sim_time = 225.5500033609569 / 0.3313531130394695x
======[Agent] Wallclock_time = 2025-06-09 16:21:42.086737 / 680.89285 / Sim_time = 225.60000336170197 / 0.3313291834868269x
======[Agent] Wallclock_time = 2025-06-09 16:21:42.256281 / 681.062394 / Sim_time = 225.65000336244702 / 0.33132011696762403x
======[Agent] Wallclock_time = 2025-06-09 16:21:42.419799 / 681.225912 / Sim_time = 225.70000336319208 / 0.3313139856741187x
======[Agent] Wallclock_time = 2025-06-09 16:21:42.581109 / 681.387222 / Sim_time = 225.75000336393714 / 0.33130893090772734x
======[Agent] Wallclock_time = 2025-06-09 16:21:42.757222 / 681.563335 / Sim_time = 225.8000033646822 / 0.33129668289448005x
======[Agent] Wallclock_time = 2025-06-09 16:21:42.901938 / 681.708051 / Sim_time = 225.85000336542726 / 0.3312996989465338x
======[Agent] Wallclock_time = 2025-06-09 16:21:43.057391 / 681.863504 / Sim_time = 225.9000033661723 / 0.3312974968501547x
======[Agent] Wallclock_time = 2025-06-09 16:21:43.242755 / 682.048868 / Sim_time = 225.95000336691737 / 0.33128076694667347x
======[Agent] Wallclock_time = 2025-06-09 16:21:43.426492 / 682.232605 / Sim_time = 226.00000336766243 / 0.3312648361372677x
======[Agent] Wallclock_time = 2025-06-09 16:21:43.600135 / 682.406248 / Sim_time = 226.0500033684075 / 0.3312538136588014x
======[Agent] Wallclock_time = 2025-06-09 16:21:43.788268 / 682.594381 / Sim_time = 226.10000336915255 / 0.33123576523169085x
======[Agent] Wallclock_time = 2025-06-09 16:21:43.950414 / 682.756527 / Sim_time = 226.1500033698976 / 0.33123033350300596x
======[Agent] Wallclock_time = 2025-06-09 16:21:44.123524 / 682.929637 / Sim_time = 226.20000337064266 / 0.33121958675671875x
======[Agent] Wallclock_time = 2025-06-09 16:21:44.277757 / 683.08387 / Sim_time = 226.25000337138772 / 0.33121799838925975x
======[Agent] Wallclock_time = 2025-06-09 16:21:44.418360 / 683.224473 / Sim_time = 226.30000337213278 / 0.3312230183375098x
======[Agent] Wallclock_time = 2025-06-09 16:21:44.649371 / 683.455484 / Sim_time = 226.35000337287784 / 0.3311842211930465x
======[Agent] Wallclock_time = 2025-06-09 16:21:44.801154 / 683.607267 / Sim_time = 226.4000033736229 / 0.3311838289597848x
======[Agent] Wallclock_time = 2025-06-09 16:21:45.006653 / 683.812766 / Sim_time = 226.45000337436795 / 0.33115742126543846x
======[Agent] Wallclock_time = 2025-06-09 16:21:45.170707 / 683.97682 / Sim_time = 226.500003375113 / 0.33115109401517295x
======[Agent] Wallclock_time = 2025-06-09 16:21:45.328702 / 684.134815 / Sim_time = 226.55000337585807 / 0.33114770255940784x
======[Agent] Wallclock_time = 2025-06-09 16:21:45.471138 / 684.277251 / Sim_time = 226.60000337660313 / 0.3311518421715893x
======[Agent] Wallclock_time = 2025-06-09 16:21:45.650165 / 684.456278 / Sim_time = 226.65000337734818 / 0.33113827650372096x
======[Agent] Wallclock_time = 2025-06-09 16:21:45.824744 / 684.630857 / Sim_time = 226.70000337809324 / 0.3311268692220573x
======[Agent] Wallclock_time = 2025-06-09 16:21:45.999360 / 684.805473 / Sim_time = 226.7500033788383 / 0.3311154498664301x
======[Agent] Wallclock_time = 2025-06-09 16:21:46.155894 / 684.962007 / Sim_time = 226.80000337958336 / 0.3311127769847334x
======[Agent] Wallclock_time = 2025-06-09 16:21:46.339587 / 685.1457 / Sim_time = 226.85000338032842 / 0.3310969802238388x
======[Agent] Wallclock_time = 2025-06-09 16:21:46.512794 / 685.318907 / Sim_time = 226.90000338107347 / 0.3310862577658546x
======[Agent] Wallclock_time = 2025-06-09 16:21:46.691312 / 685.497425 / Sim_time = 226.95000338181853 / 0.3310729756699565x
======[Agent] Wallclock_time = 2025-06-09 16:21:46.895526 / 685.701639 / Sim_time = 227.0000033825636 / 0.33104729436889857x
======[Agent] Wallclock_time = 2025-06-09 16:21:47.127416 / 685.933529 / Sim_time = 227.05000338330865 / 0.3310082723409724x
======[Agent] Wallclock_time = 2025-06-09 16:21:47.294740 / 686.100853 / Sim_time = 227.1000033840537 / 0.3310004227376044x
======[Agent] Wallclock_time = 2025-06-09 16:21:47.490842 / 686.296955 / Sim_time = 227.15000338479877 / 0.3309786977068856x
======[Agent] Wallclock_time = 2025-06-09 16:21:47.647609 / 686.453722 / Sim_time = 227.20000338554382 / 0.33097594947499515x
======[Agent] Wallclock_time = 2025-06-09 16:21:47.841558 / 686.647671 / Sim_time = 227.25000338628888 / 0.330955280311449x
======[Agent] Wallclock_time = 2025-06-09 16:21:48.016493 / 686.822606 / Sim_time = 227.30000338703394 / 0.33094378440311495x
======[Agent] Wallclock_time = 2025-06-09 16:21:48.194746 / 687.000859 / Sim_time = 227.350003387779 / 0.3309306960518414x
======[Agent] Wallclock_time = 2025-06-09 16:21:48.388504 / 687.194617 / Sim_time = 227.40000338852406 / 0.3309101480903713x
======[Agent] Wallclock_time = 2025-06-09 16:21:48.587030 / 687.393143 / Sim_time = 227.4500033892691 / 0.33088731654972675x
======[Agent] Wallclock_time = 2025-06-09 16:21:48.786195 / 687.592308 / Sim_time = 227.50000339001417 / 0.33086419071142875x
======[Agent] Wallclock_time = 2025-06-09 16:21:48.957632 / 687.763745 / Sim_time = 227.55000339075923 / 0.3308544164920219x
======[Agent] Wallclock_time = 2025-06-09 16:21:49.150332 / 687.956445 / Sim_time = 227.6000033915043 / 0.3308344215847599x
======[Agent] Wallclock_time = 2025-06-09 16:21:49.319611 / 688.125724 / Sim_time = 227.65000339224935 / 0.3308256974368712x
======[Agent] Wallclock_time = 2025-06-09 16:21:49.516411 / 688.322524 / Sim_time = 227.7000033929944 / 0.33080375064007606x
======[Agent] Wallclock_time = 2025-06-09 16:21:49.683665 / 688.489778 / Sim_time = 227.75000339373946 / 0.33079601161155925x
======[Agent] Wallclock_time = 2025-06-09 16:21:49.886408 / 688.692521 / Sim_time = 227.80000339448452 / 0.3307712305231408x
======[Agent] Wallclock_time = 2025-06-09 16:21:50.060922 / 688.867035 / Sim_time = 227.85000339522958 / 0.3307600176211248x
======[Agent] Wallclock_time = 2025-06-09 16:21:50.223765 / 689.029878 / Sim_time = 227.90000339597464 / 0.33075441271584727x
======[Agent] Wallclock_time = 2025-06-09 16:21:50.398406 / 689.204519 / Sim_time = 227.9500033967197 / 0.33074314861474535x
======[Agent] Wallclock_time = 2025-06-09 16:21:50.585386 / 689.391499 / Sim_time = 228.00000339746475 / 0.3307259706599517x
======[Agent] Wallclock_time = 2025-06-09 16:21:50.747719 / 689.553832 / Sim_time = 228.0500033982098 / 0.33072062266138946x
======[Agent] Wallclock_time = 2025-06-09 16:21:50.923694 / 689.729807 / Sim_time = 228.10000339895487 / 0.33070873605179546x
======[Agent] Wallclock_time = 2025-06-09 16:21:51.102391 / 689.908504 / Sim_time = 228.15000339969993 / 0.3306955507597993x
======[Agent] Wallclock_time = 2025-06-09 16:21:51.277558 / 690.083671 / Sim_time = 228.20000340044498 / 0.3306840638406892x
======[Agent] Wallclock_time = 2025-06-09 16:21:51.462165 / 690.268278 / Sim_time = 228.25000340119004 / 0.33066806053215375x
======[Agent] Wallclock_time = 2025-06-09 16:21:51.645330 / 690.451443 / Sim_time = 228.3000034019351 / 0.33065275634332875x
======[Agent] Wallclock_time = 2025-06-09 16:21:51.821442 / 690.627555 / Sim_time = 228.35000340268016 / 0.33064083688616114x
======[Agent] Wallclock_time = 2025-06-09 16:21:51.995180 / 690.801293 / Sim_time = 228.40000340342522 / 0.3306300597404433x
======[Agent] Wallclock_time = 2025-06-09 16:21:52.178592 / 690.984705 / Sim_time = 228.45000340417027 / 0.3306146592485156x
======[Agent] Wallclock_time = 2025-06-09 16:21:52.348778 / 691.154891 / Sim_time = 228.50000340491533 / 0.33060559329720784x
======[Agent] Wallclock_time = 2025-06-09 16:21:52.503188 / 691.309301 / Sim_time = 228.5500034056604 / 0.3306040761652999x
======[Agent] Wallclock_time = 2025-06-09 16:21:52.676577 / 691.48269 / Sim_time = 228.60000340640545 / 0.3305934857355861x
======[Agent] Wallclock_time = 2025-06-09 16:21:52.836759 / 691.642872 / Sim_time = 228.6500034071505 / 0.33058921312491657x
======[Agent] Wallclock_time = 2025-06-09 16:21:52.994845 / 691.800958 / Sim_time = 228.70000340789557 / 0.3305859440887786x
======[Agent] Wallclock_time = 2025-06-09 16:21:53.142217 / 691.94833 / Sim_time = 228.75000340864062 / 0.33058779521997744x
======[Agent] Wallclock_time = 2025-06-09 16:21:53.295085 / 692.101198 / Sim_time = 228.80000340938568 / 0.33058702034260223x
======[Agent] Wallclock_time = 2025-06-09 16:21:53.466038 / 692.272151 / Sim_time = 228.85000341013074 / 0.33057760954552856x
======[Agent] Wallclock_time = 2025-06-09 16:21:53.636243 / 692.442356 / Sim_time = 228.9000034108758 / 0.3305685604857992x
======[Agent] Wallclock_time = 2025-06-09 16:21:53.809442 / 692.615555 / Sim_time = 228.95000341162086 / 0.3305580869513303x
======[Agent] Wallclock_time = 2025-06-09 16:21:53.988516 / 692.794629 / Sim_time = 229.0000034123659 / 0.3305448155654659x
======[Agent] Wallclock_time = 2025-06-09 16:21:54.171077 / 692.97719 / Sim_time = 229.05000341311097 / 0.3305298878354469x
======[Agent] Wallclock_time = 2025-06-09 16:21:54.344091 / 693.150204 / Sim_time = 229.10000341385603 / 0.3305195202601942x
======[Agent] Wallclock_time = 2025-06-09 16:21:54.488450 / 693.294563 / Sim_time = 229.1500034146011 / 0.3305228183244569x
======[Agent] Wallclock_time = 2025-06-09 16:21:54.661354 / 693.467467 / Sim_time = 229.20000341534615 / 0.33051250968466334x
======[Agent] Wallclock_time = 2025-06-09 16:21:54.824699 / 693.630812 / Sim_time = 229.2500034160912 / 0.33050676086363123x
======[Agent] Wallclock_time = 2025-06-09 16:21:54.973713 / 693.779826 / Sim_time = 229.30000341683626 / 0.3305078417039393x
======[Agent] Wallclock_time = 2025-06-09 16:21:55.124088 / 693.930201 / Sim_time = 229.35000341758132 / 0.3305082738563608x
======[Agent] Wallclock_time = 2025-06-09 16:21:55.300117 / 694.10623 / Sim_time = 229.40000341832638 / 0.330496490316527x
======[Agent] Wallclock_time = 2025-06-09 16:21:55.464245 / 694.270358 / Sim_time = 229.45000341907144 / 0.3304903778258291x
======[Agent] Wallclock_time = 2025-06-09 16:21:55.650244 / 694.456357 / Sim_time = 229.5000034198165 / 0.33047386006714374x
======[Agent] Wallclock_time = 2025-06-09 16:21:55.817260 / 694.623373 / Sim_time = 229.55000342056155 / 0.33046638203776585x
======[Agent] Wallclock_time = 2025-06-09 16:21:55.995353 / 694.801466 / Sim_time = 229.6000034213066 / 0.33045363920931536x
======[Agent] Wallclock_time = 2025-06-09 16:21:56.178065 / 694.984178 / Sim_time = 229.65000342205167 / 0.3304387067403784x
======[Agent] Wallclock_time = 2025-06-09 16:21:56.350544 / 695.156657 / Sim_time = 229.70000342279673 / 0.330428646091712x
======[Agent] Wallclock_time = 2025-06-09 16:21:56.503225 / 695.309338 / Sim_time = 229.75000342354178 / 0.3304279986464717x
======[Agent] Wallclock_time = 2025-06-09 16:21:56.653406 / 695.459519 / Sim_time = 229.80000342428684 / 0.33042853928604804x
======[Agent] Wallclock_time = 2025-06-09 16:21:56.822129 / 695.628242 / Sim_time = 229.8500034250319 / 0.33042027210384567x
======[Agent] Wallclock_time = 2025-06-09 16:21:57.018527 / 695.82464 / Sim_time = 229.90000342577696 / 0.3303988674889545x
======[Agent] Wallclock_time = 2025-06-09 16:21:57.190837 / 695.99695 / Sim_time = 229.95000342652202 / 0.33038890908589896x
======[Agent] Wallclock_time = 2025-06-09 16:21:57.358004 / 696.164117 / Sim_time = 230.00000342726707 / 0.3303813963250719x
======[Agent] Wallclock_time = 2025-06-09 16:21:57.535416 / 696.341529 / Sim_time = 230.05000342801213 / 0.33036902651685107x
======[Agent] Wallclock_time = 2025-06-09 16:21:57.700215 / 696.506328 / Sim_time = 230.1000034287572 / 0.33036264541463256x
======[Agent] Wallclock_time = 2025-06-09 16:21:57.858563 / 696.664676 / Sim_time = 230.15000342950225 / 0.3303593263714951x
======[Agent] Wallclock_time = 2025-06-09 16:21:58.028111 / 696.834224 / Sim_time = 230.2000034302473 / 0.33035069913493254x
======[Agent] Wallclock_time = 2025-06-09 16:21:58.181152 / 696.987265 / Sim_time = 230.25000343099236 / 0.3303498996944983x
======[Agent] Wallclock_time = 2025-06-09 16:21:58.333438 / 697.139551 / Sim_time = 230.30000343173742 / 0.3303494583716124x
======[Agent] Wallclock_time = 2025-06-09 16:21:58.491126 / 697.297239 / Sim_time = 230.35000343248248 / 0.33034645801318663x
======[Agent] Wallclock_time = 2025-06-09 16:21:58.654197 / 697.46031 / Sim_time = 230.40000343322754 / 0.3303409094236747x
======[Agent] Wallclock_time = 2025-06-09 16:21:58.843657 / 697.64977 / Sim_time = 230.4500034339726 / 0.3303228683227464x
======[Agent] Wallclock_time = 2025-06-09 16:21:59.016831 / 697.822944 / Sim_time = 230.50000343471766 / 0.33031254575970476x
======[Agent] Wallclock_time = 2025-06-09 16:21:59.181345 / 697.987458 / Sim_time = 230.5500034354627 / 0.3303063264055618x
======[Agent] Wallclock_time = 2025-06-09 16:21:59.329868 / 698.135981 / Sim_time = 230.60000343620777 / 0.3303076755881061x
======[Agent] Wallclock_time = 2025-06-09 16:21:59.509537 / 698.31565 / Sim_time = 230.65000343695283 / 0.33029429190461496x
======[Agent] Wallclock_time = 2025-06-09 16:21:59.668886 / 698.474999 / Sim_time = 230.7000034376979 / 0.33029052360852545x
======[Agent] Wallclock_time = 2025-06-09 16:21:59.848897 / 698.65501 / Sim_time = 230.75000343844295 / 0.33027698915585507x
======[Agent] Wallclock_time = 2025-06-09 16:22:00.022158 / 698.828271 / Sim_time = 230.800003439188 / 0.33026665169437075x
======[Agent] Wallclock_time = 2025-06-09 16:22:00.171992 / 698.978105 / Sim_time = 230.85000343993306 / 0.33026738823606616x
======[Agent] Wallclock_time = 2025-06-09 16:22:00.338401 / 699.144514 / Sim_time = 230.90000344067812 / 0.33026029462684664x
======[Agent] Wallclock_time = 2025-06-09 16:22:00.498148 / 699.304261 / Sim_time = 230.95000344142318 / 0.3302563505831013x
======[Agent] Wallclock_time = 2025-06-09 16:22:00.670804 / 699.476917 / Sim_time = 231.00000344216824 / 0.33024631346891864x
======[Agent] Wallclock_time = 2025-06-09 16:22:00.859697 / 699.66581 / Sim_time = 231.0500034429133 / 0.3302286175942994x
======[Agent] Wallclock_time = 2025-06-09 16:22:01.061452 / 699.867565 / Sim_time = 231.10000344365835 / 0.33020486274256133x
======[Agent] Wallclock_time = 2025-06-09 16:22:01.237880 / 700.043993 / Sim_time = 231.1500034444034 / 0.330193067239613x
======[Agent] Wallclock_time = 2025-06-09 16:22:01.424347 / 700.23046 / Sim_time = 231.20000344514847 / 0.3301765439746859x
======[Agent] Wallclock_time = 2025-06-09 16:22:01.563598 / 700.369711 / Sim_time = 231.25000344589353 / 0.33018228748559636x
======[Agent] Wallclock_time = 2025-06-09 16:22:01.732376 / 700.538489 / Sim_time = 231.30000344663858 / 0.33017411163618016x
======[Agent] Wallclock_time = 2025-06-09 16:22:01.923362 / 700.729475 / Sim_time = 231.35000344738364 / 0.3301554758944709x
======[Agent] Wallclock_time = 2025-06-09 16:22:02.064074 / 700.870187 / Sim_time = 231.4000034481287 / 0.3301605312648253x
======[Agent] Wallclock_time = 2025-06-09 16:22:02.219457 / 701.02557 / Sim_time = 231.45000344887376 / 0.3301586749399153x
======[Agent] Wallclock_time = 2025-06-09 16:22:02.391197 / 701.19731 / Sim_time = 231.50000344961882 / 0.3301491178003821x
======[Agent] Wallclock_time = 2025-06-09 16:22:02.538164 / 701.344277 / Sim_time = 231.55000345036387 / 0.33015122656962564x
======[Agent] Wallclock_time = 2025-06-09 16:22:02.687692 / 701.493805 / Sim_time = 231.60000345110893 / 0.33015212913958636x
======[Agent] Wallclock_time = 2025-06-09 16:22:02.858030 / 701.664143 / Sim_time = 231.650003451854 / 0.33014323963910236x
======[Agent] Wallclock_time = 2025-06-09 16:22:03.024182 / 701.830295 / Sim_time = 231.70000345259905 / 0.33013632350577793x
======[Agent] Wallclock_time = 2025-06-09 16:22:03.193582 / 701.999695 / Sim_time = 231.7500034533441 / 0.330127883211489x
======[Agent] Wallclock_time = 2025-06-09 16:22:03.351710 / 702.157823 / Sim_time = 231.80000345408916 / 0.3301247465120711x
======[Agent] Wallclock_time = 2025-06-09 16:22:03.527711 / 702.333824 / Sim_time = 231.85000345483422 / 0.33011321029816143x
======[Agent] Wallclock_time = 2025-06-09 16:22:03.692789 / 702.498902 / Sim_time = 231.90000345557928 / 0.33010681253529806x
======[Agent] Wallclock_time = 2025-06-09 16:22:03.852678 / 702.658791 / Sim_time = 231.95000345632434 / 0.3301028555031184x
======[Agent] Wallclock_time = 2025-06-09 16:22:04.029406 / 702.835519 / Sim_time = 232.0000034570694 / 0.3300909915539967x
======[Agent] Wallclock_time = 2025-06-09 16:22:04.198993 / 703.005106 / Sim_time = 232.05000345781446 / 0.33008248644971866x
======[Agent] Wallclock_time = 2025-06-09 16:22:04.391629 / 703.197742 / Sim_time = 232.1000034585595 / 0.33006316649320677x
======[Agent] Wallclock_time = 2025-06-09 16:22:04.543597 / 703.34971 / Sim_time = 232.15000345930457 / 0.33006294037764544x
======[Agent] Wallclock_time = 2025-06-09 16:22:04.690916 / 703.497029 / Sim_time = 232.20000346004963 / 0.3300648955479158x
======[Agent] Wallclock_time = 2025-06-09 16:22:04.860805 / 703.666918 / Sim_time = 232.2500034607947 / 0.33005626307492775x
======[Agent] Wallclock_time = 2025-06-09 16:22:05.014249 / 703.820362 / Sim_time = 232.30000346153975 / 0.3300553464325508x
======[Agent] Wallclock_time = 2025-06-09 16:22:05.185284 / 703.991397 / Sim_time = 232.3500034622848 / 0.3300461829593947x
======[Agent] Wallclock_time = 2025-06-09 16:22:05.354995 / 704.161108 / Sim_time = 232.40000346302986 / 0.3300376444894275x
======[Agent] Wallclock_time = 2025-06-09 16:22:05.519833 / 704.325946 / Sim_time = 232.45000346377492 / 0.3300313934940307x
======[Agent] Wallclock_time = 2025-06-09 16:22:05.721413 / 704.527526 / Sim_time = 232.50000346451998 / 0.3300079342202817x
======[Agent] Wallclock_time = 2025-06-09 16:22:05.874374 / 704.680487 / Sim_time = 232.55000346526504 / 0.3300072554130616x
======[Agent] Wallclock_time = 2025-06-09 16:22:06.042450 / 704.848563 / Sim_time = 232.6000034660101 / 0.32999950014299734x
======[Agent] Wallclock_time = 2025-06-09 16:22:06.206576 / 705.012689 / Sim_time = 232.65000346675515 / 0.3299935974246809x
======[Agent] Wallclock_time = 2025-06-09 16:22:06.383267 / 705.18938 / Sim_time = 232.7000034675002 / 0.3299818177716778x
======[Agent] Wallclock_time = 2025-06-09 16:22:06.558321 / 705.364434 / Sim_time = 232.75000346824527 / 0.32997080980898374x
======[Agent] Wallclock_time = 2025-06-09 16:22:06.727728 / 705.533841 / Sim_time = 232.80000346899033 / 0.32996244825985893x
======[Agent] Wallclock_time = 2025-06-09 16:22:06.903376 / 705.709489 / Sim_time = 232.85000346973538 / 0.3299511727531308x
======[Agent] Wallclock_time = 2025-06-09 16:22:07.073731 / 705.879844 / Sim_time = 232.90000347048044 / 0.3299423768900016x
======[Agent] Wallclock_time = 2025-06-09 16:22:07.246285 / 706.052398 / Sim_time = 232.9500034712255 / 0.329932557694773x
======[Agent] Wallclock_time = 2025-06-09 16:22:07.396097 / 706.20221 / Sim_time = 233.00000347197056 / 0.32993336786442895x
======[Agent] Wallclock_time = 2025-06-09 16:22:07.599009 / 706.405122 / Sim_time = 233.05000347271562 / 0.3299093767943246x
======[Agent] Wallclock_time = 2025-06-09 16:22:07.760785 / 706.566898 / Sim_time = 233.10000347346067 / 0.3299046052520499x
======[Agent] Wallclock_time = 2025-06-09 16:22:07.928589 / 706.734702 / Sim_time = 233.15000347420573 / 0.32989702206130483x
======[Agent] Wallclock_time = 2025-06-09 16:22:08.097747 / 706.90386 / Sim_time = 233.2000034749508 / 0.3298888106030998x
======[Agent] Wallclock_time = 2025-06-09 16:22:08.262071 / 707.068184 / Sim_time = 233.25000347569585 / 0.3298828583592972x
======[Agent] Wallclock_time = 2025-06-09 16:22:08.410044 / 707.216157 / Sim_time = 233.3000034764409 / 0.3298845357005966x
======[Agent] Wallclock_time = 2025-06-09 16:22:08.582457 / 707.38857 / Sim_time = 233.35000347718596 / 0.32987481491589704x
======[Agent] Wallclock_time = 2025-06-09 16:22:08.745359 / 707.551472 / Sim_time = 233.40000347793102 / 0.3298695329523646x
======[Agent] Wallclock_time = 2025-06-09 16:22:08.913951 / 707.720064 / Sim_time = 233.45000347867608 / 0.329861601347895x
======[Agent] Wallclock_time = 2025-06-09 16:22:09.080536 / 707.886649 / Sim_time = 233.50000347942114 / 0.3298546087211378x
======[Agent] Wallclock_time = 2025-06-09 16:22:09.238170 / 708.044283 / Sim_time = 233.5500034801662 / 0.32985178926778647x
======[Agent] Wallclock_time = 2025-06-09 16:22:09.397727 / 708.20384 / Sim_time = 233.60000348091125 / 0.32984807542534056x
======[Agent] Wallclock_time = 2025-06-09 16:22:09.543198 / 708.349311 / Sim_time = 233.6500034816563 / 0.3298509224225587x
======[Agent] Wallclock_time = 2025-06-09 16:22:09.689080 / 708.495193 / Sim_time = 233.70000348240137 / 0.3298535769018612x
======[Agent] Wallclock_time = 2025-06-09 16:22:09.851797 / 708.65791 / Sim_time = 233.75000348314643 / 0.32984839417759726x
======[Agent] Wallclock_time = 2025-06-09 16:22:10.030502 / 708.836615 / Sim_time = 233.8000034838915 / 0.32983577414115006x
======[Agent] Wallclock_time = 2025-06-09 16:22:10.215166 / 709.021279 / Sim_time = 233.85000348463655 / 0.3298203884572667x
======[Agent] Wallclock_time = 2025-06-09 16:22:10.377816 / 709.183929 / Sim_time = 233.9000034853816 / 0.32981524835164905x
======[Agent] Wallclock_time = 2025-06-09 16:22:10.567194 / 709.373307 / Sim_time = 233.95000348612666 / 0.3297976839272904x
======[Agent] Wallclock_time = 2025-06-09 16:22:10.733354 / 709.539467 / Sim_time = 234.00000348687172 / 0.32979092013771183x
======[Agent] Wallclock_time = 2025-06-09 16:22:10.893595 / 709.699708 / Sim_time = 234.05000348761678 / 0.3297869099598204x
======[Agent] Wallclock_time = 2025-06-09 16:22:11.076689 / 709.882802 / Sim_time = 234.10000348836184 / 0.32977228502582717x
======[Agent] Wallclock_time = 2025-06-09 16:22:11.241748 / 710.047861 / Sim_time = 234.1500034891069 / 0.32976604336684784x
======[Agent] Wallclock_time = 2025-06-09 16:22:11.413638 / 710.219751 / Sim_time = 234.20000348985195 / 0.3297566329343311x
======[Agent] Wallclock_time = 2025-06-09 16:22:11.561158 / 710.367271 / Sim_time = 234.250003490597 / 0.3297585394134207x
======[Agent] Wallclock_time = 2025-06-09 16:22:11.737987 / 710.5441 / Sim_time = 234.30000349134207 / 0.3297468429397966x
======[Agent] Wallclock_time = 2025-06-09 16:22:11.909985 / 710.716098 / Sim_time = 234.35000349208713 / 0.3297373936149305x
======[Agent] Wallclock_time = 2025-06-09 16:22:12.074106 / 710.880219 / Sim_time = 234.40000349283218 / 0.32973160245049626x
======[Agent] Wallclock_time = 2025-06-09 16:22:12.240562 / 711.046675 / Sim_time = 234.45000349357724 / 0.329724731177241x
======[Agent] Wallclock_time = 2025-06-09 16:22:12.408656 / 711.214769 / Sim_time = 234.5000034943223 / 0.32971710374762836x
======[Agent] Wallclock_time = 2025-06-09 16:22:12.565544 / 711.371657 / Sim_time = 234.55000349506736 / 0.3297146737185702x
======[Agent] Wallclock_time = 2025-06-09 16:22:12.731041 / 711.537154 / Sim_time = 234.60000349581242 / 0.32970825552639643x
======[Agent] Wallclock_time = 2025-06-09 16:22:12.903374 / 711.709487 / Sim_time = 234.65000349655747 / 0.3296986735233501x
======[Agent] Wallclock_time = 2025-06-09 16:22:13.064233 / 711.870346 / Sim_time = 234.70000349730253 / 0.3296944101150863x
======[Agent] Wallclock_time = 2025-06-09 16:22:13.255378 / 712.061491 / Sim_time = 234.7500034980476 / 0.32967612599334006x
======[Agent] Wallclock_time = 2025-06-09 16:22:13.449149 / 712.255262 / Sim_time = 234.80000349879265 / 0.3296566362779028x
======[Agent] Wallclock_time = 2025-06-09 16:22:13.621242 / 712.427355 / Sim_time = 234.8500034995377 / 0.32964718746987226x
======[Agent] Wallclock_time = 2025-06-09 16:22:13.782916 / 712.589029 / Sim_time = 234.90000350028276 / 0.32964256296137817x
======[Agent] Wallclock_time = 2025-06-09 16:22:13.969023 / 712.775136 / Sim_time = 234.95000350102782 / 0.32962664100896305x
======[Agent] Wallclock_time = 2025-06-09 16:22:14.143718 / 712.949831 / Sim_time = 235.00000350177288 / 0.3296160033534948x
======[Agent] Wallclock_time = 2025-06-09 16:22:14.286695 / 713.092808 / Sim_time = 235.05000350251794 / 0.3296200315660544x
======[Agent] Wallclock_time = 2025-06-09 16:22:14.452461 / 713.258574 / Sim_time = 235.100003503263 / 0.32961352651014403x
======[Agent] Wallclock_time = 2025-06-09 16:22:14.617938 / 713.424051 / Sim_time = 235.15000350400805 / 0.32960715799704665x
======[Agent] Wallclock_time = 2025-06-09 16:22:14.756574 / 713.562687 / Sim_time = 235.2000035047531 / 0.32961319051084664x
======[Agent] Wallclock_time = 2025-06-09 16:22:14.924521 / 713.730634 / Sim_time = 235.25000350549817 / 0.3296056841239829x
======[Agent] Wallclock_time = 2025-06-09 16:22:15.095054 / 713.901167 / Sim_time = 235.30000350624323 / 0.32959698735056964x
======[Agent] Wallclock_time = 2025-06-09 16:22:15.297012 / 714.103125 / Sim_time = 235.3500035069883 / 0.3295737908067515x
======[Agent] Wallclock_time = 2025-06-09 16:22:15.449164 / 714.255277 / Sim_time = 235.40000350773335 / 0.32957358736342385x
======[Agent] Wallclock_time = 2025-06-09 16:22:15.617122 / 714.423235 / Sim_time = 235.4500035084784 / 0.32956609248911944x
======[Agent] Wallclock_time = 2025-06-09 16:22:15.800707 / 714.60682 / Sim_time = 235.50000350922346 / 0.32955139437072417x
======[Agent] Wallclock_time = 2025-06-09 16:22:15.963102 / 714.769215 / Sim_time = 235.55000350996852 / 0.32954647321163x
======[Agent] Wallclock_time = 2025-06-09 16:22:16.132778 / 714.938891 / Sim_time = 235.60000351071358 / 0.329538198212965x
======[Agent] Wallclock_time = 2025-06-09 16:22:16.310195 / 715.116308 / Sim_time = 235.65000351145864 / 0.3295263600464536x
======[Agent] Wallclock_time = 2025-06-09 16:22:16.478950 / 715.285063 / Sim_time = 235.7000035122037 / 0.32951851812077554x
======[Agent] Wallclock_time = 2025-06-09 16:22:16.624737 / 715.43085 / Sim_time = 235.75000351294875 / 0.32952125840210883x
======[Agent] Wallclock_time = 2025-06-09 16:22:16.787783 / 715.593896 / Sim_time = 235.8000035136938 / 0.3295160499771002x
======[Agent] Wallclock_time = 2025-06-09 16:22:16.942241 / 715.748354 / Sim_time = 235.85000351443887 / 0.32951479759832086x
======[Agent] Wallclock_time = 2025-06-09 16:22:17.101011 / 715.907124 / Sim_time = 235.90000351518393 / 0.3295115610605698x
======[Agent] Wallclock_time = 2025-06-09 16:22:17.266720 / 716.072833 / Sim_time = 235.95000351592898 / 0.3295051329098476x
======[Agent] Wallclock_time = 2025-06-09 16:22:17.474822 / 716.280935 / Sim_time = 236.00000351667404 / 0.32947920641984924x
======[Agent] Wallclock_time = 2025-06-09 16:22:17.702255 / 716.508368 / Sim_time = 236.0500035174191 / 0.32944440653484813x
======[Agent] Wallclock_time = 2025-06-09 16:22:17.864818 / 716.670931 / Sim_time = 236.10000351816416 / 0.32943944544992115x
======[Agent] Wallclock_time = 2025-06-09 16:22:18.051055 / 716.857168 / Sim_time = 236.15000351890922 / 0.32942360715196484x
======[Agent] Wallclock_time = 2025-06-09 16:22:18.216516 / 717.022629 / Sim_time = 236.20000351965427 / 0.3294173217820891x
======[Agent] Wallclock_time = 2025-06-09 16:22:18.383457 / 717.18957 / Sim_time = 236.25000352039933 / 0.32941035953721387x
======[Agent] Wallclock_time = 2025-06-09 16:22:18.547452 / 717.353565 / Sim_time = 236.3000035211444 / 0.3294047533121148x
======[Agent] Wallclock_time = 2025-06-09 16:22:18.729562 / 717.535675 / Sim_time = 236.35000352188945 / 0.3293908336070619x
======[Agent] Wallclock_time = 2025-06-09 16:22:18.938372 / 717.744485 / Sim_time = 236.4000035226345 / 0.32936466820496196x
======[Agent] Wallclock_time = 2025-06-09 16:22:19.109429 / 717.915542 / Sim_time = 236.45000352337956 / 0.3293558369120008x
======[Agent] Wallclock_time = 2025-06-09 16:22:19.270460 / 718.076573 / Sim_time = 236.50000352412462 / 0.3293516082615835x
======[Agent] Wallclock_time = 2025-06-09 16:22:19.454853 / 718.260966 / Sim_time = 236.55000352486968 / 0.3293366692409127x
======[Agent] Wallclock_time = 2025-06-09 16:22:19.625929 / 718.432042 / Sim_time = 236.60000352561474 / 0.3293278422536901x
======[Agent] Wallclock_time = 2025-06-09 16:22:19.813563 / 718.619676 / Sim_time = 236.6500035263598 / 0.3293114315101613x
======[Agent] Wallclock_time = 2025-06-09 16:22:19.988967 / 718.79508 / Sim_time = 236.70000352710485 / 0.32930063214466176x
======[Agent] Wallclock_time = 2025-06-09 16:22:20.158133 / 718.964246 / Sim_time = 236.7500035278499 / 0.3292926950850833x
======[Agent] Wallclock_time = 2025-06-09 16:22:20.321472 / 719.127585 / Sim_time = 236.80000352859497 / 0.32928742990879023x
======[Agent] Wallclock_time = 2025-06-09 16:22:20.496072 / 719.302185 / Sim_time = 236.85000352934003 / 0.3292770120701468x
======[Agent] Wallclock_time = 2025-06-09 16:22:20.656803 / 719.462916 / Sim_time = 236.9000035300851 / 0.3292729465115873x
======[Agent] Wallclock_time = 2025-06-09 16:22:20.843227 / 719.64934 / Sim_time = 236.95000353083014 / 0.329257127191561x
======[Agent] Wallclock_time = 2025-06-09 16:22:21.011773 / 719.817886 / Sim_time = 237.0000035315752 / 0.3292494933671068x
======[Agent] Wallclock_time = 2025-06-09 16:22:21.177053 / 719.983166 / Sim_time = 237.05000353232026 / 0.3292433566272627x
======[Agent] Wallclock_time = 2025-06-09 16:22:21.343002 / 720.149115 / Sim_time = 237.10000353306532 / 0.32923691685179457x
======[Agent] Wallclock_time = 2025-06-09 16:22:21.530982 / 720.337095 / Sim_time = 237.15000353381038 / 0.32922041077642905x
======[Agent] Wallclock_time = 2025-06-09 16:22:21.714649 / 720.520762 / Sim_time = 237.20000353455544 / 0.3292058839085494x
======[Agent] Wallclock_time = 2025-06-09 16:22:21.889128 / 720.695241 / Sim_time = 237.2500035353005 / 0.32919556123409904x
======[Agent] Wallclock_time = 2025-06-09 16:22:22.060345 / 720.866458 / Sim_time = 237.30000353604555 / 0.3291867331539962x
======[Agent] Wallclock_time = 2025-06-09 16:22:22.246155 / 721.052268 / Sim_time = 237.3500035367906 / 0.3291712472160803x
======[Agent] Wallclock_time = 2025-06-09 16:22:22.414401 / 721.220514 / Sim_time = 237.40000353753567 / 0.32916378522997813x
======[Agent] Wallclock_time = 2025-06-09 16:22:22.592396 / 721.398509 / Sim_time = 237.45000353828073 / 0.32915187850270733x
======[Agent] Wallclock_time = 2025-06-09 16:22:22.776961 / 721.583074 / Sim_time = 237.50000353902578 / 0.3291369808406079x
======[Agent] Wallclock_time = 2025-06-09 16:22:22.953402 / 721.759515 / Sim_time = 237.55000353977084 / 0.32912579533360986x
======[Agent] Wallclock_time = 2025-06-09 16:22:23.112926 / 721.919039 / Sim_time = 237.6000035405159 / 0.32912232754979104x
======[Agent] Wallclock_time = 2025-06-09 16:22:23.280786 / 722.086899 / Sim_time = 237.65000354126096 / 0.32911506185102396x
======[Agent] Wallclock_time = 2025-06-09 16:22:23.451274 / 722.257387 / Sim_time = 237.70000354200602 / 0.3291066020421387x
======[Agent] Wallclock_time = 2025-06-09 16:22:23.648542 / 722.454655 / Sim_time = 237.75000354275107 / 0.32908594720979945x
======[Agent] Wallclock_time = 2025-06-09 16:22:23.816947 / 722.62306 / Sim_time = 237.80000354349613 / 0.32907844715756646x
======[Agent] Wallclock_time = 2025-06-09 16:22:23.977673 / 722.783786 / Sim_time = 237.8500035442412 / 0.32907444671122504x
======[Agent] Wallclock_time = 2025-06-09 16:22:24.168820 / 722.974933 / Sim_time = 237.90000354498625 / 0.32905660159089456x
======[Agent] Wallclock_time = 2025-06-09 16:22:24.327562 / 723.133675 / Sim_time = 237.9500035457313 / 0.3290535107388279x
======[Agent] Wallclock_time = 2025-06-09 16:22:24.495535 / 723.301648 / Sim_time = 238.00000354647636 / 0.3290462218057252x
======[Agent] Wallclock_time = 2025-06-09 16:22:24.657426 / 723.463539 / Sim_time = 238.05000354722142 / 0.32904170241192904x
======[Agent] Wallclock_time = 2025-06-09 16:22:24.819950 / 723.626063 / Sim_time = 238.10000354796648 / 0.329036897211743x
======[Agent] Wallclock_time = 2025-06-09 16:22:24.989898 / 723.796011 / Sim_time = 238.15000354871154 / 0.32902871928095256x
======[Agent] Wallclock_time = 2025-06-09 16:22:25.146651 / 723.952764 / Sim_time = 238.2000035494566 / 0.32902654201747694x
======[Agent] Wallclock_time = 2025-06-09 16:22:25.308567 / 724.11468 / Sim_time = 238.25000355020165 / 0.3290220197278447x
======[Agent] Wallclock_time = 2025-06-09 16:22:25.492120 / 724.298233 / Sim_time = 238.3000035509467 / 0.3290076707163194x
======[Agent] Wallclock_time = 2025-06-09 16:22:25.668798 / 724.474911 / Sim_time = 238.35000355169177 / 0.3289964509968252x
======[Agent] Wallclock_time = 2025-06-09 16:22:25.852999 / 724.659112 / Sim_time = 238.40000355243683 / 0.3289818214148329x
======[Agent] Wallclock_time = 2025-06-09 16:22:26.027463 / 724.833576 / Sim_time = 238.4500035531819 / 0.32897161841956873x
======[Agent] Wallclock_time = 2025-06-09 16:22:26.210032 / 725.016145 / Sim_time = 238.50000355392694 / 0.3289577428598974x
======[Agent] Wallclock_time = 2025-06-09 16:22:26.371216 / 725.177329 / Sim_time = 238.550003554672 / 0.3289535746105728x
======[Agent] Wallclock_time = 2025-06-09 16:22:26.594142 / 725.400255 / Sim_time = 238.60000355541706 / 0.3289214099242454x
======[Agent] Wallclock_time = 2025-06-09 16:22:26.753100 / 725.559213 / Sim_time = 238.65000355616212 / 0.3289182610625896x
======[Agent] Wallclock_time = 2025-06-09 16:22:26.919265 / 725.725378 / Sim_time = 238.70000355690718 / 0.3289118472098684x
======[Agent] Wallclock_time = 2025-06-09 16:22:27.064717 / 725.87083 / Sim_time = 238.75000355765224 / 0.3289148217222485x
======[Agent] Wallclock_time = 2025-06-09 16:22:27.242471 / 726.048584 / Sim_time = 238.8000035583973 / 0.3289031614656187x
======[Agent] Wallclock_time = 2025-06-09 16:22:27.416402 / 726.222515 / Sim_time = 238.85000355914235 / 0.3288932382740902x
======[Agent] Wallclock_time = 2025-06-09 16:22:27.585818 / 726.391931 / Sim_time = 238.9000035598874 / 0.3288853640563408x
======[Agent] Wallclock_time = 2025-06-09 16:22:27.764176 / 726.570289 / Sim_time = 238.95000356063247 / 0.3288734459759701x
======[Agent] Wallclock_time = 2025-06-09 16:22:27.934215 / 726.740328 / Sim_time = 239.00000356137753 / 0.3288652982198056x
======[Agent] Wallclock_time = 2025-06-09 16:22:28.093493 / 726.899606 / Sim_time = 239.05000356212258 / 0.3288620226602516x
======[Agent] Wallclock_time = 2025-06-09 16:22:28.245883 / 727.051996 / Sim_time = 239.10000356286764 / 0.328861864098374x
======[Agent] Wallclock_time = 2025-06-09 16:22:28.409624 / 727.215737 / Sim_time = 239.1500035636127 / 0.32885657245759004x
======[Agent] Wallclock_time = 2025-06-09 16:22:28.576993 / 727.383106 / Sim_time = 239.20000356435776 / 0.3288496429757812x
======[Agent] Wallclock_time = 2025-06-09 16:22:28.751710 / 727.557823 / Sim_time = 239.25000356510282 / 0.32883939552624025x
======[Agent] Wallclock_time = 2025-06-09 16:22:28.927654 / 727.733767 / Sim_time = 239.30000356584787 / 0.3288285985735348x
======[Agent] Wallclock_time = 2025-06-09 16:22:29.071704 / 727.877817 / Sim_time = 239.35000356659293 / 0.3288322148913326x
======[Agent] Wallclock_time = 2025-06-09 16:22:29.228861 / 728.034974 / Sim_time = 239.400003567338 / 0.32882990967055975x
======[Agent] Wallclock_time = 2025-06-09 16:22:29.393949 / 728.200062 / Sim_time = 239.45000356808305 / 0.32882402411009265x
======[Agent] Wallclock_time = 2025-06-09 16:22:29.559972 / 728.366085 / Sim_time = 239.5000035688281 / 0.32881771911594293x
======[Agent] Wallclock_time = 2025-06-09 16:22:29.714415 / 728.520528 / Sim_time = 239.55000356957316 / 0.32881664352075696x
======[Agent] Wallclock_time = 2025-06-09 16:22:29.868822 / 728.674935 / Sim_time = 239.60000357031822 / 0.32881558462654353x
======[Agent] Wallclock_time = 2025-06-09 16:22:30.028976 / 728.835089 / Sim_time = 239.65000357106328 / 0.32881193342096326x
======[Agent] Wallclock_time = 2025-06-09 16:22:30.169238 / 728.975351 / Sim_time = 239.70000357180834 / 0.3288172562017836x
======[Agent] Wallclock_time = 2025-06-09 16:22:30.316363 / 729.122476 / Sim_time = 239.7500035725534 / 0.3288194818356849x
======[Agent] Wallclock_time = 2025-06-09 16:22:30.483914 / 729.290027 / Sim_time = 239.80000357329845 / 0.3288124969255908x
======[Agent] Wallclock_time = 2025-06-09 16:22:30.634288 / 729.440401 / Sim_time = 239.8500035740435 / 0.32881325798786615x
======[Agent] Wallclock_time = 2025-06-09 16:22:30.807984 / 729.614097 / Sim_time = 239.90000357478857 / 0.32880350826236887x
======[Agent] Wallclock_time = 2025-06-09 16:22:30.966763 / 729.772876 / Sim_time = 239.95000357553363 / 0.328800483912545x
======[Agent] Wallclock_time = 2025-06-09 16:22:31.116096 / 729.922209 / Sim_time = 240.0000035762787 / 0.3288017158751267x
======[Agent] Wallclock_time = 2025-06-09 16:22:31.268048 / 730.074161 / Sim_time = 240.05000357702374 / 0.32880176781829146x
======[Agent] Wallclock_time = 2025-06-09 16:22:31.421388 / 730.227501 / Sim_time = 240.1000035777688 / 0.32880119476159536x
======[Agent] Wallclock_time = 2025-06-09 16:22:31.578234 / 730.384347 / Sim_time = 240.15000357851386 / 0.32879904363485796x
======[Agent] Wallclock_time = 2025-06-09 16:22:31.716754 / 730.522867 / Sim_time = 240.20000357925892 / 0.32880514166590386x
======[Agent] Wallclock_time = 2025-06-09 16:22:31.879804 / 730.685917 / Sim_time = 240.25000358000398 / 0.32880019881347344x
======[Agent] Wallclock_time = 2025-06-09 16:22:32.030656 / 730.836769 / Sim_time = 240.30000358074903 / 0.32880074590226743x
======[Agent] Wallclock_time = 2025-06-09 16:22:32.183234 / 730.989347 / Sim_time = 240.3500035814941 / 0.3288005164061272x
======[Agent] Wallclock_time = 2025-06-09 16:22:32.348684 / 731.154797 / Sim_time = 240.40000358223915 / 0.32879449847573206x
======[Agent] Wallclock_time = 2025-06-09 16:22:32.512502 / 731.318615 / Sim_time = 240.4500035829842 / 0.32878921698686314x
======[Agent] Wallclock_time = 2025-06-09 16:22:32.650368 / 731.456481 / Sim_time = 240.50000358372927 / 0.3287956030676365x
======[Agent] Wallclock_time = 2025-06-09 16:22:32.813085 / 731.619198 / Sim_time = 240.55000358447433 / 0.32879081829896983x
======[Agent] Wallclock_time = 2025-06-09 16:22:32.972272 / 731.778385 / Sim_time = 240.60000358521938 / 0.3287876216753761x
======[Agent] Wallclock_time = 2025-06-09 16:22:33.139324 / 731.945437 / Sim_time = 240.65000358596444 / 0.3287808935477672x
======[Agent] Wallclock_time = 2025-06-09 16:22:33.299394 / 732.105507 / Sim_time = 240.7000035867095 / 0.328777303965022x
======[Agent] Wallclock_time = 2025-06-09 16:22:33.506194 / 732.312307 / Sim_time = 240.75000358745456 / 0.32875273641238717x
======[Agent] Wallclock_time = 2025-06-09 16:22:33.697090 / 732.503203 / Sim_time = 240.80000358819962 / 0.32873532001863426x
======[Agent] Wallclock_time = 2025-06-09 16:22:33.847234 / 732.653347 / Sim_time = 240.85000358894467 / 0.3287361967824981x
======[Agent] Wallclock_time = 2025-06-09 16:22:34.012673 / 732.818786 / Sim_time = 240.90000358968973 / 0.3287302119728652x
======[Agent] Wallclock_time = 2025-06-09 16:22:34.185714 / 732.991827 / Sim_time = 240.9500035904348 / 0.3287208206069318x
======[Agent] Wallclock_time = 2025-06-09 16:22:34.344260 / 733.150373 / Sim_time = 241.00000359117985 / 0.3287179325669487x
======[Agent] Wallclock_time = 2025-06-09 16:22:34.510486 / 733.316599 / Sim_time = 241.0500035919249 / 0.3287116031588994x
======[Agent] Wallclock_time = 2025-06-09 16:22:34.649443 / 733.455556 / Sim_time = 241.10000359266996 / 0.3287174974718884x
======[Agent] Wallclock_time = 2025-06-09 16:22:34.803488 / 733.609601 / Sim_time = 241.15000359341502 / 0.3287166287737642x
======[Agent] Wallclock_time = 2025-06-09 16:22:34.964220 / 733.770333 / Sim_time = 241.20000359416008 / 0.32871276479011763x
======[Agent] Wallclock_time = 2025-06-09 16:22:35.145542 / 733.951655 / Sim_time = 241.25000359490514 / 0.3286996810371987x
======[Agent] Wallclock_time = 2025-06-09 16:22:35.297005 / 734.103118 / Sim_time = 241.3000035956502 / 0.3286999727682364x
======[Agent] Wallclock_time = 2025-06-09 16:22:35.451733 / 734.257846 / Sim_time = 241.35000359639525 / 0.32869880276034874x
======[Agent] Wallclock_time = 2025-06-09 16:22:35.643053 / 734.449166 / Sim_time = 241.4000035971403 / 0.3286812567718043x
======[Agent] Wallclock_time = 2025-06-09 16:22:35.810372 / 734.616485 / Sim_time = 241.45000359788537 / 0.3286744578341821x
======[Agent] Wallclock_time = 2025-06-09 16:22:35.989877 / 734.79599 / Sim_time = 241.50000359863043 / 0.32866221131176715x
======[Agent] Wallclock_time = 2025-06-09 16:22:36.145917 / 734.95203 / Sim_time = 241.5500035993755 / 0.32866046364809937x
======[Agent] Wallclock_time = 2025-06-09 16:22:36.319814 / 735.125927 / Sim_time = 241.60000360012054 / 0.3286507332632648x
======[Agent] Wallclock_time = 2025-06-09 16:22:36.478015 / 735.284128 / Sim_time = 241.6500036008656 / 0.3286480229216136x
======[Agent] Wallclock_time = 2025-06-09 16:22:36.636090 / 735.442203 / Sim_time = 241.70000360161066 / 0.3286453700512488x
======[Agent] Wallclock_time = 2025-06-09 16:22:36.811065 / 735.617178 / Sim_time = 241.75000360235572 / 0.3286351681243469x
======[Agent] Wallclock_time = 2025-06-09 16:22:36.968012 / 735.774125 / Sim_time = 241.80000360310078 / 0.3286330230355379x
======[Agent] Wallclock_time = 2025-06-09 16:22:37.134112 / 735.940225 / Sim_time = 241.85000360384583 / 0.32862679163522307x
======[Agent] Wallclock_time = 2025-06-09 16:22:37.308747 / 736.11486 / Sim_time = 241.9000036045909 / 0.3286167528092533x
======[Agent] Wallclock_time = 2025-06-09 16:22:37.497006 / 736.303119 / Sim_time = 241.95000360533595 / 0.3286006384616408x
======[Agent] Wallclock_time = 2025-06-09 16:22:37.669185 / 736.475298 / Sim_time = 242.000003606081 / 0.3285917065671556x
======[Agent] Wallclock_time = 2025-06-09 16:22:37.853410 / 736.659523 / Sim_time = 242.05000360682607 / 0.32857740580572153x
======[Agent] Wallclock_time = 2025-06-09 16:22:38.020905 / 736.827018 / Sim_time = 242.10000360757113 / 0.3285705723632935x
======[Agent] Wallclock_time = 2025-06-09 16:22:38.176400 / 736.982513 / Sim_time = 242.15000360831618 / 0.3285690918954332x
======[Agent] Wallclock_time = 2025-06-09 16:22:38.352029 / 737.158142 / Sim_time = 242.20000360906124 / 0.3285586378972985x
======[Agent] Wallclock_time = 2025-06-09 16:22:38.518487 / 737.3246 / Sim_time = 242.2500036098063 / 0.32855227542595333x
======[Agent] Wallclock_time = 2025-06-09 16:22:38.697191 / 737.503304 / Sim_time = 242.30000361055136 / 0.3285404604371656x
======[Agent] Wallclock_time = 2025-06-09 16:22:38.858352 / 737.664465 / Sim_time = 242.35000361129642 / 0.328536464169834x
======[Agent] Wallclock_time = 2025-06-09 16:22:39.018379 / 737.824492 / Sim_time = 242.40000361204147 / 0.32853297458586794x
======[Agent] Wallclock_time = 2025-06-09 16:22:39.196434 / 738.002547 / Sim_time = 242.45000361278653 / 0.3285214611750186x
======[Agent] Wallclock_time = 2025-06-09 16:22:39.377186 / 738.183299 / Sim_time = 242.5000036135316 / 0.32850875308786753x
======[Agent] Wallclock_time = 2025-06-09 16:22:39.531439 / 738.337552 / Sim_time = 242.55000361427665 / 0.32850784095894897x
======[Agent] Wallclock_time = 2025-06-09 16:22:39.724782 / 738.530895 / Sim_time = 242.6000036150217 / 0.32848954155869153x
======[Agent] Wallclock_time = 2025-06-09 16:22:39.893268 / 738.699381 / Sim_time = 242.65000361576676 / 0.32848230467579353x
======[Agent] Wallclock_time = 2025-06-09 16:22:40.039249 / 738.845362 / Sim_time = 242.70000361651182 / 0.3284850763283745x
======[Agent] Wallclock_time = 2025-06-09 16:22:40.218141 / 739.024254 / Sim_time = 242.75000361725688 / 0.3284732183418144x
======[Agent] Wallclock_time = 2025-06-09 16:22:40.393390 / 739.199503 / Sim_time = 242.80000361800194 / 0.32846298485000075x
======[Agent] Wallclock_time = 2025-06-09 16:22:40.558587 / 739.3647 / Sim_time = 242.850003618747 / 0.3284572216681772x
======[Agent] Wallclock_time = 2025-06-09 16:22:40.727975 / 739.534088 / Sim_time = 242.90000361949205 / 0.32844959970241744x
======[Agent] Wallclock_time = 2025-06-09 16:22:40.897366 / 739.703479 / Sim_time = 242.9500036202371 / 0.3284419798953754x
======[Agent] Wallclock_time = 2025-06-09 16:22:41.056357 / 739.86247 / Sim_time = 243.00000362098217 / 0.32843898026345614x
======[Agent] Wallclock_time = 2025-06-09 16:22:41.232977 / 740.03909 / Sim_time = 243.05000362172723 / 0.3284281580228001x
======[Agent] Wallclock_time = 2025-06-09 16:22:41.382364 / 740.188477 / Sim_time = 243.1000036224723 / 0.32842942405471715x
======[Agent] Wallclock_time = 2025-06-09 16:22:41.525372 / 740.331485 / Sim_time = 243.15000362321734 / 0.3284335194655376x
======[Agent] Wallclock_time = 2025-06-09 16:22:41.652359 / 740.458472 / Sim_time = 243.2000036239624 / 0.32844471955645727x
======[Agent] Wallclock_time = 2025-06-09 16:22:41.816137 / 740.62225 / Sim_time = 243.25000362470746 / 0.3284395995193338x
======[Agent] Wallclock_time = 2025-06-09 16:22:41.987138 / 740.793251 / Sim_time = 243.30000362545252 / 0.32843127939643324x
======[Agent] Wallclock_time = 2025-06-09 16:22:42.144760 / 740.950873 / Sim_time = 243.35000362619758 / 0.3284288932841359x
======[Agent] Wallclock_time = 2025-06-09 16:22:42.311894 / 741.118007 / Sim_time = 243.40000362694263 / 0.32842229294888753x
======[Agent] Wallclock_time = 2025-06-09 16:22:42.478942 / 741.285055 / Sim_time = 243.4500036276877 / 0.32841573369094024x
======[Agent] Wallclock_time = 2025-06-09 16:22:42.656848 / 741.462961 / Sim_time = 243.50000362843275 / 0.3284043681637991x
======[Agent] Wallclock_time = 2025-06-09 16:22:42.810767 / 741.61688 / Sim_time = 243.5500036291778 / 0.3284036296821455x
======[Agent] Wallclock_time = 2025-06-09 16:22:42.971657 / 741.77777 / Sim_time = 243.60000362992287 / 0.3283998052814626x
======[Agent] Wallclock_time = 2025-06-09 16:22:43.129874 / 741.935987 / Sim_time = 243.65000363066792 / 0.328397165662086x
======[Agent] Wallclock_time = 2025-06-09 16:22:43.290515 / 742.096628 / Sim_time = 243.70000363141298 / 0.32839345449492935x
======[Agent] Wallclock_time = 2025-06-09 16:22:43.499621 / 742.305734 / Sim_time = 243.75000363215804 / 0.3283683044591079x
======[Agent] Wallclock_time = 2025-06-09 16:22:43.672735 / 742.478848 / Sim_time = 243.8000036329031 / 0.32835908515176715x
======[Agent] Wallclock_time = 2025-06-09 16:22:43.833103 / 742.639216 / Sim_time = 243.85000363364816 / 0.3283555056404973x
======[Agent] Wallclock_time = 2025-06-09 16:22:44.021279 / 742.827392 / Sim_time = 243.90000363439322 / 0.3283396357235538x
======[Agent] Wallclock_time = 2025-06-09 16:22:44.231574 / 743.037687 / Sim_time = 243.95000363513827 / 0.3283140002037852x
======[Agent] Wallclock_time = 2025-06-09 16:22:44.403731 / 743.209844 / Sim_time = 244.00000363588333 / 0.32830522536870216x
======[Agent] Wallclock_time = 2025-06-09 16:22:44.565992 / 743.372105 / Sim_time = 244.0500036366284 / 0.32830082497621216x
======[Agent] Wallclock_time = 2025-06-09 16:22:44.724559 / 743.530672 / Sim_time = 244.10000363737345 / 0.3282980575404103x
======[Agent] Wallclock_time = 2025-06-09 16:22:44.898877 / 743.70499 / Sim_time = 244.1500036381185 / 0.3282883382963186x
======[Agent] Wallclock_time = 2025-06-09 16:22:45.076961 / 743.883074 / Sim_time = 244.20000363886356 / 0.3282769616584957x
======[Agent] Wallclock_time = 2025-06-09 16:22:45.247758 / 744.053871 / Sim_time = 244.25000363960862 / 0.32826880537901704x
======[Agent] Wallclock_time = 2025-06-09 16:22:45.410786 / 744.216899 / Sim_time = 244.30000364035368 / 0.3282640796043978x
======[Agent] Wallclock_time = 2025-06-09 16:22:45.569947 / 744.37606 / Sim_time = 244.35000364109874 / 0.32826106119000864x
======[Agent] Wallclock_time = 2025-06-09 16:22:45.740061 / 744.546174 / Sim_time = 244.4000036418438 / 0.32825321507679756x
======[Agent] Wallclock_time = 2025-06-09 16:22:45.903646 / 744.709759 / Sim_time = 244.45000364258885 / 0.3282482503285398x
======[Agent] Wallclock_time = 2025-06-09 16:22:46.068157 / 744.87427 / Sim_time = 244.5000036433339 / 0.32824287970163635x
======[Agent] Wallclock_time = 2025-06-09 16:22:46.244142 / 745.050255 / Sim_time = 244.55000364407897 / 0.3282324564960017x
======[Agent] Wallclock_time = 2025-06-09 16:22:46.410345 / 745.216458 / Sim_time = 244.60000364482403 / 0.3282263465771142x
======[Agent] Wallclock_time = 2025-06-09 16:22:46.564189 / 745.370302 / Sim_time = 244.6500036455691 / 0.3282256816020656x
======[Agent] Wallclock_time = 2025-06-09 16:22:46.749532 / 745.555645 / Sim_time = 244.70000364631414 / 0.328211149732713x
======[Agent] Wallclock_time = 2025-06-09 16:22:46.940979 / 745.747092 / Sim_time = 244.7500036470592 / 0.3281939387745148x
======[Agent] Wallclock_time = 2025-06-09 16:22:47.112922 / 745.919035 / Sim_time = 244.80000364780426 / 0.3281853176765848x
======[Agent] Wallclock_time = 2025-06-09 16:22:47.298212 / 746.104325 / Sim_time = 244.85000364854932 / 0.3281708298336422x
======[Agent] Wallclock_time = 2025-06-09 16:22:47.485967 / 746.29208 / Sim_time = 244.90000364929438 / 0.32815526528705635x
======[Agent] Wallclock_time = 2025-06-09 16:22:47.661283 / 746.467396 / Sim_time = 244.95000365003943 / 0.32814517662451637x
======[Agent] Wallclock_time = 2025-06-09 16:22:47.831958 / 746.638071 / Sim_time = 245.0000036507845 / 0.32813713233978953x
======[Agent] Wallclock_time = 2025-06-09 16:22:48.012893 / 746.819006 / Sim_time = 245.05000365152955 / 0.3281245838124074x
======[Agent] Wallclock_time = 2025-06-09 16:22:48.213404 / 747.019517 / Sim_time = 245.1000036522746 / 0.32810344304408795x
======[Agent] Wallclock_time = 2025-06-09 16:22:48.422522 / 747.228635 / Sim_time = 245.15000365301967 / 0.32807853458999875x
======[Agent] Wallclock_time = 2025-06-09 16:22:48.580847 / 747.38696 / Sim_time = 245.20000365376472 / 0.3280759348247525x
======[Agent] Wallclock_time = 2025-06-09 16:22:48.778854 / 747.584967 / Sim_time = 245.25000365450978 / 0.3280559219679812x
======[Agent] Wallclock_time = 2025-06-09 16:22:48.969948 / 747.776061 / Sim_time = 245.30000365525484 / 0.3280389523144985x
======[Agent] Wallclock_time = 2025-06-09 16:22:49.162687 / 747.9688 / Sim_time = 245.3500036559999 / 0.3280212699175821x
======[Agent] Wallclock_time = 2025-06-09 16:22:49.349205 / 748.155318 / Sim_time = 245.40000365674496 / 0.3280063240162933x
======[Agent] Wallclock_time = 2025-06-09 16:22:49.517196 / 748.323309 / Sim_time = 245.45000365749002 / 0.32799950597019834x
======[Agent] Wallclock_time = 2025-06-09 16:22:49.686678 / 748.492791 / Sim_time = 245.50000365823507 / 0.32799203762297485x
======[Agent] Wallclock_time = 2025-06-09 16:22:49.859239 / 748.665352 / Sim_time = 245.55000365898013 / 0.3279832237725306x
======[Agent] Wallclock_time = 2025-06-09 16:22:50.022325 / 748.828438 / Sim_time = 245.6000036597252 / 0.3279785638712099x
======[Agent] Wallclock_time = 2025-06-09 16:22:50.177659 / 748.983772 / Sim_time = 245.65000366047025 / 0.32797730053244695x
======[Agent] Wallclock_time = 2025-06-09 16:22:50.333621 / 749.139734 / Sim_time = 245.7000036612153 / 0.32797576277732526x
======[Agent] Wallclock_time = 2025-06-09 16:22:50.499683 / 749.305796 / Sim_time = 245.75000366196036 / 0.3279698048567551x
======[Agent] Wallclock_time = 2025-06-09 16:22:50.656697 / 749.46281 / Sim_time = 245.80000366270542 / 0.3279678089629243x
======[Agent] Wallclock_time = 2025-06-09 16:22:50.842434 / 749.648547 / Sim_time = 245.85000366345048 / 0.32795324781734375x
======[Agent] Wallclock_time = 2025-06-09 16:22:51.001597 / 749.80771 / Sim_time = 245.90000366419554 / 0.32795031637361954x
======[Agent] Wallclock_time = 2025-06-09 16:22:51.157248 / 749.963361 / Sim_time = 245.9500036649406 / 0.327948921915425x
======[Agent] Wallclock_time = 2025-06-09 16:22:51.333375 / 750.139488 / Sim_time = 246.00000366568565 / 0.32793857630796974x
======[Agent] Wallclock_time = 2025-06-09 16:22:51.498009 / 750.304122 / Sim_time = 246.0500036664307 / 0.3279332586862318x
======[Agent] Wallclock_time = 2025-06-09 16:22:51.653997 / 750.46011 / Sim_time = 246.10000366717577 / 0.3279317214281441x
======[Agent] Wallclock_time = 2025-06-09 16:22:51.830005 / 750.636118 / Sim_time = 246.15000366792083 / 0.3279214386889949x
======[Agent] Wallclock_time = 2025-06-09 16:22:51.984136 / 750.790249 / Sim_time = 246.2000036686659 / 0.3279207156404481x
======[Agent] Wallclock_time = 2025-06-09 16:22:52.139376 / 750.945489 / Sim_time = 246.25000366941094 / 0.3279195086154947x
======[Agent] Wallclock_time = 2025-06-09 16:22:52.301962 / 751.108075 / Sim_time = 246.300003670156 / 0.3279150949815858x
======[Agent] Wallclock_time = 2025-06-09 16:22:52.454847 / 751.26096 / Sim_time = 246.35000367090106 / 0.32791491754873503x
======[Agent] Wallclock_time = 2025-06-09 16:22:52.614572 / 751.420685 / Sim_time = 246.40000367164612 / 0.3279117552638185x
======[Agent] Wallclock_time = 2025-06-09 16:22:52.776253 / 751.582366 / Sim_time = 246.45000367239118 / 0.3279077409390021x
======[Agent] Wallclock_time = 2025-06-09 16:22:52.928261 / 751.734374 / Sim_time = 246.50000367313623 / 0.3279079476618274x
======[Agent] Wallclock_time = 2025-06-09 16:22:53.091811 / 751.897924 / Sim_time = 246.5500036738813 / 0.32790312075759975x
======[Agent] Wallclock_time = 2025-06-09 16:22:53.251511 / 752.057624 / Sim_time = 246.60000367462635 / 0.3278999745565398x
======[Agent] Wallclock_time = 2025-06-09 16:22:53.405726 / 752.211839 / Sim_time = 246.6500036753714 / 0.3278992206557796x
======[Agent] Wallclock_time = 2025-06-09 16:22:53.554976 / 752.361089 / Sim_time = 246.70000367611647 / 0.32790063093691646x
======[Agent] Wallclock_time = 2025-06-09 16:22:53.702202 / 752.508315 / Sim_time = 246.75000367686152 / 0.3279029226061627x
======[Agent] Wallclock_time = 2025-06-09 16:22:53.858187 / 752.6643 / Sim_time = 246.80000367760658 / 0.32790139744399877x
======[Agent] Wallclock_time = 2025-06-09 16:22:54.047474 / 752.853587 / Sim_time = 246.85000367835164 / 0.32788536849062416x
======[Agent] Wallclock_time = 2025-06-09 16:22:54.219929 / 753.026042 / Sim_time = 246.9000036790967 / 0.32787667627890676x
======[Agent] Wallclock_time = 2025-06-09 16:22:54.398977 / 753.20509 / Sim_time = 246.95000367984176 / 0.32786511813764246x
======[Agent] Wallclock_time = 2025-06-09 16:22:54.589130 / 753.395243 / Sim_time = 247.00000368058681 / 0.3278487329549728x
======[Agent] Wallclock_time = 2025-06-09 16:22:54.748055 / 753.554168 / Sim_time = 247.05000368133187 / 0.32784594170725917x
======[Agent] Wallclock_time = 2025-06-09 16:22:54.890322 / 753.696435 / Sim_time = 247.10000368207693 / 0.3278503975299809x
======[Agent] Wallclock_time = 2025-06-09 16:22:55.048861 / 753.854974 / Sim_time = 247.150003682822 / 0.32784777491571887x
======[Agent] Wallclock_time = 2025-06-09 16:22:55.197473 / 754.003586 / Sim_time = 247.20000368356705 / 0.32784946971604634x
======[Agent] Wallclock_time = 2025-06-09 16:22:55.342208 / 754.148321 / Sim_time = 247.2500036843121 / 0.3278528492957592x
======[Agent] Wallclock_time = 2025-06-09 16:22:55.484388 / 754.290501 / Sim_time = 247.30000368505716 / 0.32785733812087214x
======[Agent] Wallclock_time = 2025-06-09 16:22:55.630093 / 754.436206 / Sim_time = 247.35000368580222 / 0.32786029336655254x
======[Agent] Wallclock_time = 2025-06-09 16:22:55.772575 / 754.578688 / Sim_time = 247.40000368654728 / 0.3278646478575067x
======[Agent] Wallclock_time = 2025-06-09 16:22:55.898049 / 754.704162 / Sim_time = 247.45000368729234 / 0.32787638954467935x
======[Agent] Wallclock_time = 2025-06-09 16:22:56.043147 / 754.84926 / Sim_time = 247.5000036880374 / 0.32787960315207076x
======[Agent] Wallclock_time = 2025-06-09 16:22:56.196260 / 755.002373 / Sim_time = 247.55000368878245 / 0.32787933477057785x
======[Agent] Wallclock_time = 2025-06-09 16:22:56.339374 / 755.145487 / Sim_time = 247.6000036895275 / 0.32788340799038573x
======[Agent] Wallclock_time = 2025-06-09 16:22:56.488965 / 755.295078 / Sim_time = 247.65000369027257 / 0.32788466788552895x
======[Agent] Wallclock_time = 2025-06-09 16:22:56.635423 / 755.441536 / Sim_time = 247.70000369101763 / 0.3278872871026918x
======[Agent] Wallclock_time = 2025-06-09 16:22:56.788173 / 755.594286 / Sim_time = 247.75000369176269 / 0.32788717489664526x
======[Agent] Wallclock_time = 2025-06-09 16:22:56.926446 / 755.732559 / Sim_time = 247.80000369250774 / 0.32789334381339513x
======[Agent] Wallclock_time = 2025-06-09 16:22:57.104664 / 755.910777 / Sim_time = 247.8500036932528 / 0.32788218312578665x
======[Agent] Wallclock_time = 2025-06-09 16:22:57.249628 / 756.055741 / Sim_time = 247.90000369399786 / 0.32788544860550073x
======[Agent] Wallclock_time = 2025-06-09 16:22:57.432694 / 756.238807 / Sim_time = 247.95000369474292 / 0.3278721926558713x
======[Agent] Wallclock_time = 2025-06-09 16:22:57.565557 / 756.37167 / Sim_time = 248.00000369548798 / 0.3278807042241333x
======[Agent] Wallclock_time = 2025-06-09 16:22:57.702354 / 756.508467 / Sim_time = 248.05000369623303 / 0.3278875077134138x
======[Agent] Wallclock_time = 2025-06-09 16:22:57.853439 / 756.659552 / Sim_time = 248.1000036969781 / 0.32788811712359245x
======[Agent] Wallclock_time = 2025-06-09 16:22:57.996802 / 756.802915 / Sim_time = 248.15000369772315 / 0.32789207188195263x
======[Agent] Wallclock_time = 2025-06-09 16:22:58.136752 / 756.942865 / Sim_time = 248.2000036984682 / 0.3278975035995149x
======[Agent] Wallclock_time = 2025-06-09 16:22:58.278514 / 757.084627 / Sim_time = 248.25000369921327 / 0.327902148509832x
======[Agent] Wallclock_time = 2025-06-09 16:22:58.416933 / 757.223046 / Sim_time = 248.30000369995832 / 0.32790823932704105x
======[Agent] Wallclock_time = 2025-06-09 16:22:58.555471 / 757.361584 / Sim_time = 248.35000370070338 / 0.3279142763945986x
======[Agent] Wallclock_time = 2025-06-09 16:22:58.694351 / 757.500464 / Sim_time = 248.40000370144844 / 0.32792016320307527x
======[Agent] Wallclock_time = 2025-06-09 16:22:58.849241 / 757.655354 / Sim_time = 248.4500037021935 / 0.32791911846382205x
======[Agent] Wallclock_time = 2025-06-09 16:22:58.982769 / 757.788882 / Sim_time = 248.50000370293856 / 0.3279273181202736x
======[Agent] Wallclock_time = 2025-06-09 16:22:59.128031 / 757.934144 / Sim_time = 248.55000370368361 / 0.3279304379421726x
======[Agent] Wallclock_time = 2025-06-09 16:22:59.274668 / 758.080781 / Sim_time = 248.60000370442867 / 0.3279329617663357x
======[Agent] Wallclock_time = 2025-06-09 16:22:59.420475 / 758.226588 / Sim_time = 248.65000370517373 / 0.3279358435915599x
======[Agent] Wallclock_time = 2025-06-09 16:22:59.565963 / 758.372076 / Sim_time = 248.7000037059188 / 0.3279388622519067x
======[Agent] Wallclock_time = 2025-06-09 16:22:59.696722 / 758.502835 / Sim_time = 248.75000370666385 / 0.3279482478907491x
======[Agent] Wallclock_time = 2025-06-09 16:22:59.837819 / 758.643932 / Sim_time = 248.8000037074089 / 0.3279531612390827x
======[Agent] Wallclock_time = 2025-06-09 16:22:59.965153 / 758.771266 / Sim_time = 248.85000370815396 / 0.32796402143163467x
======[Agent] Wallclock_time = 2025-06-09 16:23:00.111259 / 758.917372 / Sim_time = 248.90000370889902 / 0.3279667654545844x
======[Agent] Wallclock_time = 2025-06-09 16:23:00.262652 / 759.068765 / Sim_time = 248.95000370964408 / 0.32796722407938894x
======[Agent] Wallclock_time = 2025-06-09 16:23:00.423812 / 759.229925 / Sim_time = 249.00000371038914 / 0.3279634634355669x
======[Agent] Wallclock_time = 2025-06-09 16:23:00.578364 / 759.384477 / Sim_time = 249.0500037111342 / 0.3279625582188138x
======[Agent] Wallclock_time = 2025-06-09 16:23:00.717511 / 759.523624 / Sim_time = 249.10000371187925 / 0.3279683052275593x
======[Agent] Wallclock_time = 2025-06-09 16:23:00.868758 / 759.674871 / Sim_time = 249.1500037126243 / 0.3279688262109148x
======[Agent] Wallclock_time = 2025-06-09 16:23:01.015569 / 759.821682 / Sim_time = 249.20000371336937 / 0.3279712617388926x
======[Agent] Wallclock_time = 2025-06-09 16:23:01.159909 / 759.966022 / Sim_time = 249.25000371411443 / 0.3279747627182097x
======[Agent] Wallclock_time = 2025-06-09 16:23:01.298398 / 760.104511 / Sim_time = 249.30000371485949 / 0.3279807870184742x
======[Agent] Wallclock_time = 2025-06-09 16:23:01.431923 / 760.238036 / Sim_time = 249.35000371560454 / 0.3279889507220786x
======[Agent] Wallclock_time = 2025-06-09 16:23:01.559841 / 760.365954 / Sim_time = 249.4000037163496 / 0.32799953023254297x
======[Agent] Wallclock_time = 2025-06-09 16:23:01.713063 / 760.519176 / Sim_time = 249.45000371709466 / 0.3279991926435028x
======[Agent] Wallclock_time = 2025-06-09 16:23:01.854763 / 760.660876 / Sim_time = 249.50000371783972 / 0.3280038234988915x
======[Agent] Wallclock_time = 2025-06-09 16:23:01.986475 / 760.792588 / Sim_time = 249.55000371858478 / 0.32801275885435666x
======[Agent] Wallclock_time = 2025-06-09 16:23:02.144440 / 760.950553 / Sim_time = 249.60000371932983 / 0.32801037429426183x
======[Agent] Wallclock_time = 2025-06-09 16:23:02.296110 / 761.102223 / Sim_time = 249.6500037200749 / 0.3280107036415413x
======[Agent] Wallclock_time = 2025-06-09 16:23:02.439761 / 761.245874 / Sim_time = 249.70000372081995 / 0.32801448813676176x
======[Agent] Wallclock_time = 2025-06-09 16:23:02.597750 / 761.403863 / Sim_time = 249.750003721565 / 0.3280120942983326x
======[Agent] Wallclock_time = 2025-06-09 16:23:02.743874 / 761.549987 / Sim_time = 249.80000372231007 / 0.3280148118596163x
======[Agent] Wallclock_time = 2025-06-09 16:23:02.903268 / 761.709381 / Sim_time = 249.85000372305512 / 0.32801181388002526x
======[Agent] Wallclock_time = 2025-06-09 16:23:03.047934 / 761.854047 / Sim_time = 249.90000372380018 / 0.32801515814306886x
======[Agent] Wallclock_time = 2025-06-09 16:23:03.183122 / 761.989235 / Sim_time = 249.95000372454524 / 0.32802258118773037x
======[Agent] Wallclock_time = 2025-06-09 16:23:03.339933 / 762.146046 / Sim_time = 250.0000037252903 / 0.32802069500547576x
======[Agent] Wallclock_time = 2025-06-09 16:23:03.478720 / 762.284833 / Sim_time = 250.05000372603536 / 0.32802656549703363x
======[Agent] Wallclock_time = 2025-06-09 16:23:03.613492 / 762.419605 / Sim_time = 250.10000372678041 / 0.32803416131018703x
======[Agent] Wallclock_time = 2025-06-09 16:23:03.765686 / 762.571799 / Sim_time = 250.15000372752547 / 0.328034259883856x
======[Agent] Wallclock_time = 2025-06-09 16:23:03.892685 / 762.698798 / Sim_time = 250.20000372827053 / 0.32804519469437504x
======[Agent] Wallclock_time = 2025-06-09 16:23:04.030155 / 762.836268 / Sim_time = 250.2500037290156 / 0.3280516228384054x
======[Agent] Wallclock_time = 2025-06-09 16:23:04.203446 / 763.009559 / Sim_time = 250.30000372976065 / 0.3280426473492101x
======[Agent] Wallclock_time = 2025-06-09 16:23:04.342610 / 763.148723 / Sim_time = 250.3500037305057 / 0.32804834514826353x
======[Agent] Wallclock_time = 2025-06-09 16:23:04.496500 / 763.302613 / Sim_time = 250.40000373125076 / 0.32804771190209314x
======[Agent] Wallclock_time = 2025-06-09 16:23:04.639711 / 763.445824 / Sim_time = 250.45000373199582 / 0.32805166759328325x
======[Agent] Wallclock_time = 2025-06-09 16:23:04.772537 / 763.57865 / Sim_time = 250.50000373274088 / 0.3280600834932425x
======[Agent] Wallclock_time = 2025-06-09 16:23:04.908210 / 763.714323 / Sim_time = 250.55000373348594 / 0.3280672734825905x
======[Agent] Wallclock_time = 2025-06-09 16:23:05.051724 / 763.857837 / Sim_time = 250.600003734231 / 0.3280710932381751x
======[Agent] Wallclock_time = 2025-06-09 16:23:05.184850 / 763.990963 / Sim_time = 250.65000373497605 / 0.3280793723938377x
======[Agent] Wallclock_time = 2025-06-09 16:23:05.337530 / 764.143643 / Sim_time = 250.7000037357211 / 0.3280792530998887x
======[Agent] Wallclock_time = 2025-06-09 16:23:05.480003 / 764.286116 / Sim_time = 250.75000373646617 / 0.3280835153270675x
======[Agent] Wallclock_time = 2025-06-09 16:23:05.612937 / 764.41905 / Sim_time = 250.80000373721123 / 0.328091870087933x
======[Agent] Wallclock_time = 2025-06-09 16:23:05.763939 / 764.570052 / Sim_time = 250.85000373795629 / 0.32809246842627815x
======[Agent] Wallclock_time = 2025-06-09 16:23:05.929286 / 764.735399 / Sim_time = 250.90000373870134 / 0.3280869121265684x
======[Agent] Wallclock_time = 2025-06-09 16:23:06.085373 / 764.891486 / Sim_time = 250.9500037394464 / 0.3280853300727109x
======[Agent] Wallclock_time = 2025-06-09 16:23:06.235274 / 765.041387 / Sim_time = 251.00000374019146 / 0.3280864014926685x
======[Agent] Wallclock_time = 2025-06-09 16:23:06.376475 / 765.182588 / Sim_time = 251.05000374093652 / 0.3280912027884954x
======[Agent] Wallclock_time = 2025-06-09 16:23:06.508157 / 765.31427 / Sim_time = 251.10000374168158 / 0.32810008317445644x
======[Agent] Wallclock_time = 2025-06-09 16:23:06.639733 / 765.445846 / Sim_time = 251.15000374242663 / 0.3281090059419053x
======[Agent] Wallclock_time = 2025-06-09 16:23:06.777646 / 765.583759 / Sim_time = 251.2000037431717 / 0.3281152097009963x
======[Agent] Wallclock_time = 2025-06-09 16:23:06.916442 / 765.722555 / Sim_time = 251.25000374391675 / 0.3281210328496643x
======[Agent] Wallclock_time = 2025-06-09 16:23:07.050862 / 765.856975 / Sim_time = 251.3000037446618 / 0.32812872875634913x
======[Agent] Wallclock_time = 2025-06-09 16:23:07.190483 / 765.996596 / Sim_time = 251.35000374540687 / 0.3281341939686804x
======[Agent] Wallclock_time = 2025-06-09 16:23:07.341648 / 766.147761 / Sim_time = 251.40000374615192 / 0.32813471292183155x
======[Agent] Wallclock_time = 2025-06-09 16:23:07.497935 / 766.304048 / Sim_time = 251.45000374689698 / 0.3281330384070457x
======[Agent] Wallclock_time = 2025-06-09 16:23:07.647777 / 766.45389 / Sim_time = 251.50000374764204 / 0.3281341237807773x
======[Agent] Wallclock_time = 2025-06-09 16:23:07.794151 / 766.600264 / Sim_time = 251.5500037483871 / 0.3281366931693281x
======[Agent] Wallclock_time = 2025-06-09 16:23:07.935084 / 766.741197 / Sim_time = 251.60000374913216 / 0.32814159013754157x
======[Agent] Wallclock_time = 2025-06-09 16:23:08.095146 / 766.901259 / Sim_time = 251.65000374987721 / 0.3281383002809452x
======[Agent] Wallclock_time = 2025-06-09 16:23:08.237202 / 767.043315 / Sim_time = 251.70000375062227 / 0.32814271461046196x
======[Agent] Wallclock_time = 2025-06-09 16:23:08.367060 / 767.173173 / Sim_time = 251.75000375136733 / 0.3281523448148812x
======[Agent] Wallclock_time = 2025-06-09 16:23:08.503154 / 767.309267 / Sim_time = 251.8000037521124 / 0.3281593047576313x
======[Agent] Wallclock_time = 2025-06-09 16:23:08.682750 / 767.488863 / Sim_time = 251.85000375285745 / 0.32814766147974184x
======[Agent] Wallclock_time = 2025-06-09 16:23:08.818574 / 767.624687 / Sim_time = 251.9000037536025 / 0.328154734813613x
======[Agent] Wallclock_time = 2025-06-09 16:23:08.933484 / 767.739597 / Sim_time = 251.95000375434756 / 0.32817074509132355x
======[Agent] Wallclock_time = 2025-06-09 16:23:09.043762 / 767.849875 / Sim_time = 252.00000375509262 / 0.3281887303378962x
======[Agent] Wallclock_time = 2025-06-09 16:23:09.160870 / 767.966983 / Sim_time = 252.05000375583768 / 0.3282037914799863x
======[Agent] Wallclock_time = 2025-06-09 16:23:09.291834 / 768.097947 / Sim_time = 252.10000375658274 / 0.32821292717718403x
======[Agent] Wallclock_time = 2025-06-09 16:23:09.449180 / 768.255293 / Sim_time = 252.1500037573278 / 0.32821078858032576x
======[Agent] Wallclock_time = 2025-06-09 16:23:09.555350 / 768.361463 / Sim_time = 252.20000375807285 / 0.32823051086251837x
======[Agent] Wallclock_time = 2025-06-09 16:23:09.679501 / 768.485614 / Sim_time = 252.2500037588179 / 0.32824254731757485x
======[Agent] Wallclock_time = 2025-06-09 16:23:09.787754 / 768.593867 / Sim_time = 252.30000375956297 / 0.3282613696658515x
======[Agent] Wallclock_time = 2025-06-09 16:23:09.924493 / 768.730606 / Sim_time = 252.35000376030803 / 0.3282680220127544x
======[Agent] Wallclock_time = 2025-06-09 16:23:10.040967 / 768.84708 / Sim_time = 252.40000376105309 / 0.3282833245301895x
======[Agent] Wallclock_time = 2025-06-09 16:23:10.159951 / 768.966064 / Sim_time = 252.45000376179814 / 0.3282975508061528x
======[Agent] Wallclock_time = 2025-06-09 16:23:10.258256 / 769.064369 / Sim_time = 252.5000037625432 / 0.3283206004853187x
======[Agent] Wallclock_time = 2025-06-09 16:23:10.371946 / 769.178059 / Sim_time = 252.55000376328826 / 0.3283370767940892x
======[Agent] Wallclock_time = 2025-06-09 16:23:10.488203 / 769.294316 / Sim_time = 252.60000376403332 / 0.3283524525762657x
======[Agent] Wallclock_time = 2025-06-09 16:23:10.601839 / 769.407952 / Sim_time = 252.65000376477838 / 0.32836894230050284x
======[Agent] Wallclock_time = 2025-06-09 16:23:10.716403 / 769.522516 / Sim_time = 252.70000376552343 / 0.32838503114117107x
======[Agent] Wallclock_time = 2025-06-09 16:23:10.846694 / 769.652807 / Sim_time = 252.7500037662685 / 0.32839440468884534x
======[Agent] Wallclock_time = 2025-06-09 16:23:10.962411 / 769.768524 / Sim_time = 252.80000376701355 / 0.3284099927123298x
======[Agent] Wallclock_time = 2025-06-09 16:23:11.093192 / 769.899305 / Sim_time = 252.8500037677586 / 0.3284191500193763x
======[Agent] Wallclock_time = 2025-06-09 16:23:11.217500 / 770.023613 / Sim_time = 252.90000376850367 / 0.3284310650580512x
======[Agent] Wallclock_time = 2025-06-09 16:23:11.360764 / 770.166877 / Sim_time = 252.95000376924872 / 0.3284348923439308x
======[Agent] Wallclock_time = 2025-06-09 16:23:11.468274 / 770.274387 / Sim_time = 253.00000376999378 / 0.32845396340048677x
======[Agent] Wallclock_time = 2025-06-09 16:23:11.613406 / 770.419519 / Sim_time = 253.05000377073884 / 0.3284569887873649x
======[Agent] Wallclock_time = 2025-06-09 16:23:11.746743 / 770.552856 / Sim_time = 253.1000037714839 / 0.32846504082835176x
======[Agent] Wallclock_time = 2025-06-09 16:23:11.861646 / 770.667759 / Sim_time = 253.15000377222896 / 0.3284809469903904x
======[Agent] Wallclock_time = 2025-06-09 16:23:11.987230 / 770.793343 / Sim_time = 253.20000377297401 / 0.32849229638543676x
======[Agent] Wallclock_time = 2025-06-09 16:23:12.098043 / 770.904156 / Sim_time = 253.25000377371907 / 0.328509936407429x
======[Agent] Wallclock_time = 2025-06-09 16:23:12.257015 / 771.063128 / Sim_time = 253.30000377446413 / 0.32850705223634025x
======[Agent] Wallclock_time = 2025-06-09 16:23:12.380491 / 771.186604 / Sim_time = 253.3500037752092 / 0.3285192895491733x
======[Agent] Wallclock_time = 2025-06-09 16:23:12.498724 / 771.304837 / Sim_time = 253.40000377595425 / 0.32853375615768127x
======[Agent] Wallclock_time = 2025-06-09 16:23:12.660379 / 771.466492 / Sim_time = 253.4500037766993 / 0.3285297260155964x
======[Agent] Wallclock_time = 2025-06-09 16:23:12.778495 / 771.584608 / Sim_time = 253.50000377744436 / 0.3285442355962715x
======[Agent] Wallclock_time = 2025-06-09 16:23:12.901340 / 771.707453 / Sim_time = 253.55000377818942 / 0.32855672733986424x
======[Agent] Wallclock_time = 2025-06-09 16:23:13.028102 / 771.834215 / Sim_time = 253.60000377893448 / 0.32856754764543167x
======[Agent] Wallclock_time = 2025-06-09 16:23:13.174899 / 771.981012 / Sim_time = 253.65000377967954 / 0.3285698369092045x
======[Agent] Wallclock_time = 2025-06-09 16:23:13.296894 / 772.103007 / Sim_time = 253.7000037804246 / 0.3285826798984927x
======[Agent] Wallclock_time = 2025-06-09 16:23:13.431408 / 772.237521 / Sim_time = 253.75000378116965 / 0.32859019186530536x
======[Agent] Wallclock_time = 2025-06-09 16:23:13.549629 / 772.355742 / Sim_time = 253.8000037819147 / 0.32860463304133974x
======[Agent] Wallclock_time = 2025-06-09 16:23:13.674711 / 772.480824 / Sim_time = 253.85000378265977 / 0.3286161510806755x
======[Agent] Wallclock_time = 2025-06-09 16:23:13.790321 / 772.596434 / Sim_time = 253.90000378340483 / 0.3286316943467933x
======[Agent] Wallclock_time = 2025-06-09 16:23:13.910855 / 772.716968 / Sim_time = 253.95000378414989 / 0.3286451387191632x
======[Agent] Wallclock_time = 2025-06-09 16:23:14.020624 / 772.826737 / Sim_time = 254.00000378489494 / 0.32866315690335396x
======[Agent] Wallclock_time = 2025-06-09 16:23:14.145872 / 772.951985 / Sim_time = 254.05000378564 / 0.3286745878672556x
======[Agent] Wallclock_time = 2025-06-09 16:23:14.269422 / 773.075535 / Sim_time = 254.10000378638506 / 0.32868673705946216x
======[Agent] Wallclock_time = 2025-06-09 16:23:14.393736 / 773.199849 / Sim_time = 254.15000378713012 / 0.32869855758155037x
======[Agent] Wallclock_time = 2025-06-09 16:23:14.504919 / 773.311032 / Sim_time = 254.20000378787518 / 0.328715955874168x
======[Agent] Wallclock_time = 2025-06-09 16:23:14.628706 / 773.434819 / Sim_time = 254.25000378862023 / 0.32872799208775755x
======[Agent] Wallclock_time = 2025-06-09 16:23:14.750742 / 773.556855 / Sim_time = 254.3000037893653 / 0.32874076857427204x
======[Agent] Wallclock_time = 2025-06-09 16:23:14.874348 / 773.680461 / Sim_time = 254.35000379011035 / 0.3287528739041484x
======[Agent] Wallclock_time = 2025-06-09 16:23:14.981119 / 773.787232 / Sim_time = 254.4000037908554 / 0.3287721281742825x
======[Agent] Wallclock_time = 2025-06-09 16:23:15.101164 / 773.907277 / Sim_time = 254.45000379160047 / 0.32878573773362096x
======[Agent] Wallclock_time = 2025-06-09 16:23:15.235908 / 774.042021 / Sim_time = 254.50000379234552 / 0.328793099204683x
======[Agent] Wallclock_time = 2025-06-09 16:23:15.372849 / 774.178962 / Sim_time = 254.55000379309058 / 0.3287995250296734x
======[Agent] Wallclock_time = 2025-06-09 16:23:15.491331 / 774.297444 / Sim_time = 254.60000379383564 / 0.3288137871988745x
======[Agent] Wallclock_time = 2025-06-09 16:23:15.613826 / 774.419939 / Sim_time = 254.6500037945807 / 0.32882634103799807x
======[Agent] Wallclock_time = 2025-06-09 16:23:15.732301 / 774.538414 / Sim_time = 254.70000379532576 / 0.328840597639781x
======[Agent] Wallclock_time = 2025-06-09 16:23:15.830756 / 774.636869 / Sim_time = 254.7500037960708 / 0.3288633489154541x
======[Agent] Wallclock_time = 2025-06-09 16:23:15.961087 / 774.7672 / Sim_time = 254.80000379681587 / 0.32887256317026936x
======[Agent] Wallclock_time = 2025-06-09 16:23:16.091136 / 774.897249 / Sim_time = 254.85000379756093 / 0.32888189401181744x
======[Agent] Wallclock_time = 2025-06-09 16:23:16.207446 / 775.013559 / Sim_time = 254.900003798306 / 0.32889705211112813x
======[Agent] Wallclock_time = 2025-06-09 16:23:16.320004 / 775.126117 / Sim_time = 254.95000379905105 / 0.3289137977597693x
======[Agent] Wallclock_time = 2025-06-09 16:23:16.440067 / 775.24618 / Sim_time = 255.0000037997961 / 0.3289273542404838x
======[Agent] Wallclock_time = 2025-06-09 16:23:16.579754 / 775.385867 / Sim_time = 255.05000380054116 / 0.3289325814703813x
======[Agent] Wallclock_time = 2025-06-09 16:23:16.718573 / 775.524686 / Sim_time = 255.10000380128622 / 0.3289381749778514x
======[Agent] Wallclock_time = 2025-06-09 16:23:16.841057 / 775.64717 / Sim_time = 255.15000380203128 / 0.3289506939751193x
======[Agent] Wallclock_time = 2025-06-09 16:23:16.995364 / 775.801477 / Sim_time = 255.20000380277634 / 0.3289497151254602x
======[Agent] Wallclock_time = 2025-06-09 16:23:17.102752 / 775.908865 / Sim_time = 255.2500038035214 / 0.3289686280809452x
======[Agent] Wallclock_time = 2025-06-09 16:23:17.220960 / 776.027073 / Sim_time = 255.30000380426645 / 0.3289829487963208x
======[Agent] Wallclock_time = 2025-06-09 16:23:17.345257 / 776.15137 / Sim_time = 255.3500038050115 / 0.32899468413014255x
======[Agent] Wallclock_time = 2025-06-09 16:23:17.482662 / 776.288775 / Sim_time = 255.40000380575657 / 0.3290008602853961x
======[Agent] Wallclock_time = 2025-06-09 16:23:17.606458 / 776.412571 / Sim_time = 255.45000380650163 / 0.32901280109966247x
======[Agent] Wallclock_time = 2025-06-09 16:23:17.732107 / 776.53822 / Sim_time = 255.50000380724669 / 0.32902395297850723x
======[Agent] Wallclock_time = 2025-06-09 16:23:17.850867 / 776.65698 / Sim_time = 255.55000380799174 / 0.3290380198089148x
======[Agent] Wallclock_time = 2025-06-09 16:23:17.966423 / 776.772536 / Sim_time = 255.6000038087368 / 0.3290534395970164x
======[Agent] Wallclock_time = 2025-06-09 16:23:18.085042 / 776.891155 / Sim_time = 255.65000380948186 / 0.3290675574005273x
======[Agent] Wallclock_time = 2025-06-09 16:23:18.202076 / 777.008189 / Sim_time = 255.70000381022692 / 0.32908234217835863x
======[Agent] Wallclock_time = 2025-06-09 16:23:18.345563 / 777.151676 / Sim_time = 255.75000381097198 / 0.3290859205778145x
======[Agent] Wallclock_time = 2025-06-09 16:23:18.479478 / 777.285591 / Sim_time = 255.80000381171703 / 0.32909355027290965x
======[Agent] Wallclock_time = 2025-06-09 16:23:18.623048 / 777.429161 / Sim_time = 255.8500038124621 / 0.3290970901918251x
======[Agent] Wallclock_time = 2025-06-09 16:23:18.751600 / 777.557713 / Sim_time = 255.90000381320715 / 0.32910698515085274x
======[Agent] Wallclock_time = 2025-06-09 16:23:18.869389 / 777.675502 / Sim_time = 255.9500038139522 / 0.32912143179806685x
======[Agent] Wallclock_time = 2025-06-09 16:23:18.978818 / 777.784931 / Sim_time = 256.00000381469727 / 0.3291394117730541x
======[Agent] Wallclock_time = 2025-06-09 16:23:19.113455 / 777.919568 / Sim_time = 256.0500038154423 / 0.32914672056266076x
======[Agent] Wallclock_time = 2025-06-09 16:23:19.251272 / 778.057385 / Sim_time = 256.1000038161874 / 0.32915268153840077x
======[Agent] Wallclock_time = 2025-06-09 16:23:19.365721 / 778.171834 / Sim_time = 256.15000381693244 / 0.32916852481248715x
======[Agent] Wallclock_time = 2025-06-09 16:23:19.496087 / 778.3022 / Sim_time = 256.2000038176775 / 0.32917763131087924x
======[Agent] Wallclock_time = 2025-06-09 16:23:19.615269 / 778.421382 / Sim_time = 256.25000381842256 / 0.3291914643564586x
======[Agent] Wallclock_time = 2025-06-09 16:23:19.754251 / 778.560364 / Sim_time = 256.3000038191676 / 0.3291969209753486x
======[Agent] Wallclock_time = 2025-06-09 16:23:19.876869 / 778.682982 / Sim_time = 256.3500038199127 / 0.32920929381582253x
======[Agent] Wallclock_time = 2025-06-09 16:23:19.998058 / 778.804171 / Sim_time = 256.40000382065773 / 0.32922226683656386x
======[Agent] Wallclock_time = 2025-06-09 16:23:20.135387 / 778.9415 / Sim_time = 256.4500038214028 / 0.32922841393479335x
======[Agent] Wallclock_time = 2025-06-09 16:23:20.254331 / 779.060444 / Sim_time = 256.50000382214785 / 0.3292423284422581x
======[Agent] Wallclock_time = 2025-06-09 16:23:20.378831 / 779.184944 / Sim_time = 256.5500038228929 / 0.32925389093375756x
======[Agent] Wallclock_time = 2025-06-09 16:23:20.511574 / 779.317687 / Sim_time = 256.60000382363796 / 0.3292619670284359x
======[Agent] Wallclock_time = 2025-06-09 16:23:20.769356 / 779.575469 / Sim_time = 256.650003824383 / 0.3292172275974418x
======[Agent] Wallclock_time = 2025-06-09 16:23:20.909577 / 779.71569 / Sim_time = 256.7000038251281 / 0.3292221483999888x
======[Agent] Wallclock_time = 2025-06-09 16:23:21.024695 / 779.830808 / Sim_time = 256.75000382587314 / 0.3292376653426698x
======[Agent] Wallclock_time = 2025-06-09 16:23:21.154002 / 779.960115 / Sim_time = 256.8000038266182 / 0.32924718795323304x
======[Agent] Wallclock_time = 2025-06-09 16:23:21.287166 / 780.093279 / Sim_time = 256.85000382736325 / 0.3292550794714433x
======[Agent] Wallclock_time = 2025-06-09 16:23:21.419836 / 780.225949 / Sim_time = 256.9000038281083 / 0.3292631767684665x
======[Agent] Wallclock_time = 2025-06-09 16:23:21.559084 / 780.365197 / Sim_time = 256.95000382885337 / 0.32926849576091183x
======[Agent] Wallclock_time = 2025-06-09 16:23:21.674621 / 780.480734 / Sim_time = 257.0000038295984 / 0.3292838161790964x
======[Agent] Wallclock_time = 2025-06-09 16:23:21.811615 / 780.617728 / Sim_time = 257.0500038303435 / 0.3292900805607414x
======[Agent] Wallclock_time = 2025-06-09 16:23:21.913079 / 780.719192 / Sim_time = 257.10000383108854 / 0.32931132877768393x
======[Agent] Wallclock_time = 2025-06-09 16:23:22.037835 / 780.843948 / Sim_time = 257.1500038318336 / 0.32932274773689596x
======[Agent] Wallclock_time = 2025-06-09 16:23:22.161200 / 780.967313 / Sim_time = 257.20000383257866 / 0.32933474963225384x
======[Agent] Wallclock_time = 2025-06-09 16:23:22.275782 / 781.081895 / Sim_time = 257.2500038333237 / 0.3293504511237872x
======[Agent] Wallclock_time = 2025-06-09 16:23:22.388463 / 781.194576 / Sim_time = 257.3000038340688 / 0.3293669495051887x
======[Agent] Wallclock_time = 2025-06-09 16:23:22.496796 / 781.302909 / Sim_time = 257.35000383481383 / 0.32938527616507013x
======[Agent] Wallclock_time = 2025-06-09 16:23:22.606125 / 781.412238 / Sim_time = 257.4000038355589 / 0.3294031778810982x
======[Agent] Wallclock_time = 2025-06-09 16:23:22.726914 / 781.533027 / Sim_time = 257.45000383630395 / 0.32941624413277654x
======[Agent] Wallclock_time = 2025-06-09 16:23:22.832382 / 781.638495 / Sim_time = 257.500003837049 / 0.3294357635255483x
======[Agent] Wallclock_time = 2025-06-09 16:23:22.947048 / 781.753161 / Sim_time = 257.55000383779407 / 0.329451401331005x
======[Agent] Wallclock_time = 2025-06-09 16:23:23.049418 / 781.855531 / Sim_time = 257.6000038385391 / 0.32947221596917137x
======[Agent] Wallclock_time = 2025-06-09 16:23:23.169333 / 781.975446 / Sim_time = 257.6500038392842 / 0.32948563240904083x
======[Agent] Wallclock_time = 2025-06-09 16:23:23.299647 / 782.10576 / Sim_time = 257.70000384002924 / 0.32949466366973895x
======[Agent] Wallclock_time = 2025-06-09 16:23:23.447922 / 782.254035 / Sim_time = 257.7500038407743 / 0.32949612633784364x
======[Agent] Wallclock_time = 2025-06-09 16:23:23.589266 / 782.395379 / Sim_time = 257.80000384151936 / 0.32950050736561415x
======[Agent] Wallclock_time = 2025-06-09 16:23:23.723180 / 782.529293 / Sim_time = 257.8500038422644 / 0.32950801540696956x
======[Agent] Wallclock_time = 2025-06-09 16:23:23.841804 / 782.647917 / Sim_time = 257.9000038430095 / 0.3295219583661795x
======[Agent] Wallclock_time = 2025-06-09 16:23:23.947951 / 782.754064 / Sim_time = 257.95000384375453 / 0.32954114985291816x
======[Agent] Wallclock_time = 2025-06-09 16:23:24.072003 / 782.878116 / Sim_time = 258.0000038444996 / 0.32955279885700717x
======[Agent] Wallclock_time = 2025-06-09 16:23:24.187734 / 782.993847 / Sim_time = 258.05000384524465 / 0.3295679464991992x
======[Agent] Wallclock_time = 2025-06-09 16:23:24.321194 / 783.127307 / Sim_time = 258.1000038459897 / 0.32957562833441256x
======[Agent] Wallclock_time = 2025-06-09 16:23:24.445273 / 783.251386 / Sim_time = 258.15000384673476 / 0.32958725496526575x
======[Agent] Wallclock_time = 2025-06-09 16:23:24.580671 / 783.386784 / Sim_time = 258.2000038474798 / 0.3295941156104112x
======[Agent] Wallclock_time = 2025-06-09 16:23:24.726481 / 783.532594 / Sim_time = 258.2500038482249 / 0.3295965939760649x
======[Agent] Wallclock_time = 2025-06-09 16:23:24.857643 / 783.663756 / Sim_time = 258.30000384896994 / 0.32960523217528737x
======[Agent] Wallclock_time = 2025-06-09 16:23:24.984503 / 783.790616 / Sim_time = 258.350003849715 / 0.3296156766363204x
======[Agent] Wallclock_time = 2025-06-09 16:23:25.108906 / 783.915019 / Sim_time = 258.40000385046005 / 0.32962715085231603x
======[Agent] Wallclock_time = 2025-06-09 16:23:25.225546 / 784.031659 / Sim_time = 258.4500038512051 / 0.32964188530213395x
======[Agent] Wallclock_time = 2025-06-09 16:23:25.349230 / 784.155343 / Sim_time = 258.50000385195017 / 0.32965365409529074x
======[Agent] Wallclock_time = 2025-06-09 16:23:25.470658 / 784.276771 / Sim_time = 258.5500038526952 / 0.3296663674695623x
======[Agent] Wallclock_time = 2025-06-09 16:23:25.576060 / 784.382173 / Sim_time = 258.6000038534403 / 0.3296858126932821x
======[Agent] Wallclock_time = 2025-06-09 16:23:25.703971 / 784.510084 / Sim_time = 258.65000385418534 / 0.32969579286936546x
======[Agent] Wallclock_time = 2025-06-09 16:23:25.839555 / 784.645668 / Sim_time = 258.7000038549304 / 0.3297025456239246x
======[Agent] Wallclock_time = 2025-06-09 16:23:25.958742 / 784.764855 / Sim_time = 258.75000385567546 / 0.329716185034166x
======[Agent] Wallclock_time = 2025-06-09 16:23:26.092842 / 784.898955 / Sim_time = 258.8000038564205 / 0.329723555477106x
======[Agent] Wallclock_time = 2025-06-09 16:23:26.228941 / 785.035054 / Sim_time = 258.8500038571656 / 0.3297300837818152x
======[Agent] Wallclock_time = 2025-06-09 16:23:26.354063 / 785.160176 / Sim_time = 258.90000385791063 / 0.32974121972876386x
======[Agent] Wallclock_time = 2025-06-09 16:23:26.491966 / 785.298079 / Sim_time = 258.9500038586557 / 0.32974698529941315x
======[Agent] Wallclock_time = 2025-06-09 16:23:26.628003 / 785.434116 / Sim_time = 259.00000385940075 / 0.3297535322566361x
======[Agent] Wallclock_time = 2025-06-09 16:23:26.748366 / 785.554479 / Sim_time = 259.0500038601458 / 0.32976665657009036x
======[Agent] Wallclock_time = 2025-06-09 16:23:26.861144 / 785.667257 / Sim_time = 259.10000386089087 / 0.3297829606228967x
======[Agent] Wallclock_time = 2025-06-09 16:23:26.971101 / 785.777214 / Sim_time = 259.1500038616359 / 0.32980044399861147x
======[Agent] Wallclock_time = 2025-06-09 16:23:27.092421 / 785.898534 / Sim_time = 259.200003862381 / 0.32981315377950204x
======[Agent] Wallclock_time = 2025-06-09 16:23:27.207392 / 786.013505 / Sim_time = 259.25000386312604 / 0.3298285237918428x
======[Agent] Wallclock_time = 2025-06-09 16:23:27.327336 / 786.133449 / Sim_time = 259.3000038638711 / 0.3298418027523319x
======[Agent] Wallclock_time = 2025-06-09 16:23:27.439325 / 786.245438 / Sim_time = 259.35000386461616 / 0.3298584150337558x
======[Agent] Wallclock_time = 2025-06-09 16:23:27.569308 / 786.375421 / Sim_time = 259.4000038653612 / 0.32986747432672736x
======[Agent] Wallclock_time = 2025-06-09 16:23:27.683204 / 786.489317 / Sim_time = 259.4500038661063 / 0.3298832779731556x
======[Agent] Wallclock_time = 2025-06-09 16:23:27.806793 / 786.612906 / Sim_time = 259.50000386685133 / 0.3298950118825529x
======[Agent] Wallclock_time = 2025-06-09 16:23:27.912485 / 786.718598 / Sim_time = 259.5500038675964 / 0.329914247118573x
======[Agent] Wallclock_time = 2025-06-09 16:23:28.021412 / 786.827525 / Sim_time = 259.60000386834145 / 0.32993212068454364x
======[Agent] Wallclock_time = 2025-06-09 16:23:28.127819 / 786.933932 / Sim_time = 259.6500038690865 / 0.32995104590056057x
======[Agent] Wallclock_time = 2025-06-09 16:23:28.236101 / 787.042214 / Sim_time = 259.70000386983156 / 0.3299691799004973x
======[Agent] Wallclock_time = 2025-06-09 16:23:28.362973 / 787.169086 / Sim_time = 259.7500038705766 / 0.32997951585088137x
======[Agent] Wallclock_time = 2025-06-09 16:23:28.496006 / 787.302119 / Sim_time = 259.8000038713217 / 0.3299872661514525x
======[Agent] Wallclock_time = 2025-06-09 16:23:28.620986 / 787.427099 / Sim_time = 259.85000387206674 / 0.3299983886809032x
======[Agent] Wallclock_time = 2025-06-09 16:23:28.740704 / 787.546817 / Sim_time = 259.9000038728118 / 0.3300117126384109x
======[Agent] Wallclock_time = 2025-06-09 16:23:28.883415 / 787.689528 / Sim_time = 259.95000387355685 / 0.33001539898364357x
======[Agent] Wallclock_time = 2025-06-09 16:23:29.006816 / 787.812929 / Sim_time = 260.0000038743019 / 0.3300271730462155x
======[Agent] Wallclock_time = 2025-06-09 16:23:29.115504 / 787.921617 / Sim_time = 260.05000387504697 / 0.33004510628871436x
======[Agent] Wallclock_time = 2025-06-09 16:23:29.229766 / 788.035879 / Sim_time = 260.100003875792 / 0.3300606999584242x
======[Agent] Wallclock_time = 2025-06-09 16:23:29.351955 / 788.158068 / Sim_time = 260.1500038765371 / 0.33007296932671604x
======[Agent] Wallclock_time = 2025-06-09 16:23:29.463214 / 788.269327 / Sim_time = 260.20000387728214 / 0.3300898117877297x
======[Agent] Wallclock_time = 2025-06-09 16:23:29.595390 / 788.401503 / Sim_time = 260.2500038780272 / 0.3300978914802192x
======[Agent] Wallclock_time = 2025-06-09 16:23:29.712519 / 788.518632 / Sim_time = 260.30000387877226 / 0.3301122677422092x
======[Agent] Wallclock_time = 2025-06-09 16:23:29.827547 / 788.63366 / Sim_time = 260.3500038795173 / 0.3301275192235621x
======[Agent] Wallclock_time = 2025-06-09 16:23:29.950768 / 788.756881 / Sim_time = 260.4000038802624 / 0.33013933699162923x
======[Agent] Wallclock_time = 2025-06-09 16:23:30.062224 / 788.868337 / Sim_time = 260.45000388100743 / 0.3301560748595904x
======[Agent] Wallclock_time = 2025-06-09 16:23:30.190702 / 788.996815 / Sim_time = 260.5000038817525 / 0.3301656847829832x
======[Agent] Wallclock_time = 2025-06-09 16:23:30.307747 / 789.11386 / Sim_time = 260.55000388249755 / 0.3301800752839676x
======[Agent] Wallclock_time = 2025-06-09 16:23:30.431103 / 789.237216 / Sim_time = 260.6000038832426 / 0.3301918211766403x
======[Agent] Wallclock_time = 2025-06-09 16:23:30.560803 / 789.366916 / Sim_time = 260.65000388398767 / 0.33020090961486165x
======[Agent] Wallclock_time = 2025-06-09 16:23:30.676908 / 789.483021 / Sim_time = 260.7000038847327 / 0.33021568131868845x
======[Agent] Wallclock_time = 2025-06-09 16:23:30.794888 / 789.601001 / Sim_time = 260.7500038854778 / 0.3302296645085095x
======[Agent] Wallclock_time = 2025-06-09 16:23:30.926383 / 789.732496 / Sim_time = 260.80000388622284 / 0.3302379919392742x
======[Agent] Wallclock_time = 2025-06-09 16:23:31.057463 / 789.863576 / Sim_time = 260.8500038869679 / 0.33024649011094265x
======[Agent] Wallclock_time = 2025-06-09 16:23:31.171421 / 789.977534 / Sim_time = 260.90000388771296 / 0.3302621434112448x
======[Agent] Wallclock_time = 2025-06-09 16:23:31.297419 / 790.103532 / Sim_time = 260.950003888458 / 0.33027275926124927x
======[Agent] Wallclock_time = 2025-06-09 16:23:31.412183 / 790.218296 / Sim_time = 261.0000038892031 / 0.33028806713573733x
======[Agent] Wallclock_time = 2025-06-09 16:23:31.524269 / 790.330382 / Sim_time = 261.05000388994813 / 0.33030448978166493x
======[Agent] Wallclock_time = 2025-06-09 16:23:31.669465 / 790.475578 / Sim_time = 261.1000038906932 / 0.3303070719075666x
======[Agent] Wallclock_time = 2025-06-09 16:23:31.783238 / 790.589351 / Sim_time = 261.15000389143825 / 0.3303227816543871x
======[Agent] Wallclock_time = 2025-06-09 16:23:31.899308 / 790.705421 / Sim_time = 261.2000038921833 / 0.330337527247908x
======[Agent] Wallclock_time = 2025-06-09 16:23:32.019320 / 790.825433 / Sim_time = 261.25000389292836 / 0.33035062181960273x
======[Agent] Wallclock_time = 2025-06-09 16:23:32.141075 / 790.947188 / Sim_time = 261.3000038936734 / 0.3303629844002796x
======[Agent] Wallclock_time = 2025-06-09 16:23:32.235782 / 791.041895 / Sim_time = 261.3500038944185 / 0.3303866396453994x
======[Agent] Wallclock_time = 2025-06-09 16:23:32.359117 / 791.16523 / Sim_time = 261.40000389516354 / 0.3303983334768517x
======[Agent] Wallclock_time = 2025-06-09 16:23:32.485552 / 791.291665 / Sim_time = 261.4500038959086 / 0.33040872923535647x
======[Agent] Wallclock_time = 2025-06-09 16:23:32.609938 / 791.416051 / Sim_time = 261.50000389665365 / 0.330419977136244x
======[Agent] Wallclock_time = 2025-06-09 16:23:32.716341 / 791.522454 / Sim_time = 261.5500038973987 / 0.3304387287270438x
======[Agent] Wallclock_time = 2025-06-09 16:23:32.840711 / 791.646824 / Sim_time = 261.60000389814377 / 0.3304499753139519x
======[Agent] Wallclock_time = 2025-06-09 16:23:32.948744 / 791.754857 / Sim_time = 261.6500038988888 / 0.3304680370667455x
======[Agent] Wallclock_time = 2025-06-09 16:23:33.075028 / 791.881141 / Sim_time = 261.7000038996339 / 0.3304784769727922x
======[Agent] Wallclock_time = 2025-06-09 16:23:33.227566 / 792.033679 / Sim_time = 261.75000390037894 / 0.33047795865561963x
======[Agent] Wallclock_time = 2025-06-09 16:23:33.351412 / 792.157525 / Sim_time = 261.800003901124 / 0.33048941043855334x
======[Agent] Wallclock_time = 2025-06-09 16:23:33.484584 / 792.290697 / Sim_time = 261.85000390186906 / 0.33049696834304837x
======[Agent] Wallclock_time = 2025-06-09 16:23:33.606795 / 792.412908 / Sim_time = 261.9000039026141 / 0.3305090953837904x
======[Agent] Wallclock_time = 2025-06-09 16:23:33.767839 / 792.573952 / Sim_time = 261.9500039033592 / 0.33050502446784263x
======[Agent] Wallclock_time = 2025-06-09 16:23:33.892247 / 792.69836 / Sim_time = 262.00000390410423 / 0.3305162298908684x
======[Agent] Wallclock_time = 2025-06-09 16:23:34.008556 / 792.814669 / Sim_time = 262.0500039048493 / 0.3305308082966878x
======[Agent] Wallclock_time = 2025-06-09 16:23:34.118405 / 792.924518 / Sim_time = 262.10000390559435 / 0.3305480753938787x
======[Agent] Wallclock_time = 2025-06-09 16:23:34.234988 / 793.041101 / Sim_time = 262.1500039063394 / 0.3305625307606959x
======[Agent] Wallclock_time = 2025-06-09 16:23:34.347077 / 793.15319 / Sim_time = 262.20000390708447 / 0.33057885492237576x
======[Agent] Wallclock_time = 2025-06-09 16:23:34.461775 / 793.267888 / Sim_time = 262.2500039078295 / 0.3305940871688763x
======[Agent] Wallclock_time = 2025-06-09 16:23:34.576111 / 793.382224 / Sim_time = 262.3000039085746 / 0.3306094658595587x
======[Agent] Wallclock_time = 2025-06-09 16:23:34.694256 / 793.500369 / Sim_time = 262.35000390931964 / 0.330623253038546x
======[Agent] Wallclock_time = 2025-06-09 16:23:34.816132 / 793.622245 / Sim_time = 262.4000039100647 / 0.3306354817140779x
======[Agent] Wallclock_time = 2025-06-09 16:23:34.934736 / 793.740849 / Sim_time = 262.45000391080976 / 0.3306490696458286x
======[Agent] Wallclock_time = 2025-06-09 16:23:35.046593 / 793.852706 / Sim_time = 262.5000039115548 / 0.3306654638349132x
======[Agent] Wallclock_time = 2025-06-09 16:23:35.166370 / 793.972483 / Sim_time = 262.55000391229987 / 0.33067855480546304x
======[Agent] Wallclock_time = 2025-06-09 16:23:35.306141 / 794.112254 / Sim_time = 262.60000391304493 / 0.3306833157491223x
======[Agent] Wallclock_time = 2025-06-09 16:23:35.413796 / 794.219909 / Sim_time = 262.65000391379 / 0.33070144708792854x
======[Agent] Wallclock_time = 2025-06-09 16:23:35.534314 / 794.340427 / Sim_time = 262.70000391453505 / 0.33071421807455986x
======[Agent] Wallclock_time = 2025-06-09 16:23:35.640015 / 794.446128 / Sim_time = 262.7500039152801 / 0.33073315347837734x
======[Agent] Wallclock_time = 2025-06-09 16:23:35.751488 / 794.557601 / Sim_time = 262.80000391602516 / 0.3307496811251876x
======[Agent] Wallclock_time = 2025-06-09 16:23:35.881750 / 794.687863 / Sim_time = 262.8500039167702 / 0.33075838375851285x
======[Agent] Wallclock_time = 2025-06-09 16:23:36.018612 / 794.824725 / Sim_time = 262.9000039175153 / 0.3307643369463354x
======[Agent] Wallclock_time = 2025-06-09 16:23:36.142382 / 794.948495 / Sim_time = 262.95000391826034 / 0.33077573553054507x
======[Agent] Wallclock_time = 2025-06-09 16:23:36.259648 / 795.065761 / Sim_time = 263.0000039190054 / 0.33078983655185834x
======[Agent] Wallclock_time = 2025-06-09 16:23:36.395452 / 795.201565 / Sim_time = 263.05000391975045 / 0.3307962216139865x
======[Agent] Wallclock_time = 2025-06-09 16:23:36.523739 / 795.329852 / Sim_time = 263.1000039204955 / 0.33080573104750566x
======[Agent] Wallclock_time = 2025-06-09 16:23:36.655419 / 795.461532 / Sim_time = 263.15000392124057 / 0.3308138263402714x
======[Agent] Wallclock_time = 2025-06-09 16:23:36.792078 / 795.598191 / Sim_time = 263.2000039219856 / 0.3308198486114167x
======[Agent] Wallclock_time = 2025-06-09 16:23:36.929100 / 795.735213 / Sim_time = 263.2500039227307 / 0.3308257178974594x
======[Agent] Wallclock_time = 2025-06-09 16:23:37.048501 / 795.854614 / Sim_time = 263.30000392347574 / 0.3308389100883766x
======[Agent] Wallclock_time = 2025-06-09 16:23:37.184211 / 795.990324 / Sim_time = 263.3500039242208 / 0.33084531952036805x
======[Agent] Wallclock_time = 2025-06-09 16:23:37.337244 / 796.143357 / Sim_time = 263.40000392496586 / 0.33084452789127267x
======[Agent] Wallclock_time = 2025-06-09 16:23:37.473057 / 796.27917 / Sim_time = 263.4500039257109 / 0.3308508912456164x
======[Agent] Wallclock_time = 2025-06-09 16:23:37.616828 / 796.422941 / Sim_time = 263.500003926456 / 0.3308539464491763x
======[Agent] Wallclock_time = 2025-06-09 16:23:37.744152 / 796.550265 / Sim_time = 263.55000392720103 / 0.3308638320060932x
======[Agent] Wallclock_time = 2025-06-09 16:23:37.874052 / 796.680165 / Sim_time = 263.6000039279461 / 0.33087264455153287x
======[Agent] Wallclock_time = 2025-06-09 16:23:37.988472 / 796.794585 / Sim_time = 263.65000392869115 / 0.33088788252847956x
======[Agent] Wallclock_time = 2025-06-09 16:23:38.099058 / 796.905171 / Sim_time = 263.7000039294362 / 0.33090470813964395x
======[Agent] Wallclock_time = 2025-06-09 16:23:38.208854 / 797.014967 / Sim_time = 263.75000393018126 / 0.33092185709019967x
======[Agent] Wallclock_time = 2025-06-09 16:23:38.339902 / 797.146015 / Sim_time = 263.8000039309263 / 0.3309301784576416x
======[Agent] Wallclock_time = 2025-06-09 16:23:38.458873 / 797.264986 / Sim_time = 263.8500039316714 / 0.33094351015204526x
======[Agent] Wallclock_time = 2025-06-09 16:23:38.577138 / 797.383251 / Sim_time = 263.90000393241644 / 0.33095713089574985x
======[Agent] Wallclock_time = 2025-06-09 16:23:38.695452 / 797.501565 / Sim_time = 263.9500039331615 / 0.3309707272642584x
======[Agent] Wallclock_time = 2025-06-09 16:23:38.805733 / 797.611846 / Sim_time = 264.00000393390656 / 0.3309876530422713x
======[Agent] Wallclock_time = 2025-06-09 16:23:38.943398 / 797.749511 / Sim_time = 264.0500039346516 / 0.3309932119048829x
======[Agent] Wallclock_time = 2025-06-09 16:23:39.083377 / 797.88949 / Sim_time = 264.10000393539667 / 0.3309978089040724x
======[Agent] Wallclock_time = 2025-06-09 16:23:39.206981 / 798.013094 / Sim_time = 264.15000393614173 / 0.33100919635655174x
======[Agent] Wallclock_time = 2025-06-09 16:23:39.324769 / 798.130882 / Sim_time = 264.2000039368868 / 0.33102299243433403x
======[Agent] Wallclock_time = 2025-06-09 16:23:39.461149 / 798.267262 / Sim_time = 264.25000393763185 / 0.33102907445621566x
======[Agent] Wallclock_time = 2025-06-09 16:23:39.578836 / 798.384949 / Sim_time = 264.3000039383769 / 0.3310429050879713x
======[Agent] Wallclock_time = 2025-06-09 16:23:39.694498 / 798.500611 / Sim_time = 264.35000393912196 / 0.33105757120272356x
======[Agent] Wallclock_time = 2025-06-09 16:23:39.789552 / 798.595665 / Sim_time = 264.400003939867 / 0.33108077647665485x
======[Agent] Wallclock_time = 2025-06-09 16:23:39.920823 / 798.726936 / Sim_time = 264.4500039406121 / 0.3310889628638356x
======[Agent] Wallclock_time = 2025-06-09 16:23:40.039896 / 798.846009 / Sim_time = 264.50000394135714 / 0.3311022022507906x
======[Agent] Wallclock_time = 2025-06-09 16:23:40.151021 / 798.957134 / Sim_time = 264.5500039421022 / 0.33111873161316635x
======[Agent] Wallclock_time = 2025-06-09 16:23:40.270669 / 799.076782 / Sim_time = 264.60000394284725 / 0.33113172447441075x
======[Agent] Wallclock_time = 2025-06-09 16:23:40.398325 / 799.204438 / Sim_time = 264.6500039435923 / 0.3311413953912465x
======[Agent] Wallclock_time = 2025-06-09 16:23:40.524694 / 799.330807 / Sim_time = 264.70000394433737 / 0.3311515964037415x
======[Agent] Wallclock_time = 2025-06-09 16:23:40.649946 / 799.456059 / Sim_time = 264.7500039450824 / 0.3311622568900007x
======[Agent] Wallclock_time = 2025-06-09 16:23:40.765722 / 799.571835 / Sim_time = 264.8000039458275 / 0.33117683887525706x
======[Agent] Wallclock_time = 2025-06-09 16:23:40.875899 / 799.682012 / Sim_time = 264.85000394657254 / 0.3311937354829948x
======[Agent] Wallclock_time = 2025-06-09 16:23:41.001244 / 799.807357 / Sim_time = 264.9000039473176 / 0.33120434617729005x
======[Agent] Wallclock_time = 2025-06-09 16:23:41.125387 / 799.9315 / Sim_time = 264.95000394806266 / 0.3312154512387766x
======[Agent] Wallclock_time = 2025-06-09 16:23:41.235224 / 800.041337 / Sim_time = 265.0000039488077 / 0.33123247569935504x
======[Agent] Wallclock_time = 2025-06-09 16:23:41.344184 / 800.150297 / Sim_time = 265.0500039495528 / 0.33124985854962974x
======[Agent] Wallclock_time = 2025-06-09 16:23:41.485955 / 800.292068 / Sim_time = 265.10000395029783 / 0.33125365513012023x
======[Agent] Wallclock_time = 2025-06-09 16:23:41.593052 / 800.399165 / Sim_time = 265.1500039510429 / 0.3312718007136379x
======[Agent] Wallclock_time = 2025-06-09 16:23:41.702397 / 800.50851 / Sim_time = 265.20000395178795 / 0.33128901110967185x
======[Agent] Wallclock_time = 2025-06-09 16:23:41.814199 / 800.620312 / Sim_time = 265.250003952533 / 0.33130520007008385x
======[Agent] Wallclock_time = 2025-06-09 16:23:41.939618 / 800.745731 / Sim_time = 265.30000395327806 / 0.33131575026470894x
======[Agent] Wallclock_time = 2025-06-09 16:23:42.049224 / 800.855337 / Sim_time = 265.3500039540231 / 0.33133283923059365x
======[Agent] Wallclock_time = 2025-06-09 16:23:42.172500 / 800.978613 / Sim_time = 265.4000039547682 / 0.3313442685023348x
======[Agent] Wallclock_time = 2025-06-09 16:23:42.284872 / 801.090985 / Sim_time = 265.45000395551324 / 0.3313602044782825x
======[Agent] Wallclock_time = 2025-06-09 16:23:42.393222 / 801.199335 / Sim_time = 265.5000039562583 / 0.33137779948164686x
======[Agent] Wallclock_time = 2025-06-09 16:23:42.520484 / 801.326597 / Sim_time = 265.55000395700336 / 0.3313875685190003x
======[Agent] Wallclock_time = 2025-06-09 16:23:42.635429 / 801.441542 / Sim_time = 265.6000039577484 / 0.3314024275463885x
======[Agent] Wallclock_time = 2025-06-09 16:23:42.756082 / 801.562195 / Sim_time = 265.65000395849347 / 0.33141492226136143x
======[Agent] Wallclock_time = 2025-06-09 16:23:42.876958 / 801.683071 / Sim_time = 265.70000395923853 / 0.33142732102411765x
======[Agent] Wallclock_time = 2025-06-09 16:23:42.994195 / 801.800308 / Sim_time = 265.7500039599836 / 0.331441220297914x
======[Agent] Wallclock_time = 2025-06-09 16:23:43.126325 / 801.932438 / Sim_time = 265.80000396072865 / 0.3314489599331667x
======[Agent] Wallclock_time = 2025-06-09 16:23:43.253066 / 802.059179 / Sim_time = 265.8500039614737 / 0.33145892405845734x
======[Agent] Wallclock_time = 2025-06-09 16:23:43.381460 / 802.187573 / Sim_time = 265.90000396221876 / 0.3314682020061868x
======[Agent] Wallclock_time = 2025-06-09 16:23:43.513144 / 802.319257 / Sim_time = 265.9500039629638 / 0.3314761177255977x
======[Agent] Wallclock_time = 2025-06-09 16:23:43.634903 / 802.441016 / Sim_time = 266.0000039637089 / 0.3314881308055894x
======[Agent] Wallclock_time = 2025-06-09 16:23:43.773864 / 802.579977 / Sim_time = 266.05000396445394 / 0.3314930350815603x
======[Agent] Wallclock_time = 2025-06-09 16:23:43.890147 / 802.69626 / Sim_time = 266.100003965199 / 0.3315073032206426x
======[Agent] Wallclock_time = 2025-06-09 16:23:43.992830 / 802.798943 / Sim_time = 266.15000396594405 / 0.3315271834367134x
======[Agent] Wallclock_time = 2025-06-09 16:23:44.103222 / 802.909335 / Sim_time = 266.2000039666891 / 0.33154387527803975x
======[Agent] Wallclock_time = 2025-06-09 16:23:44.226639 / 803.032752 / Sim_time = 266.25000396743417 / 0.3315551847034123x
======[Agent] Wallclock_time = 2025-06-09 16:23:44.358516 / 803.164629 / Sim_time = 266.3000039681792 / 0.3315629981573567x
======[Agent] Wallclock_time = 2025-06-09 16:23:44.479657 / 803.28577 / Sim_time = 266.3500039689243 / 0.33157524051955234x
======[Agent] Wallclock_time = 2025-06-09 16:23:44.601389 / 803.407502 / Sim_time = 266.40000396966934 / 0.33158723526885125x
======[Agent] Wallclock_time = 2025-06-09 16:23:44.733386 / 803.539499 / Sim_time = 266.4500039704144 / 0.33159499029857165x
======[Agent] Wallclock_time = 2025-06-09 16:23:44.862816 / 803.668929 / Sim_time = 266.50000397115946 / 0.3316038019523304x
======[Agent] Wallclock_time = 2025-06-09 16:23:44.983508 / 803.789621 / Sim_time = 266.5500039719045 / 0.33161621572579225x
======[Agent] Wallclock_time = 2025-06-09 16:23:45.122338 / 803.928451 / Sim_time = 266.6000039726496 / 0.33162114367253054x
======[Agent] Wallclock_time = 2025-06-09 16:23:45.246668 / 804.052781 / Sim_time = 266.65000397339463 / 0.33163205033593973x
======[Agent] Wallclock_time = 2025-06-09 16:23:45.367916 / 804.174029 / Sim_time = 266.7000039741397 / 0.3316442246481887x
======[Agent] Wallclock_time = 2025-06-09 16:23:45.494242 / 804.300355 / Sim_time = 266.75000397488475 / 0.33165430135932666x
======[Agent] Wallclock_time = 2025-06-09 16:23:45.613109 / 804.419222 / Sim_time = 266.8000039756298 / 0.3316674502690831x
======[Agent] Wallclock_time = 2025-06-09 16:23:45.726998 / 804.533111 / Sim_time = 266.85000397637486 / 0.3316826475445426x
======[Agent] Wallclock_time = 2025-06-09 16:23:45.852423 / 804.658536 / Sim_time = 266.9000039771199 / 0.3316930851324925x
======[Agent] Wallclock_time = 2025-06-09 16:23:45.969975 / 804.776088 / Sim_time = 266.950003977865 / 0.33170676446726205x
======[Agent] Wallclock_time = 2025-06-09 16:23:46.093219 / 804.899332 / Sim_time = 267.00000397861004 / 0.3317180939845979x
======[Agent] Wallclock_time = 2025-06-09 16:23:46.225954 / 805.032067 / Sim_time = 267.0500039793551 / 0.33172550908316306x
======[Agent] Wallclock_time = 2025-06-09 16:23:46.357368 / 805.163481 / Sim_time = 267.10000398010015 / 0.33173346599736575x
======[Agent] Wallclock_time = 2025-06-09 16:23:46.490572 / 805.296685 / Sim_time = 267.1500039808452 / 0.3317406829262712x
======[Agent] Wallclock_time = 2025-06-09 16:23:46.617812 / 805.423925 / Sim_time = 267.20000398159027 / 0.33175035399058483x
======[Agent] Wallclock_time = 2025-06-09 16:23:46.739796 / 805.545909 / Sim_time = 267.25000398233533 / 0.33176218665415463x
======[Agent] Wallclock_time = 2025-06-09 16:23:46.862249 / 805.668362 / Sim_time = 267.3000039830804 / 0.3317738226007909x
======[Agent] Wallclock_time = 2025-06-09 16:23:46.985544 / 805.791657 / Sim_time = 267.35000398382545 / 0.3317851083170462x
======[Agent] Wallclock_time = 2025-06-09 16:23:47.108920 / 805.915033 / Sim_time = 267.4000039845705 / 0.33179635723237993x
======[Agent] Wallclock_time = 2025-06-09 16:23:47.238003 / 806.044116 / Sim_time = 267.45000398531556 / 0.3318052534236999x
======[Agent] Wallclock_time = 2025-06-09 16:23:47.373017 / 806.17913 / Sim_time = 267.5000039860606 / 0.3318117056371268x
======[Agent] Wallclock_time = 2025-06-09 16:23:47.492356 / 806.298469 / Sim_time = 267.5500039868057 / 0.33182460645624673x
======[Agent] Wallclock_time = 2025-06-09 16:23:47.613644 / 806.419757 / Sim_time = 267.60000398755074 / 0.331836701454785x
======[Agent] Wallclock_time = 2025-06-09 16:23:47.726032 / 806.532145 / Sim_time = 267.6500039882958 / 0.3318524547286842x
======[Agent] Wallclock_time = 2025-06-09 16:23:47.863276 / 806.669389 / Sim_time = 267.70000398904085 / 0.33185797773102693x
======[Agent] Wallclock_time = 2025-06-09 16:23:48.007027 / 806.81314 / Sim_time = 267.7500039897859 / 0.33186082235716136x
======[Agent] Wallclock_time = 2025-06-09 16:23:48.156272 / 806.962385 / Sim_time = 267.80000399053097 / 0.33186140656249347x
======[Agent] Wallclock_time = 2025-06-09 16:23:48.272651 / 807.078764 / Sim_time = 267.850003991276 / 0.3318755046759865x
======[Agent] Wallclock_time = 2025-06-09 16:23:48.384368 / 807.190481 / Sim_time = 267.9000039920211 / 0.3318915155795866x
======[Agent] Wallclock_time = 2025-06-09 16:23:48.506750 / 807.312863 / Sim_time = 267.95000399276614 / 0.3319031373957295x
======[Agent] Wallclock_time = 2025-06-09 16:23:48.645246 / 807.451359 / Sim_time = 268.0000039935112 / 0.3319081318003942x
======[Agent] Wallclock_time = 2025-06-09 16:23:48.788542 / 807.594655 / Sim_time = 268.05000399425626 / 0.3319111517436981x
======[Agent] Wallclock_time = 2025-06-09 16:23:48.899856 / 807.705969 / Sim_time = 268.1000039950013 / 0.3319273131033259x
======[Agent] Wallclock_time = 2025-06-09 16:23:49.015765 / 807.821878 / Sim_time = 268.1500039957464 / 0.331941581872043x
======[Agent] Wallclock_time = 2025-06-09 16:23:49.141564 / 807.947677 / Sim_time = 268.20000399649143 / 0.3319517831161588x
======[Agent] Wallclock_time = 2025-06-09 16:23:49.257265 / 808.063378 / Sim_time = 268.2500039972365 / 0.3319661295566187x
======[Agent] Wallclock_time = 2025-06-09 16:23:49.361001 / 808.167114 / Sim_time = 268.30000399798155 / 0.33198538688941837x
======[Agent] Wallclock_time = 2025-06-09 16:23:49.479370 / 808.285483 / Sim_time = 268.3500039987266 / 0.3319986287568867x
======[Agent] Wallclock_time = 2025-06-09 16:23:49.607094 / 808.413207 / Sim_time = 268.40000399947166 / 0.3320080246925592x
======[Agent] Wallclock_time = 2025-06-09 16:23:49.732618 / 808.538731 / Sim_time = 268.4500040002167 / 0.3320183210640724x
======[Agent] Wallclock_time = 2025-06-09 16:23:49.860339 / 808.666452 / Sim_time = 268.5000040009618 / 0.3320277121787285x
======[Agent] Wallclock_time = 2025-06-09 16:23:50.010259 / 808.816372 / Sim_time = 268.55000400170684 / 0.33202798715568x
======[Agent] Wallclock_time = 2025-06-09 16:23:50.129745 / 808.935858 / Sim_time = 268.6000040024519 / 0.3320407536708531x
======[Agent] Wallclock_time = 2025-06-09 16:23:50.270894 / 809.077007 / Sim_time = 268.65000400319695 / 0.3320446257083799x
======[Agent] Wallclock_time = 2025-06-09 16:23:50.400908 / 809.207021 / Sim_time = 268.700004003942 / 0.33205306550457686x
======[Agent] Wallclock_time = 2025-06-09 16:23:50.545452 / 809.351565 / Sim_time = 268.75000400468707 / 0.33205554121483144x
======[Agent] Wallclock_time = 2025-06-09 16:23:50.653626 / 809.459739 / Sim_time = 268.80000400543213 / 0.33207293578871416x
======[Agent] Wallclock_time = 2025-06-09 16:23:50.773577 / 809.57969 / Sim_time = 268.8500040061772 / 0.3320854947839445x
======[Agent] Wallclock_time = 2025-06-09 16:23:50.898468 / 809.704581 / Sim_time = 268.90000400692225 / 0.3320960239335713x
======[Agent] Wallclock_time = 2025-06-09 16:23:51.004597 / 809.81071 / Sim_time = 268.9500040076673 / 0.33211424419593455x
======[Agent] Wallclock_time = 2025-06-09 16:23:51.158023 / 809.964136 / Sim_time = 269.00000400841236 / 0.3321130651831073x
======[Agent] Wallclock_time = 2025-06-09 16:23:51.296608 / 810.102721 / Sim_time = 269.0500040091574 / 0.33211797086555717x
======[Agent] Wallclock_time = 2025-06-09 16:23:51.402122 / 810.208235 / Sim_time = 269.1000040099025 / 0.3321364314119457x
======[Agent] Wallclock_time = 2025-06-09 16:23:51.527126 / 810.333239 / Sim_time = 269.15000401064754 / 0.3321468982265817x
======[Agent] Wallclock_time = 2025-06-09 16:23:51.661581 / 810.467694 / Sim_time = 269.2000040113926 / 0.3321534884744019x
======[Agent] Wallclock_time = 2025-06-09 16:23:51.775578 / 810.581691 / Sim_time = 269.25000401213765 / 0.3321684598026257x
======[Agent] Wallclock_time = 2025-06-09 16:23:51.879513 / 810.685626 / Sim_time = 269.3000040128827 / 0.3321875498817995x
======[Agent] Wallclock_time = 2025-06-09 16:23:52.014418 / 810.820531 / Sim_time = 269.35000401362777 / 0.3321939461590689x
======[Agent] Wallclock_time = 2025-06-09 16:23:52.125225 / 810.931338 / Sim_time = 269.4000040143728 / 0.33221021211065926x
======[Agent] Wallclock_time = 2025-06-09 16:23:52.256804 / 811.062917 / Sim_time = 269.4500040151179 / 0.33221796503014434x
======[Agent] Wallclock_time = 2025-06-09 16:23:52.367726 / 811.173839 / Sim_time = 269.50000401586294 / 0.3322341757395941x
======[Agent] Wallclock_time = 2025-06-09 16:23:52.472936 / 811.279049 / Sim_time = 269.550004016608 / 0.33225272129995154x
======[Agent] Wallclock_time = 2025-06-09 16:23:52.597407 / 811.40352 / Sim_time = 269.60000401735306 / 0.3322633746449343x
======[Agent] Wallclock_time = 2025-06-09 16:23:52.708927 / 811.51504 / Sim_time = 269.6500040180981 / 0.3322793274894457x
======[Agent] Wallclock_time = 2025-06-09 16:23:52.823062 / 811.629175 / Sim_time = 269.7000040188432 / 0.3322942053242946x
======[Agent] Wallclock_time = 2025-06-09 16:23:52.932823 / 811.738936 / Sim_time = 269.75000401958823 / 0.33231086959800415x
======[Agent] Wallclock_time = 2025-06-09 16:23:53.044831 / 811.850944 / Sim_time = 269.8000040203333 / 0.33232660956753624x
======[Agent] Wallclock_time = 2025-06-09 16:23:53.158936 / 811.965049 / Sim_time = 269.85000402107835 / 0.33234148688041804x
======[Agent] Wallclock_time = 2025-06-09 16:23:53.271245 / 812.077358 / Sim_time = 269.9000040218234 / 0.33235709505488803x
======[Agent] Wallclock_time = 2025-06-09 16:23:53.376579 / 812.182692 / Sim_time = 269.95000402256846 / 0.332375553315799x
======[Agent] Wallclock_time = 2025-06-09 16:23:53.487858 / 812.293971 / Sim_time = 270.0000040233135 / 0.3323915740742823x
======[Agent] Wallclock_time = 2025-06-09 16:23:53.598858 / 812.404971 / Sim_time = 270.0500040240586 / 0.3324077046007563x
======[Agent] Wallclock_time = 2025-06-09 16:23:53.737777 / 812.54389 / Sim_time = 270.10000402480364 / 0.3324124086544974x
======[Agent] Wallclock_time = 2025-06-09 16:23:53.858412 / 812.664525 / Sim_time = 270.1500040255487 / 0.33242459008649183x
======[Agent] Wallclock_time = 2025-06-09 16:23:54.003740 / 812.809853 / Sim_time = 270.20000402629375 / 0.3324266685527313x
======[Agent] Wallclock_time = 2025-06-09 16:23:54.128583 / 812.934696 / Sim_time = 270.2500040270388 / 0.3324371230797064x
======[Agent] Wallclock_time = 2025-06-09 16:23:54.254438 / 813.060551 / Sim_time = 270.30000402778387 / 0.3324471606059058x
======[Agent] Wallclock_time = 2025-06-09 16:23:54.367708 / 813.173821 / Sim_time = 270.35000402852893 / 0.3324623402579861x
======[Agent] Wallclock_time = 2025-06-09 16:23:54.496182 / 813.302295 / Sim_time = 270.400004029274 / 0.33247130030288885x
======[Agent] Wallclock_time = 2025-06-09 16:23:54.619483 / 813.425596 / Sim_time = 270.45000403001904 / 0.332482371931221x
======[Agent] Wallclock_time = 2025-06-09 16:23:54.726325 / 813.532438 / Sim_time = 270.5000040307641 / 0.33250016704385804x
======[Agent] Wallclock_time = 2025-06-09 16:23:54.847000 / 813.653113 / Sim_time = 270.55000403150916 / 0.33251230431807477x
======[Agent] Wallclock_time = 2025-06-09 16:23:54.963056 / 813.769169 / Sim_time = 270.6000040322542 / 0.33252632541787636x
======[Agent] Wallclock_time = 2025-06-09 16:23:55.089986 / 813.896099 / Sim_time = 270.6500040329993 / 0.33253589964325364x
======[Agent] Wallclock_time = 2025-06-09 16:23:55.241860 / 814.047973 / Sim_time = 270.70000403374434 / 0.3325352810607186x
======[Agent] Wallclock_time = 2025-06-09 16:23:55.347656 / 814.153769 / Sim_time = 270.7500040344894 / 0.3325534828802181x
======[Agent] Wallclock_time = 2025-06-09 16:23:55.482038 / 814.288151 / Sim_time = 270.80000403523445 / 0.33256000488607085x
======[Agent] Wallclock_time = 2025-06-09 16:23:55.601609 / 814.407722 / Sim_time = 270.8500040359795 / 0.3325725728610007x
======[Agent] Wallclock_time = 2025-06-09 16:23:55.717930 / 814.524043 / Sim_time = 270.90000403672457 / 0.3325864641791309x
======[Agent] Wallclock_time = 2025-06-09 16:23:55.836977 / 814.64309 / Sim_time = 270.9500040374696 / 0.3325992385674456x
======[Agent] Wallclock_time = 2025-06-09 16:23:55.959025 / 814.765138 / Sim_time = 271.0000040382147 / 0.3326107841244314x
======[Agent] Wallclock_time = 2025-06-09 16:23:56.076718 / 814.882831 / Sim_time = 271.05000403895974 / 0.3326241038631674x
======[Agent] Wallclock_time = 2025-06-09 16:23:56.191344 / 814.997457 / Sim_time = 271.1000040397048 / 0.332638671535184x
======[Agent] Wallclock_time = 2025-06-09 16:23:56.314681 / 815.120794 / Sim_time = 271.15000404044986 / 0.33264968012921253x
======[Agent] Wallclock_time = 2025-06-09 16:23:56.436009 / 815.242122 / Sim_time = 271.2000040411949 / 0.332661505166547x
======[Agent] Wallclock_time = 2025-06-09 16:23:56.560280 / 815.366393 / Sim_time = 271.25000404194 / 0.3326721259283175x
======[Agent] Wallclock_time = 2025-06-09 16:23:56.695835 / 815.501948 / Sim_time = 271.30000404268503 / 0.33267814016864233x
======[Agent] Wallclock_time = 2025-06-09 16:23:56.827570 / 815.633683 / Sim_time = 271.3500040434301 / 0.3326857105259097x
======[Agent] Wallclock_time = 2025-06-09 16:23:56.950428 / 815.756541 / Sim_time = 271.40000404417515 / 0.3326968987764162x
======[Agent] Wallclock_time = 2025-06-09 16:23:57.068062 / 815.874175 / Sim_time = 271.4500040449202 / 0.3327102139673758x
======[Agent] Wallclock_time = 2025-06-09 16:23:57.205372 / 816.011485 / Sim_time = 271.50000404566526 / 0.33271550256448007x
======[Agent] Wallclock_time = 2025-06-09 16:23:57.323586 / 816.129699 / Sim_time = 271.5500040464103 / 0.3327285744539924x
======[Agent] Wallclock_time = 2025-06-09 16:23:57.448592 / 816.254705 / Sim_time = 271.6000040471554 / 0.3327388738399757x
======[Agent] Wallclock_time = 2025-06-09 16:23:57.582197 / 816.38831 / Sim_time = 271.65000404790044 / 0.3327456652364794x
======[Agent] Wallclock_time = 2025-06-09 16:23:57.715818 / 816.521931 / Sim_time = 271.7000040486455 / 0.33275244789009545x
======[Agent] Wallclock_time = 2025-06-09 16:23:57.831622 / 816.637735 / Sim_time = 271.75000404939055 / 0.3327664882922686x
======[Agent] Wallclock_time = 2025-06-09 16:23:57.965450 / 816.771563 / Sim_time = 271.8000040501356 / 0.3327731811311292x
======[Agent] Wallclock_time = 2025-06-09 16:23:58.092397 / 816.89851 / Sim_time = 271.85000405088067 / 0.332782674886022x
======[Agent] Wallclock_time = 2025-06-09 16:23:58.221287 / 817.0274 / Sim_time = 271.90000405162573 / 0.33279137426756006x
======[Agent] Wallclock_time = 2025-06-09 16:23:58.356708 / 817.162821 / Sim_time = 271.9500040523708 / 0.3327974110742854x
======[Agent] Wallclock_time = 2025-06-09 16:23:58.494157 / 817.30027 / Sim_time = 272.00000405311584 / 0.3328026200829418x
======[Agent] Wallclock_time = 2025-06-09 16:23:58.616993 / 817.423106 / Sim_time = 272.0500040538609 / 0.332813776908435x
======[Agent] Wallclock_time = 2025-06-09 16:23:58.731570 / 817.537683 / Sim_time = 272.10000405460596 / 0.33282829267004355x
======[Agent] Wallclock_time = 2025-06-09 16:23:58.840596 / 817.646709 / Sim_time = 272.150004055351 / 0.3328450640290989x
======[Agent] Wallclock_time = 2025-06-09 16:23:58.978236 / 817.784349 / Sim_time = 272.2000040560961 / 0.3328501842065846x
======[Agent] Wallclock_time = 2025-06-09 16:23:59.105365 / 817.911478 / Sim_time = 272.25000405684114 / 0.3328595801870639x
======[Agent] Wallclock_time = 2025-06-09 16:23:59.232018 / 818.038131 / Sim_time = 272.3000040575862 / 0.3328691669366929x
======[Agent] Wallclock_time = 2025-06-09 16:23:59.348584 / 818.154697 / Sim_time = 272.35000405833125 / 0.33288285476343904x
======[Agent] Wallclock_time = 2025-06-09 16:23:59.462857 / 818.26897 / Sim_time = 272.4000040590763 / 0.33289747155095567x
======[Agent] Wallclock_time = 2025-06-09 16:23:59.583992 / 818.390105 / Sim_time = 272.45000405982137 / 0.3329092928738777x
======[Agent] Wallclock_time = 2025-06-09 16:23:59.697085 / 818.503198 / Sim_time = 272.5000040605664 / 0.332924381727565x
======[Agent] Wallclock_time = 2025-06-09 16:23:59.835619 / 818.641732 / Sim_time = 272.5500040613115 / 0.33292911963617294x
======[Agent] Wallclock_time = 2025-06-09 16:23:59.960080 / 818.766193 / Sim_time = 272.60000406205654 / 0.3329395784206226x
======[Agent] Wallclock_time = 2025-06-09 16:24:00.079094 / 818.885207 / Sim_time = 272.6500040628016 / 0.3329522487155552x
======[Agent] Wallclock_time = 2025-06-09 16:24:00.196387 / 819.0025 / Sim_time = 272.70000406354666 / 0.33296561499864974x
======[Agent] Wallclock_time = 2025-06-09 16:24:00.327484 / 819.133597 / Sim_time = 272.7500040642917 / 0.3329733661149362x
======[Agent] Wallclock_time = 2025-06-09 16:24:00.462515 / 819.268628 / Sim_time = 272.8000040650368 / 0.33297951582923413x
======[Agent] Wallclock_time = 2025-06-09 16:24:00.578238 / 819.384351 / Sim_time = 272.85000406578183 / 0.3329935099923233x
======[Agent] Wallclock_time = 2025-06-09 16:24:00.696535 / 819.502648 / Sim_time = 272.9000040665269 / 0.33300645425135056x
======[Agent] Wallclock_time = 2025-06-09 16:24:00.831959 / 819.638072 / Sim_time = 272.95000406727195 / 0.33301243607292547x
======[Agent] Wallclock_time = 2025-06-09 16:24:00.973795 / 819.779908 / Sim_time = 273.000004068017 / 0.3330158111806344x
======[Agent] Wallclock_time = 2025-06-09 16:24:01.085923 / 819.892036 / Sim_time = 273.05000406876206 / 0.33303125173606435x
======[Agent] Wallclock_time = 2025-06-09 16:24:01.192282 / 819.998395 / Sim_time = 273.1000040695071 / 0.3330490311758183x
======[Agent] Wallclock_time = 2025-06-09 16:24:01.317829 / 820.123942 / Sim_time = 273.1500040702522 / 0.33305901342804445x
======[Agent] Wallclock_time = 2025-06-09 16:24:01.440180 / 820.246293 / Sim_time = 273.20000407099724 / 0.3330702903898486x
======[Agent] Wallclock_time = 2025-06-09 16:24:01.580465 / 820.386578 / Sim_time = 273.2500040717423 / 0.3330742826919575x
======[Agent] Wallclock_time = 2025-06-09 16:24:01.698037 / 820.50415 / Sim_time = 273.30000407248735 / 0.3330874938109619x
======[Agent] Wallclock_time = 2025-06-09 16:24:01.831831 / 820.637944 / Sim_time = 273.3500040732324 / 0.33309411656831195x
======[Agent] Wallclock_time = 2025-06-09 16:24:01.967758 / 820.773871 / Sim_time = 273.40000407397747 / 0.33309987151638504x
======[Agent] Wallclock_time = 2025-06-09 16:24:02.094284 / 820.900397 / Sim_time = 273.45000407472253 / 0.3331094392993493x
======[Agent] Wallclock_time = 2025-06-09 16:24:02.224453 / 821.030566 / Sim_time = 273.5000040754676 / 0.333117526050719x
======[Agent] Wallclock_time = 2025-06-09 16:24:02.376169 / 821.182282 / Sim_time = 273.55000407621264 / 0.3331168693668226x
======[Agent] Wallclock_time = 2025-06-09 16:24:02.480566 / 821.286679 / Sim_time = 273.6000040769577 / 0.3331354056231467x
======[Agent] Wallclock_time = 2025-06-09 16:24:02.590859 / 821.396972 / Sim_time = 273.65000407770276 / 0.33315154578650796x
======[Agent] Wallclock_time = 2025-06-09 16:24:02.718518 / 821.524631 / Sim_time = 273.7000040784478 / 0.33316063887780006x
======[Agent] Wallclock_time = 2025-06-09 16:24:02.847284 / 821.653397 / Sim_time = 273.7500040791929 / 0.3331692802700268x
======[Agent] Wallclock_time = 2025-06-09 16:24:02.968028 / 821.774141 / Sim_time = 273.80000407993793 / 0.3331811713685532x
======[Agent] Wallclock_time = 2025-06-09 16:24:03.095226 / 821.901339 / Sim_time = 273.850004080683 / 0.333190442569945x
======[Agent] Wallclock_time = 2025-06-09 16:24:03.223638 / 822.029751 / Sim_time = 273.90000408142805 / 0.3331992188226886x
======[Agent] Wallclock_time = 2025-06-09 16:24:03.349012 / 822.155125 / Sim_time = 273.9500040821731 / 0.3332092235914111x
======[Agent] Wallclock_time = 2025-06-09 16:24:03.473888 / 822.280001 / Sim_time = 274.00000408291817 / 0.333219427117614x
======[Agent] Wallclock_time = 2025-06-09 16:24:03.599590 / 822.405703 / Sim_time = 274.0500040836632 / 0.3332292928595734x
======[Agent] Wallclock_time = 2025-06-09 16:24:03.741282 / 822.547395 / Sim_time = 274.1000040844083 / 0.3332326775549885x
======[Agent] Wallclock_time = 2025-06-09 16:24:03.860584 / 822.666697 / Sim_time = 274.15000408515334 / 0.3332451305489309x
======[Agent] Wallclock_time = 2025-06-09 16:24:03.984510 / 822.790623 / Sim_time = 274.2000040858984 / 0.333255707059986x
======[Agent] Wallclock_time = 2025-06-09 16:24:04.099825 / 822.905938 / Sim_time = 274.25000408664346 / 0.3332697677251124x
======[Agent] Wallclock_time = 2025-06-09 16:24:04.209624 / 823.015737 / Sim_time = 274.3000040873885 / 0.3332860581757386x
======[Agent] Wallclock_time = 2025-06-09 16:24:04.321702 / 823.127815 / Sim_time = 274.3500040881336 / 0.3333014214647966x
======[Agent] Wallclock_time = 2025-06-09 16:24:04.472512 / 823.278625 / Sim_time = 274.40000408887863 / 0.33330109935476493x
======[Agent] Wallclock_time = 2025-06-09 16:24:04.588474 / 823.394587 / Sim_time = 274.4500040896237 / 0.33331488342021404x
======[Agent] Wallclock_time = 2025-06-09 16:24:04.719985 / 823.526098 / Sim_time = 274.50000409036875 / 0.33332237003131227x
======[Agent] Wallclock_time = 2025-06-09 16:24:04.843976 / 823.650089 / Sim_time = 274.5500040911138 / 0.3333328975797831x
======[Agent] Wallclock_time = 2025-06-09 16:24:04.961340 / 823.767453 / Sim_time = 274.60000409185886 / 0.33334610361906986x
======[Agent] Wallclock_time = 2025-06-09 16:24:05.066638 / 823.872751 / Sim_time = 274.6500040926039 / 0.33336418809221646x
======[Agent] Wallclock_time = 2025-06-09 16:24:05.178649 / 823.984762 / Sim_time = 274.700004093349 / 0.3333795518827775x
======[Agent] Wallclock_time = 2025-06-09 16:24:05.296684 / 824.102797 / Sim_time = 274.75000409409404 / 0.33339247446046416x
======[Agent] Wallclock_time = 2025-06-09 16:24:05.408842 / 824.214955 / Sim_time = 274.8000040948391 / 0.3334077706550089x
======[Agent] Wallclock_time = 2025-06-09 16:24:05.511094 / 824.317207 / Sim_time = 274.85000409558415 / 0.33342706950009676x
======[Agent] Wallclock_time = 2025-06-09 16:24:05.610168 / 824.416281 / Sim_time = 274.9000040963292 / 0.33344764894166407x
======[Agent] Wallclock_time = 2025-06-09 16:24:05.723966 / 824.530079 / Sim_time = 274.95000409707427 / 0.33346226855455413x
======[Agent] Wallclock_time = 2025-06-09 16:24:05.874709 / 824.680822 / Sim_time = 275.0000040978193 / 0.33346194466963686x
======[Agent] Wallclock_time = 2025-06-09 16:24:05.991048 / 824.797161 / Sim_time = 275.0500040985644 / 0.3334755302619599x
======[Agent] Wallclock_time = 2025-06-09 16:24:06.091734 / 824.897847 / Sim_time = 275.10000409930944 / 0.3334954401982689x
======[Agent] Wallclock_time = 2025-06-09 16:24:06.211425 / 825.017538 / Sim_time = 275.1500041000545 / 0.333507662466676x
======[Agent] Wallclock_time = 2025-06-09 16:24:06.370312 / 825.176425 / Sim_time = 275.20000410079956 / 0.3335040389656801x
======[Agent] Wallclock_time = 2025-06-09 16:24:06.492365 / 825.298478 / Sim_time = 275.2500041015446 / 0.33351530134076324x
======[Agent] Wallclock_time = 2025-06-09 16:24:06.614870 / 825.420983 / Sim_time = 275.3000041022897 / 0.33352637774645955x
======[Agent] Wallclock_time = 2025-06-09 16:24:06.757937 / 825.56405 / Sim_time = 275.35000410303473 / 0.3335291435884244x
======[Agent] Wallclock_time = 2025-06-09 16:24:06.904019 / 825.710132 / Sim_time = 275.4000041037798 / 0.33353069061418417x
======[Agent] Wallclock_time = 2025-06-09 16:24:07.026976 / 825.833089 / Sim_time = 275.45000410452485 / 0.33354157665986695x
======[Agent] Wallclock_time = 2025-06-09 16:24:07.162853 / 825.968966 / Sim_time = 275.5000041052699 / 0.3335472419650546x
======[Agent] Wallclock_time = 2025-06-09 16:24:07.278399 / 826.084512 / Sim_time = 275.55000410601497 / 0.3335611145617271x
======[Agent] Wallclock_time = 2025-06-09 16:24:07.411047 / 826.21716 / Sim_time = 275.60000410676 / 0.3335680785650609x
======[Agent] Wallclock_time = 2025-06-09 16:24:07.541434 / 826.347547 / Sim_time = 275.6500041075051 / 0.33357595303850046x
======[Agent] Wallclock_time = 2025-06-09 16:24:07.672234 / 826.478347 / Sim_time = 275.70000410825014 / 0.3335836583321787x
======[Agent] Wallclock_time = 2025-06-09 16:24:07.789730 / 826.595843 / Sim_time = 275.7500041089952 / 0.3335967303095485x
======[Agent] Wallclock_time = 2025-06-09 16:24:07.923573 / 826.729686 / Sim_time = 275.80000410974026 / 0.3336032020828368x
======[Agent] Wallclock_time = 2025-06-09 16:24:08.039671 / 826.845784 / Sim_time = 275.8500041104853 / 0.3336168313747536x
======[Agent] Wallclock_time = 2025-06-09 16:24:08.157699 / 826.963812 / Sim_time = 275.9000041112304 / 0.33362967820114503x
======[Agent] Wallclock_time = 2025-06-09 16:24:08.276537 / 827.08265 / Sim_time = 275.95000411197543 / 0.3336421946099109x
======[Agent] Wallclock_time = 2025-06-09 16:24:08.405533 / 827.211646 / Sim_time = 276.0000041127205 / 0.3336506102116825x
======[Agent] Wallclock_time = 2025-06-09 16:24:08.540328 / 827.346441 / Sim_time = 276.05000411346555 / 0.3336566845239877x
======[Agent] Wallclock_time = 2025-06-09 16:24:08.687557 / 827.49367 / Sim_time = 276.1000041142106 / 0.3336577432144797x
======[Agent] Wallclock_time = 2025-06-09 16:24:08.802817 / 827.60893 / Sim_time = 276.15000411495566 / 0.33367169013421055x
======[Agent] Wallclock_time = 2025-06-09 16:24:08.916557 / 827.72267 / Sim_time = 276.2000041157007 / 0.33368624593724705x
======[Agent] Wallclock_time = 2025-06-09 16:24:09.039476 / 827.845589 / Sim_time = 276.2500041164458 / 0.3336970977317704x
======[Agent] Wallclock_time = 2025-06-09 16:24:09.165967 / 827.97208 / Sim_time = 276.30000411719084 / 0.3337065066381033x
======[Agent] Wallclock_time = 2025-06-09 16:24:09.288796 / 828.094909 / Sim_time = 276.3500041179359 / 0.33371738842624316x
======[Agent] Wallclock_time = 2025-06-09 16:24:09.418815 / 828.224928 / Sim_time = 276.40000411868095 / 0.33372536982285944x
======[Agent] Wallclock_time = 2025-06-09 16:24:09.519113 / 828.325226 / Sim_time = 276.450004119426 / 0.3337453233304073x
======[Agent] Wallclock_time = 2025-06-09 16:24:09.652009 / 828.458122 / Sim_time = 276.50000412017107 / 0.33375213909488594x
======[Agent] Wallclock_time = 2025-06-09 16:24:09.794704 / 828.600817 / Sim_time = 276.5500041209161 / 0.33375500565782146x
======[Agent] Wallclock_time = 2025-06-09 16:24:09.910746 / 828.716859 / Sim_time = 276.6000041216612 / 0.3337686054641441x
======[Agent] Wallclock_time = 2025-06-09 16:24:10.037040 / 828.843153 / Sim_time = 276.65000412240624 / 0.3337780728995578x
======[Agent] Wallclock_time = 2025-06-09 16:24:10.163702 / 828.969815 / Sim_time = 276.7000041231513 / 0.33378738927395324x
======[Agent] Wallclock_time = 2025-06-09 16:24:10.280516 / 829.086629 / Sim_time = 276.75000412389636 / 0.3338006676781525x
======[Agent] Wallclock_time = 2025-06-09 16:24:10.399117 / 829.20523 / Sim_time = 276.8000041246414 / 0.3338132229477357x
======[Agent] Wallclock_time = 2025-06-09 16:24:10.534004 / 829.340117 / Sim_time = 276.8500041253865 / 0.3338192191975772x
======[Agent] Wallclock_time = 2025-06-09 16:24:10.670051 / 829.476164 / Sim_time = 276.90000412613153 / 0.3338247466522557x
======[Agent] Wallclock_time = 2025-06-09 16:24:10.795455 / 829.601568 / Sim_time = 276.9500041268766 / 0.33383455501415055x
======[Agent] Wallclock_time = 2025-06-09 16:24:10.930203 / 829.736316 / Sim_time = 277.00000412762165 / 0.3338406008578523x
======[Agent] Wallclock_time = 2025-06-09 16:24:11.053072 / 829.859185 / Sim_time = 277.0500041283667 / 0.3338514235724741x
======[Agent] Wallclock_time = 2025-06-09 16:24:11.166353 / 829.972466 / Sim_time = 277.10000412911177 / 0.33386609991832167x
======[Agent] Wallclock_time = 2025-06-09 16:24:11.276872 / 830.082985 / Sim_time = 277.1500041298568 / 0.33388188320469386x
======[Agent] Wallclock_time = 2025-06-09 16:24:11.391642 / 830.197755 / Sim_time = 277.2000041306019 / 0.33389595257897237x
======[Agent] Wallclock_time = 2025-06-09 16:24:11.494393 / 830.300506 / Sim_time = 277.25000413134694 / 0.3339148515663983x
======[Agent] Wallclock_time = 2025-06-09 16:24:11.623845 / 830.429958 / Sim_time = 277.300004132092 / 0.3339230088434299x
======[Agent] Wallclock_time = 2025-06-09 16:24:11.736324 / 830.542437 / Sim_time = 277.35000413283706 / 0.33393798780067546x
======[Agent] Wallclock_time = 2025-06-09 16:24:11.877753 / 830.683866 / Sim_time = 277.4000041335821 / 0.33394132418632766x
======[Agent] Wallclock_time = 2025-06-09 16:24:11.998977 / 830.80509 / Sim_time = 277.4500041343272 / 0.33395278088816993x
======[Agent] Wallclock_time = 2025-06-09 16:24:12.115536 / 830.921649 / Sim_time = 277.50000413507223 / 0.3339661092028703x
======[Agent] Wallclock_time = 2025-06-09 16:24:12.216476 / 831.022589 / Sim_time = 277.5500041358173 / 0.33398571088674267x
======[Agent] Wallclock_time = 2025-06-09 16:24:12.341955 / 831.148068 / Sim_time = 277.60000413656235 / 0.3339954465744072x
======[Agent] Wallclock_time = 2025-06-09 16:24:12.471960 / 831.278073 / Sim_time = 277.6500041373074 / 0.3340033607910967x
======[Agent] Wallclock_time = 2025-06-09 16:24:12.582744 / 831.388857 / Sim_time = 277.70000413805246 / 0.3340189945786799x
======[Agent] Wallclock_time = 2025-06-09 16:24:12.729474 / 831.535587 / Sim_time = 277.7500041387975 / 0.3340201844164886x
======[Agent] Wallclock_time = 2025-06-09 16:24:12.849156 / 831.655269 / Sim_time = 277.8000041395426 / 0.3340322372289393x
======[Agent] Wallclock_time = 2025-06-09 16:24:12.983537 / 831.78965 / Sim_time = 277.85000414028764 / 0.33403838350465664x
======[Agent] Wallclock_time = 2025-06-09 16:24:13.107333 / 831.913446 / Sim_time = 277.9000041410327 / 0.3340487780651338x
======[Agent] Wallclock_time = 2025-06-09 16:24:13.244443 / 832.050556 / Sim_time = 277.95000414177775 / 0.33405382411396844x
======[Agent] Wallclock_time = 2025-06-09 16:24:13.381913 / 832.188026 / Sim_time = 278.0000041425228 / 0.33405872398817577x
======[Agent] Wallclock_time = 2025-06-09 16:24:13.488573 / 832.294686 / Sim_time = 278.05000414326787 / 0.33407598864241606x
======[Agent] Wallclock_time = 2025-06-09 16:24:13.604450 / 832.410563 / Sim_time = 278.1000041440129 / 0.33408954957538584x
======[Agent] Wallclock_time = 2025-06-09 16:24:13.742696 / 832.548809 / Sim_time = 278.150004144758 / 0.3340941300303127x
======[Agent] Wallclock_time = 2025-06-09 16:24:13.861891 / 832.668004 / Sim_time = 278.20000414550304 / 0.33410635295546925x
======[Agent] Wallclock_time = 2025-06-09 16:24:13.980907 / 832.78702 / Sim_time = 278.2500041462481 / 0.33411864419741305x
======[Agent] Wallclock_time = 2025-06-09 16:24:14.108732 / 832.914845 / Sim_time = 278.30000414699316 / 0.33412739812506886x
======[Agent] Wallclock_time = 2025-06-09 16:24:14.233140 / 833.039253 / Sim_time = 278.3500041477382 / 0.3341375199401537x
======[Agent] Wallclock_time = 2025-06-09 16:24:14.369081 / 833.175194 / Sim_time = 278.4000041484833 / 0.3341430133906146x
======[Agent] Wallclock_time = 2025-06-09 16:24:14.516400 / 833.322513 / Sim_time = 278.45000414922833 / 0.33414394266495195x
======[Agent] Wallclock_time = 2025-06-09 16:24:14.622317 / 833.42843 / Sim_time = 278.5000041499734 / 0.33416147081579944x
======[Agent] Wallclock_time = 2025-06-09 16:24:14.730979 / 833.537092 / Sim_time = 278.55000415071845 / 0.334177893996857x
======[Agent] Wallclock_time = 2025-06-09 16:24:14.860865 / 833.666978 / Sim_time = 278.6000041514635 / 0.33418580478505977x
======[Agent] Wallclock_time = 2025-06-09 16:24:15.005523 / 833.811636 / Sim_time = 278.65000415220857 / 0.3341877924625366x
======[Agent] Wallclock_time = 2025-06-09 16:24:15.116313 / 833.922426 / Sim_time = 278.7000041529536 / 0.33420335184702393x
======[Agent] Wallclock_time = 2025-06-09 16:24:15.225383 / 834.031496 / Sim_time = 278.7500041536987 / 0.3342195963473571x
======[Agent] Wallclock_time = 2025-06-09 16:24:15.335090 / 834.141203 / Sim_time = 278.80000415444374 / 0.3342355813573957x
======[Agent] Wallclock_time = 2025-06-09 16:24:15.450087 / 834.2562 / Sim_time = 278.8500041551888 / 0.3342494426840893x
======[Agent] Wallclock_time = 2025-06-09 16:24:15.564318 / 834.370431 / Sim_time = 278.90000415593386 / 0.3342636070624689x
======[Agent] Wallclock_time = 2025-06-09 16:24:15.700412 / 834.506525 / Sim_time = 278.9500041566789 / 0.3342690099249601x
======[Agent] Wallclock_time = 2025-06-09 16:24:15.821655 / 834.627768 / Sim_time = 279.000004157424 / 0.33428035895046454x
======[Agent] Wallclock_time = 2025-06-09 16:24:15.941886 / 834.747999 / Sim_time = 279.05000415816903 / 0.33429210995456254x
======[Agent] Wallclock_time = 2025-06-09 16:24:16.069313 / 834.875426 / Sim_time = 279.1000041589141 / 0.33430097612902787x
======[Agent] Wallclock_time = 2025-06-09 16:24:16.190109 / 834.996222 / Sim_time = 279.15000415965915 / 0.33431249446678896x
======[Agent] Wallclock_time = 2025-06-09 16:24:16.318153 / 835.124266 / Sim_time = 279.2000041604042 / 0.3343211078952127x
======[Agent] Wallclock_time = 2025-06-09 16:24:16.436103 / 835.242216 / Sim_time = 279.25000416114926 / 0.3343337590917342x
======[Agent] Wallclock_time = 2025-06-09 16:24:16.544141 / 835.350254 / Sim_time = 279.3000041618943 / 0.3343503739588501x
======[Agent] Wallclock_time = 2025-06-09 16:24:16.672539 / 835.478652 / Sim_time = 279.3500041626394 / 0.33435883626120844x
======[Agent] Wallclock_time = 2025-06-09 16:24:16.796776 / 835.602889 / Sim_time = 279.40000416338444 / 0.33436896098910385x
======[Agent] Wallclock_time = 2025-06-09 16:24:16.915992 / 835.722105 / Sim_time = 279.4500041641295 / 0.33438109164653224x
======[Agent] Wallclock_time = 2025-06-09 16:24:17.025164 / 835.831277 / Sim_time = 279.50000416487455 / 0.33439723716828246x
======[Agent] Wallclock_time = 2025-06-09 16:24:17.130308 / 835.936421 / Sim_time = 279.5500041656196 / 0.3344149898579784x
======[Agent] Wallclock_time = 2025-06-09 16:24:17.220218 / 836.026331 / Sim_time = 279.60000416636467 / 0.33443883207971903x
======[Agent] Wallclock_time = 2025-06-09 16:24:17.329219 / 836.135332 / Sim_time = 279.6500041671097 / 0.3344550325880466x
======[Agent] Wallclock_time = 2025-06-09 16:24:17.444086 / 836.250199 / Sim_time = 279.7000041678548 / 0.3344688826782236x
======[Agent] Wallclock_time = 2025-06-09 16:24:17.566529 / 836.372642 / Sim_time = 279.75000416859984 / 0.33447969916847264x
======[Agent] Wallclock_time = 2025-06-09 16:24:17.682091 / 836.488204 / Sim_time = 279.8000041693449 / 0.33449326402704527x
======[Agent] Wallclock_time = 2025-06-09 16:24:17.814605 / 836.620718 / Sim_time = 279.85000417008996 / 0.3345000472126041x
======[Agent] Wallclock_time = 2025-06-09 16:24:17.932635 / 836.738748 / Sim_time = 279.900004170835 / 0.33451261857687564x
======[Agent] Wallclock_time = 2025-06-09 16:24:18.061355 / 836.867468 / Sim_time = 279.9500041715801 / 0.3345209132333805x
======[Agent] Wallclock_time = 2025-06-09 16:24:18.208079 / 837.014192 / Sim_time = 280.00000417232513 / 0.3345220096940906x
======[Agent] Wallclock_time = 2025-06-09 16:24:18.343375 / 837.149488 / Sim_time = 280.0500041730702 / 0.3345276723688301x
======[Agent] Wallclock_time = 2025-06-09 16:24:18.473136 / 837.279249 / Sim_time = 280.10000417381525 / 0.33453554470961283x
======[Agent] Wallclock_time = 2025-06-09 16:24:18.595500 / 837.401613 / Sim_time = 280.1500041745603 / 0.33454636972163393x
======[Agent] Wallclock_time = 2025-06-09 16:24:18.737888 / 837.544001 / Sim_time = 280.20000417530537 / 0.33454919298754837x
======[Agent] Wallclock_time = 2025-06-09 16:24:18.884971 / 837.691084 / Sim_time = 280.2500041760504 / 0.3345501402351206x
======[Agent] Wallclock_time = 2025-06-09 16:24:19.005908 / 837.812021 / Sim_time = 280.3000041767955 / 0.33456152763325875x
======[Agent] Wallclock_time = 2025-06-09 16:24:19.138204 / 837.944317 / Sim_time = 280.35000417754054 / 0.3345683763485256x
======[Agent] Wallclock_time = 2025-06-09 16:24:19.272378 / 838.078491 / Sim_time = 280.4000041782856 / 0.33457447317283845x
======[Agent] Wallclock_time = 2025-06-09 16:24:19.397621 / 838.203734 / Sim_time = 280.45000417903066 / 0.33458413297273343x
======[Agent] Wallclock_time = 2025-06-09 16:24:19.516508 / 838.322621 / Sim_time = 280.5000041797757 / 0.3345963267087469x
======[Agent] Wallclock_time = 2025-06-09 16:24:19.640911 / 838.447024 / Sim_time = 280.5500041805208 / 0.3346063156569867x
======[Agent] Wallclock_time = 2025-06-09 16:24:19.759346 / 838.565459 / Sim_time = 280.60000418126583 / 0.33461868307478515x
======[Agent] Wallclock_time = 2025-06-09 16:24:19.906031 / 838.712144 / Sim_time = 280.6500041820109 / 0.3346197757716444x
======[Agent] Wallclock_time = 2025-06-09 16:24:20.039778 / 838.845891 / Sim_time = 280.70000418275595 / 0.33462602912926087x
======[Agent] Wallclock_time = 2025-06-09 16:24:20.167770 / 838.973883 / Sim_time = 280.750004183501 / 0.33463457592389095x
======[Agent] Wallclock_time = 2025-06-09 16:24:20.285335 / 839.091448 / Sim_time = 280.80000418424606 / 0.3346472785609507x
======[Agent] Wallclock_time = 2025-06-09 16:24:20.399716 / 839.205829 / Sim_time = 280.8500041849911 / 0.334661247358595x
======[Agent] Wallclock_time = 2025-06-09 16:24:20.521949 / 839.328062 / Sim_time = 280.9000041857362 / 0.33467208143179505x
======[Agent] Wallclock_time = 2025-06-09 16:24:20.630770 / 839.436883 / Sim_time = 280.95000418648124 / 0.3346882596987599x
======[Agent] Wallclock_time = 2025-06-09 16:24:20.760424 / 839.566537 / Sim_time = 281.0000041872263 / 0.3346961284273981x
======[Agent] Wallclock_time = 2025-06-09 16:24:20.897396 / 839.703509 / Sim_time = 281.05000418797135 / 0.33470107779065333x
======[Agent] Wallclock_time = 2025-06-09 16:24:21.017474 / 839.823587 / Sim_time = 281.1000041887164 / 0.3347127585212225x
======[Agent] Wallclock_time = 2025-06-09 16:24:21.146863 / 839.952976 / Sim_time = 281.15000418946147 / 0.3347207254477732x
======[Agent] Wallclock_time = 2025-06-09 16:24:21.267147 / 840.07326 / Sim_time = 281.2000041902065 / 0.3347323178193872x
======[Agent] Wallclock_time = 2025-06-09 16:24:21.384563 / 840.190676 / Sim_time = 281.2500041909516 / 0.33474504952242773x
======[Agent] Wallclock_time = 2025-06-09 16:24:21.520829 / 840.326942 / Sim_time = 281.30000419169664 / 0.33475026847518136x
======[Agent] Wallclock_time = 2025-06-09 16:24:21.651429 / 840.457542 / Sim_time = 281.3500041924417 / 0.3347577425091382x
======[Agent] Wallclock_time = 2025-06-09 16:24:21.768054 / 840.574167 / Sim_time = 281.40000419318676 / 0.33477077986671805x
======[Agent] Wallclock_time = 2025-06-09 16:24:21.899287 / 840.7054 / Sim_time = 281.4500041939318 / 0.33477799644909545x
======[Agent] Wallclock_time = 2025-06-09 16:24:22.023271 / 840.829384 / Sim_time = 281.5000041946769 / 0.3347880970422649x
======[Agent] Wallclock_time = 2025-06-09 16:24:22.144164 / 840.950277 / Sim_time = 281.55000419542193 / 0.33479942524116285x
======[Agent] Wallclock_time = 2025-06-09 16:24:22.271584 / 841.077697 / Sim_time = 281.600004196167 / 0.3348081519607992x
======[Agent] Wallclock_time = 2025-06-09 16:24:22.405066 / 841.211179 / Sim_time = 281.65000419691205 / 0.3348144632567333x
======[Agent] Wallclock_time = 2025-06-09 16:24:22.568757 / 841.37487 / Sim_time = 281.7000041976571 / 0.3348087510492274x
======[Agent] Wallclock_time = 2025-06-09 16:24:22.702093 / 841.508206 / Sim_time = 281.75000419840217 / 0.3348151181110218x
======[Agent] Wallclock_time = 2025-06-09 16:24:22.813065 / 841.619178 / Sim_time = 281.8000041991472 / 0.3348303802183165x
======[Agent] Wallclock_time = 2025-06-09 16:24:22.922536 / 841.728649 / Sim_time = 281.8500041998923 / 0.3348462354091228x
======[Agent] Wallclock_time = 2025-06-09 16:24:23.042264 / 841.848377 / Sim_time = 281.90000420063734 / 0.3348580065536324x
======[Agent] Wallclock_time = 2025-06-09 16:24:23.165920 / 841.972033 / Sim_time = 281.9500042013824 / 0.3348682121050573x
======[Agent] Wallclock_time = 2025-06-09 16:24:23.296316 / 842.102429 / Sim_time = 282.00000420212746 / 0.33487573437030554x
======[Agent] Wallclock_time = 2025-06-09 16:24:23.410630 / 842.216743 / Sim_time = 282.0500042028725 / 0.33488964884330696x
======[Agent] Wallclock_time = 2025-06-09 16:24:23.533690 / 842.339803 / Sim_time = 282.1000042036176 / 0.3349000822457102x
======[Agent] Wallclock_time = 2025-06-09 16:24:23.691580 / 842.497693 / Sim_time = 282.15000420436263 / 0.334896666960601x
======[Agent] Wallclock_time = 2025-06-09 16:24:23.830521 / 842.636634 / Sim_time = 282.2000042051077 / 0.33490078394137773x
======[Agent] Wallclock_time = 2025-06-09 16:24:23.951723 / 842.757836 / Sim_time = 282.25000420585275 / 0.33491194888623244x
======[Agent] Wallclock_time = 2025-06-09 16:24:24.086894 / 842.893007 / Sim_time = 282.3000042065978 / 0.3349175600516493x
======[Agent] Wallclock_time = 2025-06-09 16:24:24.203580 / 843.009693 / Sim_time = 282.35000420734286 / 0.33493051339900726x
======[Agent] Wallclock_time = 2025-06-09 16:24:24.332647 / 843.13876 / Sim_time = 282.4000042080879 / 0.3349385447177677x
======[Agent] Wallclock_time = 2025-06-09 16:24:24.446755 / 843.252868 / Sim_time = 282.450004208833 / 0.33495251540172355x
======[Agent] Wallclock_time = 2025-06-09 16:24:24.580996 / 843.387109 / Sim_time = 282.50000420957804 / 0.33495848612868934x
======[Agent] Wallclock_time = 2025-06-09 16:24:24.700464 / 843.506577 / Sim_time = 282.5500042103231 / 0.3349703214465886x
======[Agent] Wallclock_time = 2025-06-09 16:24:24.830818 / 843.636931 / Sim_time = 282.60000421106815 / 0.33497783092338007x
======[Agent] Wallclock_time = 2025-06-09 16:24:24.945389 / 843.751502 / Sim_time = 282.6500042118132 / 0.3349916042226008x
======[Agent] Wallclock_time = 2025-06-09 16:24:25.092374 / 843.898487 / Sim_time = 282.70000421255827 / 0.3349925062966157x
======[Agent] Wallclock_time = 2025-06-09 16:24:25.194049 / 844.000162 / Sim_time = 282.7500042133033 / 0.33501139209723424x
======[Agent] Wallclock_time = 2025-06-09 16:24:25.314363 / 844.120476 / Sim_time = 282.8000042140484 / 0.3350228755630527x
======[Agent] Wallclock_time = 2025-06-09 16:24:25.419374 / 844.225487 / Sim_time = 282.85000421479344 / 0.3350404288071021x
======[Agent] Wallclock_time = 2025-06-09 16:24:25.542859 / 844.348972 / Sim_time = 282.9000042155385 / 0.3350506467661001x
======[Agent] Wallclock_time = 2025-06-09 16:24:25.657772 / 844.463885 / Sim_time = 282.95000421628356 / 0.3350642628749253x
======[Agent] Wallclock_time = 2025-06-09 16:24:25.787721 / 844.593834 / Sim_time = 283.0000042170286 / 0.33507191001481856x
======[Agent] Wallclock_time = 2025-06-09 16:24:25.920087 / 844.7262 / Sim_time = 283.0500042177737 / 0.3350785960458876x
======[Agent] Wallclock_time = 2025-06-09 16:24:26.026965 / 844.833078 / Sim_time = 283.10000421851873 / 0.33509538924934174x
======[Agent] Wallclock_time = 2025-06-09 16:24:26.164016 / 844.970129 / Sim_time = 283.1500042192638 / 0.33510021171298954x
======[Agent] Wallclock_time = 2025-06-09 16:24:26.296299 / 845.102412 / Sim_time = 283.20000422000885 / 0.33510692324599073x
======[Agent] Wallclock_time = 2025-06-09 16:24:26.414380 / 845.220493 / Sim_time = 283.2500042207539 / 0.33511926349079946x
======[Agent] Wallclock_time = 2025-06-09 16:24:26.529739 / 845.335852 / Sim_time = 283.30000422149897 / 0.3351326794179546x
======[Agent] Wallclock_time = 2025-06-09 16:24:26.643656 / 845.449769 / Sim_time = 283.350004222244 / 0.3351466633088414x
======[Agent] Wallclock_time = 2025-06-09 16:24:26.760059 / 845.566172 / Sim_time = 283.4000042229891 / 0.3351596580466455x
======[Agent] Wallclock_time = 2025-06-09 16:24:26.891854 / 845.697967 / Sim_time = 283.45000422373414 / 0.335166548954451x
======[Agent] Wallclock_time = 2025-06-09 16:24:27.018558 / 845.824671 / Sim_time = 283.5000042244792 / 0.33517545511394065x
======[Agent] Wallclock_time = 2025-06-09 16:24:27.137811 / 845.943924 / Sim_time = 283.55000422522426 / 0.3351873108765462x
======[Agent] Wallclock_time = 2025-06-09 16:24:27.261193 / 846.067306 / Sim_time = 283.6000042259693 / 0.33519752745113385x
======[Agent] Wallclock_time = 2025-06-09 16:24:27.371007 / 846.17712 / Sim_time = 283.6500042267144 / 0.33521311591785713x
======[Agent] Wallclock_time = 2025-06-09 16:24:27.528896 / 846.335009 / Sim_time = 283.70000422745943 / 0.33520965811518416x
======[Agent] Wallclock_time = 2025-06-09 16:24:27.655847 / 846.46196 / Sim_time = 283.7500042282045 / 0.33521845330149413x
======[Agent] Wallclock_time = 2025-06-09 16:24:27.789633 / 846.595746 / Sim_time = 283.80000422894955 / 0.335224539392394x
======[Agent] Wallclock_time = 2025-06-09 16:24:27.906005 / 846.712118 / Sim_time = 283.8500042296946 / 0.33523751811023034x
======[Agent] Wallclock_time = 2025-06-09 16:24:28.029742 / 846.835855 / Sim_time = 283.90000423043966 / 0.33524757756373236x
======[Agent] Wallclock_time = 2025-06-09 16:24:28.145664 / 846.951777 / Sim_time = 283.9500042311847 / 0.3352607275661424x
======[Agent] Wallclock_time = 2025-06-09 16:24:28.279947 / 847.08606 / Sim_time = 284.0000042319298 / 0.33526660675459946x
======[Agent] Wallclock_time = 2025-06-09 16:24:28.400601 / 847.206714 / Sim_time = 284.05000423267484 / 0.33527787759575906x
======[Agent] Wallclock_time = 2025-06-09 16:24:28.523906 / 847.330019 / Sim_time = 284.1000042334199 / 0.3352880962256144x
======[Agent] Wallclock_time = 2025-06-09 16:24:28.638146 / 847.444259 / Sim_time = 284.15000423416495 / 0.3353018985196364x
======[Agent] Wallclock_time = 2025-06-09 16:24:28.761794 / 847.567907 / Sim_time = 284.20000423491 / 0.33531197509456306x
======[Agent] Wallclock_time = 2025-06-09 16:24:28.876318 / 847.682431 / Sim_time = 284.25000423565507 / 0.33532565795267394x
======[Agent] Wallclock_time = 2025-06-09 16:24:29.000115 / 847.806228 / Sim_time = 284.3000042364001 / 0.3353356692972192x
======[Agent] Wallclock_time = 2025-06-09 16:24:29.120689 / 847.926802 / Sim_time = 284.3500042371452 / 0.3353469523778455x
======[Agent] Wallclock_time = 2025-06-09 16:24:29.254637 / 848.06075 / Sim_time = 284.40000423789024 / 0.3353529436245536x
======[Agent] Wallclock_time = 2025-06-09 16:24:29.368417 / 848.17453 / Sim_time = 284.4500042386353 / 0.33536690717620127x
======[Agent] Wallclock_time = 2025-06-09 16:24:29.480337 / 848.28645 / Sim_time = 284.50000423938036 / 0.3353816023558764x
======[Agent] Wallclock_time = 2025-06-09 16:24:29.593001 / 848.399114 / Sim_time = 284.5500042401254 / 0.33539599953439586x
======[Agent] Wallclock_time = 2025-06-09 16:24:29.709370 / 848.515483 / Sim_time = 284.6000042408705 / 0.33540892833883873x
======[Agent] Wallclock_time = 2025-06-09 16:24:29.826534 / 848.632647 / Sim_time = 284.65000424161553 / 0.33542153937435804x
======[Agent] Wallclock_time = 2025-06-09 16:24:29.971442 / 848.777555 / Sim_time = 284.7000042423606 / 0.3354231826019221x
======[Agent] Wallclock_time = 2025-06-09 16:24:30.085358 / 848.891471 / Sim_time = 284.75000424310565 / 0.3354370712084047x
======[Agent] Wallclock_time = 2025-06-09 16:24:30.220801 / 849.026914 / Sim_time = 284.8000042438507 / 0.3354424507694699x
======[Agent] Wallclock_time = 2025-06-09 16:24:30.356395 / 849.162508 / Sim_time = 284.85000424459577 / 0.3354477689644145x
======[Agent] Wallclock_time = 2025-06-09 16:24:30.472666 / 849.278779 / Sim_time = 284.9000042453408 / 0.3354607177634696x
======[Agent] Wallclock_time = 2025-06-09 16:24:30.600043 / 849.406156 / Sim_time = 284.9500042460859 / 0.33546927669877774x
======[Agent] Wallclock_time = 2025-06-09 16:24:30.735493 / 849.541606 / Sim_time = 285.00000424683094 / 0.33547464510194436x
======[Agent] Wallclock_time = 2025-06-09 16:24:30.858001 / 849.664114 / Sim_time = 285.050004247576 / 0.3354851217859652x
======[Agent] Wallclock_time = 2025-06-09 16:24:30.988515 / 849.794628 / Sim_time = 285.10000424832106 / 0.33549243471551615x
======[Agent] Wallclock_time = 2025-06-09 16:24:31.127233 / 849.933346 / Sim_time = 285.1500042490661 / 0.3354965069843949x
======[Agent] Wallclock_time = 2025-06-09 16:24:31.247783 / 850.053896 / Sim_time = 285.2000042498112 / 0.33550774848994125x
======[Agent] Wallclock_time = 2025-06-09 16:24:31.381352 / 850.187465 / Sim_time = 285.25000425055623 / 0.3355138489800097x
======[Agent] Wallclock_time = 2025-06-09 16:24:31.497754 / 850.303867 / Sim_time = 285.3000042513013 / 0.3355267214427238x
======[Agent] Wallclock_time = 2025-06-09 16:24:31.640843 / 850.446956 / Sim_time = 285.35000425204635 / 0.33552906117167075x
======[Agent] Wallclock_time = 2025-06-09 16:24:31.774459 / 850.580572 / Sim_time = 285.4000042527914 / 0.33553513695543763x
======[Agent] Wallclock_time = 2025-06-09 16:24:31.888437 / 850.69455 / Sim_time = 285.45000425353646 / 0.3355489566784926x
======[Agent] Wallclock_time = 2025-06-09 16:24:32.006759 / 850.812872 / Sim_time = 285.5000042542815 / 0.33556105941615577x
======[Agent] Wallclock_time = 2025-06-09 16:24:32.124569 / 850.930682 / Sim_time = 285.5500042550266 / 0.33557336070021493x
======[Agent] Wallclock_time = 2025-06-09 16:24:32.234271 / 851.040384 / Sim_time = 285.60000425577164 / 0.3355888557538956x
======[Agent] Wallclock_time = 2025-06-09 16:24:32.346722 / 851.152835 / Sim_time = 285.6500042565167 / 0.3356032629007854x
======[Agent] Wallclock_time = 2025-06-09 16:24:32.487834 / 851.293947 / Sim_time = 285.70000425726175 / 0.33560636682278083x
======[Agent] Wallclock_time = 2025-06-09 16:24:32.608043 / 851.414156 / Sim_time = 285.7500042580068 / 0.33561770922716205x
======[Agent] Wallclock_time = 2025-06-09 16:24:32.751925 / 851.558038 / Sim_time = 285.80000425875187 / 0.3356197180761434x
======[Agent] Wallclock_time = 2025-06-09 16:24:32.871337 / 851.67745 / Sim_time = 285.8500042594969 / 0.3356313691622665x
======[Agent] Wallclock_time = 2025-06-09 16:24:32.998640 / 851.804753 / Sim_time = 285.900004260242 / 0.33563990763542306x
======[Agent] Wallclock_time = 2025-06-09 16:24:33.144250 / 851.950363 / Sim_time = 285.95000426098704 / 0.3356412310370199x
======[Agent] Wallclock_time = 2025-06-09 16:24:33.275811 / 852.081924 / Sim_time = 286.0000042617321 / 0.3356480880043221x
======[Agent] Wallclock_time = 2025-06-09 16:24:33.390300 / 852.196413 / Sim_time = 286.05000426247716 / 0.3356616670021236x
======[Agent] Wallclock_time = 2025-06-09 16:24:33.507351 / 852.313464 / Sim_time = 286.1000042632222 / 0.3356742333346372x
======[Agent] Wallclock_time = 2025-06-09 16:24:33.633904 / 852.440017 / Sim_time = 286.1500042639673 / 0.3356830543783738x
======[Agent] Wallclock_time = 2025-06-09 16:24:33.737851 / 852.543964 / Sim_time = 286.20000426471233 / 0.3357007739766701x
======[Agent] Wallclock_time = 2025-06-09 16:24:33.882044 / 852.688157 / Sim_time = 286.2500042654574 / 0.33570264370730984x
======[Agent] Wallclock_time = 2025-06-09 16:24:33.992012 / 852.798125 / Sim_time = 286.30000426620245 / 0.3357179854824575x
======[Agent] Wallclock_time = 2025-06-09 16:24:34.106571 / 852.912684 / Sim_time = 286.3500042669475 / 0.33573151614125996x
======[Agent] Wallclock_time = 2025-06-09 16:24:34.225301 / 853.031414 / Sim_time = 286.40000426769257 / 0.33574340150184795x
======[Agent] Wallclock_time = 2025-06-09 16:24:34.324379 / 853.130492 / Sim_time = 286.4500042684376 / 0.33576301772299083x
======[Agent] Wallclock_time = 2025-06-09 16:24:34.433778 / 853.239891 / Sim_time = 286.5000042691827 / 0.33577856768374537x
======[Agent] Wallclock_time = 2025-06-09 16:24:34.552433 / 853.358546 / Sim_time = 286.55000426992774 / 0.3357904714526129x
======[Agent] Wallclock_time = 2025-06-09 16:24:34.678147 / 853.48426 / Sim_time = 286.6000042706728 / 0.33579959455969144x
======[Agent] Wallclock_time = 2025-06-09 16:24:34.800315 / 853.606428 / Sim_time = 286.65000427141786 / 0.3358101099741342x
======[Agent] Wallclock_time = 2025-06-09 16:24:34.910895 / 853.717008 / Sim_time = 286.7000042721629 / 0.335825180663359x
======[Agent] Wallclock_time = 2025-06-09 16:24:35.078890 / 853.885003 / Sim_time = 286.750004272908 / 0.33581766566667565x
======[Agent] Wallclock_time = 2025-06-09 16:24:35.207104 / 854.013217 / Sim_time = 286.80000427365303 / 0.3358257960635953x
======[Agent] Wallclock_time = 2025-06-09 16:24:35.345418 / 854.151531 / Sim_time = 286.8500042743981 / 0.33582995292253964x
======[Agent] Wallclock_time = 2025-06-09 16:24:35.470700 / 854.276813 / Sim_time = 286.90000427514315 / 0.33583923158161566x
======[Agent] Wallclock_time = 2025-06-09 16:24:35.594233 / 854.400346 / Sim_time = 286.9500042758882 / 0.335849195017406x
======[Agent] Wallclock_time = 2025-06-09 16:24:35.716417 / 854.52253 / Sim_time = 287.00000427663326 / 0.33585968577908354x
======[Agent] Wallclock_time = 2025-06-09 16:24:35.829182 / 854.635295 / Sim_time = 287.0500042773783 / 0.3358738751873138x
======[Agent] Wallclock_time = 2025-06-09 16:24:35.936362 / 854.742475 / Sim_time = 287.1000042781234 / 0.33589025558589186x
======[Agent] Wallclock_time = 2025-06-09 16:24:36.059472 / 854.865585 / Sim_time = 287.15000427886844 / 0.33590037242930537x
======[Agent] Wallclock_time = 2025-06-09 16:24:36.171208 / 854.977321 / Sim_time = 287.2000042796135 / 0.335914955064239x
======[Agent] Wallclock_time = 2025-06-09 16:24:36.290088 / 855.096201 / Sim_time = 287.25000428035855 / 0.3359267273292812x
======[Agent] Wallclock_time = 2025-06-09 16:24:36.394630 / 855.200743 / Sim_time = 287.3000042811036 / 0.335944128543601x
======[Agent] Wallclock_time = 2025-06-09 16:24:36.490470 / 855.296583 / Sim_time = 287.35000428184867 / 0.33596494365616447x
======[Agent] Wallclock_time = 2025-06-09 16:24:36.600991 / 855.407104 / Sim_time = 287.4000042825937 / 0.33597998772594484x
======[Agent] Wallclock_time = 2025-06-09 16:24:36.729260 / 855.535373 / Sim_time = 287.4500042833388 / 0.33598805773198703x
======[Agent] Wallclock_time = 2025-06-09 16:24:36.839896 / 855.646009 / Sim_time = 287.50000428408384 / 0.33600304945854587x
======[Agent] Wallclock_time = 2025-06-09 16:24:36.967004 / 855.773117 / Sim_time = 287.5500042848289 / 0.33601156961005507x
======[Agent] Wallclock_time = 2025-06-09 16:24:37.095222 / 855.901335 / Sim_time = 287.60000428557396 / 0.33601965145424445x
======[Agent] Wallclock_time = 2025-06-09 16:24:37.221592 / 856.027705 / Sim_time = 287.650004286319 / 0.3360284562961227x
======[Agent] Wallclock_time = 2025-06-09 16:24:37.344693 / 856.150806 / Sim_time = 287.7000042870641 / 0.33603854161240193x
======[Agent] Wallclock_time = 2025-06-09 16:24:37.470338 / 856.276451 / Sim_time = 287.75000428780913 / 0.33604762562854074x
======[Agent] Wallclock_time = 2025-06-09 16:24:37.596423 / 856.402536 / Sim_time = 287.8000042885542 / 0.33605653432116867x
======[Agent] Wallclock_time = 2025-06-09 16:24:37.736425 / 856.542538 / Sim_time = 287.85000428929925 / 0.3360599800465709x
======[Agent] Wallclock_time = 2025-06-09 16:24:37.857680 / 856.663793 / Sim_time = 287.9000042900443 / 0.33607077895874765x
======[Agent] Wallclock_time = 2025-06-09 16:24:37.969916 / 856.776029 / Sim_time = 287.95000429078937 / 0.3360851126306158x
======[Agent] Wallclock_time = 2025-06-09 16:24:38.114362 / 856.920475 / Sim_time = 288.0000042915344 / 0.3360868092278052x
======[Agent] Wallclock_time = 2025-06-09 16:24:38.242906 / 857.049019 / Sim_time = 288.0500042922795 / 0.3360947411545177x
======[Agent] Wallclock_time = 2025-06-09 16:24:38.371396 / 857.177509 / Sim_time = 288.10000429302454 / 0.3361026918758465x
======[Agent] Wallclock_time = 2025-06-09 16:24:38.492651 / 857.298764 / Sim_time = 288.1500042937696 / 0.3361134767485712x
======[Agent] Wallclock_time = 2025-06-09 16:24:38.608705 / 857.414818 / Sim_time = 288.20000429451466 / 0.3361262974676246x
======[Agent] Wallclock_time = 2025-06-09 16:24:38.731714 / 857.537827 / Sim_time = 288.2500042952597 / 0.3361363884871183x
======[Agent] Wallclock_time = 2025-06-09 16:24:38.859213 / 857.665326 / Sim_time = 288.3000042960048 / 0.3361447168394539x
======[Agent] Wallclock_time = 2025-06-09 16:24:39.001214 / 857.807327 / Sim_time = 288.35000429674983 / 0.3361473597548207x
======[Agent] Wallclock_time = 2025-06-09 16:24:39.136047 / 857.94216 / Sim_time = 288.4000042974949 / 0.33615281028348654x
======[Agent] Wallclock_time = 2025-06-09 16:24:39.267826 / 858.073939 / Sim_time = 288.45000429823995 / 0.33615945553007226x
======[Agent] Wallclock_time = 2025-06-09 16:24:39.379654 / 858.185767 / Sim_time = 288.500004298985 / 0.3361739138760048x
======[Agent] Wallclock_time = 2025-06-09 16:24:39.503633 / 858.309746 / Sim_time = 288.55000429973006 / 0.3361836090768577x
======[Agent] Wallclock_time = 2025-06-09 16:24:39.628819 / 858.434932 / Sim_time = 288.6000043004751 / 0.3361928287741748x
======[Agent] Wallclock_time = 2025-06-09 16:24:39.764384 / 858.570497 / Sim_time = 288.6500043012202 / 0.33619798154238073x
======[Agent] Wallclock_time = 2025-06-09 16:24:39.883952 / 858.690065 / Sim_time = 288.70000430196524 / 0.33620939598569743x
======[Agent] Wallclock_time = 2025-06-09 16:24:40.013870 / 858.819983 / Sim_time = 288.7500043027103 / 0.3362167553173422x
======[Agent] Wallclock_time = 2025-06-09 16:24:40.149406 / 858.955519 / Sim_time = 288.80000430345535 / 0.33622191335095436x
======[Agent] Wallclock_time = 2025-06-09 16:24:40.257740 / 859.063853 / Sim_time = 288.8500043042004 / 0.33623771627425714x
======[Agent] Wallclock_time = 2025-06-09 16:24:40.375357 / 859.18147 / Sim_time = 288.90000430494547 / 0.3362498821757216x
======[Agent] Wallclock_time = 2025-06-09 16:24:40.483186 / 859.289299 / Sim_time = 288.9500043056905 / 0.33626587503892036x
======[Agent] Wallclock_time = 2025-06-09 16:24:40.615722 / 859.421835 / Sim_time = 289.0000043064356 / 0.3362721963356205x
======[Agent] Wallclock_time = 2025-06-09 16:24:40.727649 / 859.533762 / Sim_time = 289.05000430718064 / 0.336286578607487x
======[Agent] Wallclock_time = 2025-06-09 16:24:40.843302 / 859.649415 / Sim_time = 289.1000043079257 / 0.33629949949820676x
======[Agent] Wallclock_time = 2025-06-09 16:24:40.970318 / 859.776431 / Sim_time = 289.15000430867076 / 0.33630797213688524x
======[Agent] Wallclock_time = 2025-06-09 16:24:41.083429 / 859.889542 / Sim_time = 289.2000043094158 / 0.3363218807323686x
======[Agent] Wallclock_time = 2025-06-09 16:24:41.189669 / 859.995782 / Sim_time = 289.2500043101609 / 0.336338472845775x
======[Agent] Wallclock_time = 2025-06-09 16:24:41.290107 / 860.09622 / Sim_time = 289.30000431090593 / 0.3363573298270932x
======[Agent] Wallclock_time = 2025-06-09 16:24:41.410868 / 860.216981 / Sim_time = 289.350004311651 / 0.3363682353806215x
======[Agent] Wallclock_time = 2025-06-09 16:24:41.522564 / 860.328677 / Sim_time = 289.40000431239605 / 0.3363826821847459x
======[Agent] Wallclock_time = 2025-06-09 16:24:41.645232 / 860.451345 / Sim_time = 289.4500043131411 / 0.3363928356928833x
======[Agent] Wallclock_time = 2025-06-09 16:24:41.755470 / 860.561583 / Sim_time = 289.50000431388617 / 0.3364078453244651x
======[Agent] Wallclock_time = 2025-06-09 16:24:41.874379 / 860.680492 / Sim_time = 289.5500043146312 / 0.3364194617939237x
======[Agent] Wallclock_time = 2025-06-09 16:24:42.008396 / 860.814509 / Sim_time = 289.6000043153763 / 0.3364251704198516x
======[Agent] Wallclock_time = 2025-06-09 16:24:42.144961 / 860.951074 / Sim_time = 289.65000431612134 / 0.33642988159654674x
======[Agent] Wallclock_time = 2025-06-09 16:24:42.301543 / 861.107656 / Sim_time = 289.7000043168664 / 0.33642677065002863x
======[Agent] Wallclock_time = 2025-06-09 16:24:42.427576 / 861.233689 / Sim_time = 289.75000431761146 / 0.3364355941747389x
======[Agent] Wallclock_time = 2025-06-09 16:24:42.534508 / 861.340621 / Sim_time = 289.8000043183565 / 0.33645187606504445x
======[Agent] Wallclock_time = 2025-06-09 16:24:42.664092 / 861.470205 / Sim_time = 289.8500043191016 / 0.33645930663358803x
======[Agent] Wallclock_time = 2025-06-09 16:24:42.778513 / 861.584626 / Sim_time = 289.90000431984663 / 0.33647265642735624x
======[Agent] Wallclock_time = 2025-06-09 16:24:42.885839 / 861.691952 / Sim_time = 289.9500043205917 / 0.3364887732313629x
======[Agent] Wallclock_time = 2025-06-09 16:24:43.000450 / 861.806563 / Sim_time = 290.00000432133675 / 0.3365020414903655x
======[Agent] Wallclock_time = 2025-06-09 16:24:43.125633 / 861.931746 / Sim_time = 290.0500043220818 / 0.33651117870637415x
======[Agent] Wallclock_time = 2025-06-09 16:24:43.240395 / 862.046508 / Sim_time = 290.10000432282686 / 0.3365243813486285x
======[Agent] Wallclock_time = 2025-06-09 16:24:43.372689 / 862.178802 / Sim_time = 290.1500043235719 / 0.33653073715077814x
======[Agent] Wallclock_time = 2025-06-09 16:24:43.497357 / 862.30347 / Sim_time = 290.200004324317 / 0.33654006725062785x
======[Agent] Wallclock_time = 2025-06-09 16:24:43.621077 / 862.42719 / Sim_time = 290.25000432506204 / 0.3365497645955451x
======[Agent] Wallclock_time = 2025-06-09 16:24:43.746960 / 862.553073 / Sim_time = 290.3000043258071 / 0.33655861517890845x
======[Agent] Wallclock_time = 2025-06-09 16:24:43.871105 / 862.677218 / Sim_time = 290.35000432655215 / 0.3365681412470207x
======[Agent] Wallclock_time = 2025-06-09 16:24:44.003463 / 862.809576 / Sim_time = 290.4000043272972 / 0.33657446072763164x
======[Agent] Wallclock_time = 2025-06-09 16:24:44.141378 / 862.947491 / Sim_time = 290.45000432804227 / 0.3365786108409132x
======[Agent] Wallclock_time = 2025-06-09 16:24:44.280956 / 863.087069 / Sim_time = 290.5000043287873 / 0.33658211109947267x
======[Agent] Wallclock_time = 2025-06-09 16:24:44.439216 / 863.245329 / Sim_time = 290.5500043295324 / 0.33657832598733517x
======[Agent] Wallclock_time = 2025-06-09 16:24:44.559178 / 863.365291 / Sim_time = 290.60000433027744 / 0.33658947234746445x
======[Agent] Wallclock_time = 2025-06-09 16:24:44.691800 / 863.497913 / Sim_time = 290.6500043310225 / 0.3365956806143918x
======[Agent] Wallclock_time = 2025-06-09 16:24:44.801241 / 863.607354 / Sim_time = 290.70000433176756 / 0.3366109220520203x
======[Agent] Wallclock_time = 2025-06-09 16:24:44.910268 / 863.716381 / Sim_time = 290.7500043325126 / 0.33662632098000195x
======[Agent] Wallclock_time = 2025-06-09 16:24:45.070957 / 863.87707 / Sim_time = 290.8000043332577 / 0.33662158403124837x
======[Agent] Wallclock_time = 2025-06-09 16:24:45.191497 / 863.99761 / Sim_time = 290.85000433400273 / 0.3366324910337561x
======[Agent] Wallclock_time = 2025-06-09 16:24:45.300749 / 864.106862 / Sim_time = 290.9000043347478 / 0.3366477926279391x
======[Agent] Wallclock_time = 2025-06-09 16:24:45.419081 / 864.225194 / Sim_time = 290.95000433549285 / 0.3366595531996718x
======[Agent] Wallclock_time = 2025-06-09 16:24:45.535533 / 864.341646 / Sim_time = 291.0000043362379 / 0.33667204283269614x
======[Agent] Wallclock_time = 2025-06-09 16:24:45.658865 / 864.464978 / Sim_time = 291.05000433698297 / 0.3366818495394656x
======[Agent] Wallclock_time = 2025-06-09 16:24:45.792869 / 864.598982 / Sim_time = 291.100004337728 / 0.33668749756893707x
======[Agent] Wallclock_time = 2025-06-09 16:24:45.919240 / 864.725353 / Sim_time = 291.1500043384731 / 0.3366961158618385x
======[Agent] Wallclock_time = 2025-06-09 16:24:46.046404 / 864.852517 / Sim_time = 291.20000433921814 / 0.3367044229054319x
======[Agent] Wallclock_time = 2025-06-09 16:24:46.162532 / 864.968645 / Sim_time = 291.2500043399632 / 0.3367170235667209x
======[Agent] Wallclock_time = 2025-06-09 16:24:46.273283 / 865.079396 / Sim_time = 291.30000434070826 / 0.3367317138240967x
======[Agent] Wallclock_time = 2025-06-09 16:24:46.382901 / 865.189014 / Sim_time = 291.3500043414533 / 0.33674684130306354x
======[Agent] Wallclock_time = 2025-06-09 16:24:46.492624 / 865.298737 / Sim_time = 291.4000043421984 / 0.3367619240848081x
======[Agent] Wallclock_time = 2025-06-09 16:24:46.597992 / 865.404105 / Sim_time = 291.45000434294343 / 0.33677869781337083x
======[Agent] Wallclock_time = 2025-06-09 16:24:46.704604 / 865.510717 / Sim_time = 291.5000043436885 / 0.33679498338170794x
======[Agent] Wallclock_time = 2025-06-09 16:24:46.842150 / 865.648263 / Sim_time = 291.55000434443355 / 0.33679922897876197x
======[Agent] Wallclock_time = 2025-06-09 16:24:46.956937 / 865.76305 / Sim_time = 291.6000043451786 / 0.33681232703665465x
======[Agent] Wallclock_time = 2025-06-09 16:24:47.067238 / 865.873351 / Sim_time = 291.65000434592366 / 0.3368271666773551x
======[Agent] Wallclock_time = 2025-06-09 16:24:47.202249 / 866.008362 / Sim_time = 291.7000043466687 / 0.3368323913646891x
======[Agent] Wallclock_time = 2025-06-09 16:24:47.310352 / 866.116465 / Sim_time = 291.7500043474138 / 0.3368480790852241x
======[Agent] Wallclock_time = 2025-06-09 16:24:47.457626 / 866.263739 / Sim_time = 291.80000434815884 / 0.33684853049081437x
======[Agent] Wallclock_time = 2025-06-09 16:24:47.587517 / 866.39363 / Sim_time = 291.8500043489039 / 0.33685574014800146x
======[Agent] Wallclock_time = 2025-06-09 16:24:47.720439 / 866.526552 / Sim_time = 291.90000434964895 / 0.3368617693412349x
======[Agent] Wallclock_time = 2025-06-09 16:24:47.850352 / 866.656465 / Sim_time = 291.950004350394 / 0.33686896627653695x
======[Agent] Wallclock_time = 2025-06-09 16:24:47.973724 / 866.779837 / Sim_time = 292.00000435113907 / 0.3368787032276523x
======[Agent] Wallclock_time = 2025-06-09 16:24:48.114202 / 866.920315 / Sim_time = 292.0500043518841 / 0.33688178996023893x
======[Agent] Wallclock_time = 2025-06-09 16:24:48.232001 / 867.038114 / Sim_time = 292.1000043526292 / 0.33689368753510374x
======[Agent] Wallclock_time = 2025-06-09 16:24:48.352129 / 867.158242 / Sim_time = 292.15000435337424 / 0.3369046770228325x
======[Agent] Wallclock_time = 2025-06-09 16:24:48.485766 / 867.291879 / Sim_time = 292.2000043541193 / 0.3369104156499356x
======[Agent] Wallclock_time = 2025-06-09 16:24:48.630360 / 867.436473 / Sim_time = 292.25000435486436 / 0.3369118967666092x
======[Agent] Wallclock_time = 2025-06-09 16:24:48.746269 / 867.552382 / Sim_time = 292.3000043556094 / 0.33692451717698385x
======[Agent] Wallclock_time = 2025-06-09 16:24:48.862384 / 867.668497 / Sim_time = 292.3500043563545 / 0.33693705422072073x
======[Agent] Wallclock_time = 2025-06-09 16:24:48.966576 / 867.772689 / Sim_time = 292.40000435709953 / 0.3369542175149995x
======[Agent] Wallclock_time = 2025-06-09 16:24:49.070358 / 867.876471 / Sim_time = 292.4500043578446 / 0.3369715358792216x
======[Agent] Wallclock_time = 2025-06-09 16:24:49.189411 / 867.995524 / Sim_time = 292.50000435858965 / 0.33698292132629515x
======[Agent] Wallclock_time = 2025-06-09 16:24:49.305468 / 868.111581 / Sim_time = 292.5500043593347 / 0.3369954666736188x
======[Agent] Wallclock_time = 2025-06-09 16:24:49.430046 / 868.236159 / Sim_time = 292.60000436007977 / 0.3370047012236662x
======[Agent] Wallclock_time = 2025-06-09 16:24:49.556141 / 868.362254 / Sim_time = 292.6500043608248 / 0.33701334437261304x
======[Agent] Wallclock_time = 2025-06-09 16:24:49.687121 / 868.493234 / Sim_time = 292.7000043615699 / 0.33702008937179645x
======[Agent] Wallclock_time = 2025-06-09 16:24:49.815030 / 868.621143 / Sim_time = 292.75000436231494 / 0.3370280238899171x
======[Agent] Wallclock_time = 2025-06-09 16:24:49.937343 / 868.743456 / Sim_time = 292.80000436306 / 0.3370381270819413x
======[Agent] Wallclock_time = 2025-06-09 16:24:50.050788 / 868.856901 / Sim_time = 292.85000436380506 / 0.3370516675128964x
======[Agent] Wallclock_time = 2025-06-09 16:24:50.164275 / 868.970388 / Sim_time = 292.9000043645501 / 0.3370651881170455x
======[Agent] Wallclock_time = 2025-06-09 16:24:50.273385 / 869.079498 / Sim_time = 292.9500043652952 / 0.3370804028389269x
======[Agent] Wallclock_time = 2025-06-09 16:24:50.397580 / 869.203693 / Sim_time = 293.00000436604023 / 0.33708976346500263x
======[Agent] Wallclock_time = 2025-06-09 16:24:50.520010 / 869.326123 / Sim_time = 293.0500043667853 / 0.33709980583084287x
======[Agent] Wallclock_time = 2025-06-09 16:24:50.628961 / 869.435074 / Sim_time = 293.10000436753035 / 0.3371150716338121x
======[Agent] Wallclock_time = 2025-06-09 16:24:50.751063 / 869.557176 / Sim_time = 293.1500043682754 / 0.3371252349288191x
======[Agent] Wallclock_time = 2025-06-09 16:24:50.882137 / 869.68825 / Sim_time = 293.20000436902046 / 0.33713191737050957x
======[Agent] Wallclock_time = 2025-06-09 16:24:51.012789 / 869.818902 / Sim_time = 293.2500043697655 / 0.3371387613636892x
======[Agent] Wallclock_time = 2025-06-09 16:24:51.156627 / 869.96274 / Sim_time = 293.3000043705106 / 0.33714049320091266x
======[Agent] Wallclock_time = 2025-06-09 16:24:51.274335 / 870.080448 / Sim_time = 293.35000437125564 / 0.337152349410001x
======[Agent] Wallclock_time = 2025-06-09 16:24:51.407791 / 870.213904 / Sim_time = 293.4000043720007 / 0.3371581008591881x
======[Agent] Wallclock_time = 2025-06-09 16:24:51.526076 / 870.332189 / Sim_time = 293.45000437274575 / 0.33716972773371484x
======[Agent] Wallclock_time = 2025-06-09 16:24:51.641587 / 870.4477 / Sim_time = 293.5000043734908 / 0.3371824259987875x
======[Agent] Wallclock_time = 2025-06-09 16:24:51.752976 / 870.559089 / Sim_time = 293.55000437423587 / 0.33719671747349755x
======[Agent] Wallclock_time = 2025-06-09 16:24:51.865073 / 870.671186 / Sim_time = 293.6000043749809 / 0.33721073108332983x
======[Agent] Wallclock_time = 2025-06-09 16:24:51.969259 / 870.775372 / Sim_time = 293.650004375726 / 0.3372278047706673x
======[Agent] Wallclock_time = 2025-06-09 16:24:52.094751 / 870.900864 / Sim_time = 293.70000437647104 / 0.33723662391480547x
======[Agent] Wallclock_time = 2025-06-09 16:24:52.211948 / 871.018061 / Sim_time = 293.7500043772161 / 0.3372486522165973x
======[Agent] Wallclock_time = 2025-06-09 16:24:52.318586 / 871.124699 / Sim_time = 293.80000437796116 / 0.33726476525170357x
======[Agent] Wallclock_time = 2025-06-09 16:24:52.478496 / 871.284609 / Sim_time = 293.8500043787062 / 0.3372602523711673x
======[Agent] Wallclock_time = 2025-06-09 16:24:52.588846 / 871.394959 / Sim_time = 293.9000043794513 / 0.33727492231743444x
======[Agent] Wallclock_time = 2025-06-09 16:24:52.702875 / 871.508988 / Sim_time = 293.95000438019633 / 0.33728816471142536x
======[Agent] Wallclock_time = 2025-06-09 16:24:52.817319 / 871.623432 / Sim_time = 294.0000043809414 / 0.3373012430437946x
======[Agent] Wallclock_time = 2025-06-09 16:24:52.937871 / 871.743984 / Sim_time = 294.05000438168645 / 0.3373119545035277x
======[Agent] Wallclock_time = 2025-06-09 16:24:53.052602 / 871.858715 / Sim_time = 294.1000043824315 / 0.33732491514696433x
======[Agent] Wallclock_time = 2025-06-09 16:24:53.170196 / 871.976309 / Sim_time = 294.15000438317657 / 0.3373367647840668x
======[Agent] Wallclock_time = 2025-06-09 16:24:53.286056 / 872.092169 / Sim_time = 294.2000043839216 / 0.33734928198241815x
======[Agent] Wallclock_time = 2025-06-09 16:24:53.405305 / 872.211418 / Sim_time = 294.2500043846667 / 0.33736048502885074x
======[Agent] Wallclock_time = 2025-06-09 16:24:53.543362 / 872.349475 / Sim_time = 294.30000438541174 / 0.3373644112309468x
======[Agent] Wallclock_time = 2025-06-09 16:24:53.659450 / 872.465563 / Sim_time = 294.3500043861568 / 0.3373768312381237x
======[Agent] Wallclock_time = 2025-06-09 16:24:53.770533 / 872.576646 / Sim_time = 294.40000438690186 / 0.3373911831645775x
======[Agent] Wallclock_time = 2025-06-09 16:24:53.877095 / 872.683208 / Sim_time = 294.4500043876469 / 0.33740727938971354x
======[Agent] Wallclock_time = 2025-06-09 16:24:53.997597 / 872.80371 / Sim_time = 294.500004388392 / 0.33741798252714744x
======[Agent] Wallclock_time = 2025-06-09 16:24:54.112337 / 872.91845 / Sim_time = 294.55000438913703 / 0.3374309100216945x
======[Agent] Wallclock_time = 2025-06-09 16:24:54.229123 / 873.035236 / Sim_time = 294.6000043898821 / 0.33744304330328173x
======[Agent] Wallclock_time = 2025-06-09 16:24:54.350212 / 873.156325 / Sim_time = 294.65000439062715 / 0.33745351032888277x
======[Agent] Wallclock_time = 2025-06-09 16:24:54.467918 / 873.274031 / Sim_time = 294.7000043913722 / 0.33746528176112733x
======[Agent] Wallclock_time = 2025-06-09 16:24:54.575970 / 873.382083 / Sim_time = 294.75000439211726 / 0.3374807803463229x
======[Agent] Wallclock_time = 2025-06-09 16:24:54.681283 / 873.487396 / Sim_time = 294.8000043928623 / 0.33749733338513904x
======[Agent] Wallclock_time = 2025-06-09 16:24:54.806185 / 873.612298 / Sim_time = 294.8500043936074 / 0.3375063143711526x
======[Agent] Wallclock_time = 2025-06-09 16:24:54.918798 / 873.724911 / Sim_time = 294.90000439435244 / 0.33752003995947927x
======[Agent] Wallclock_time = 2025-06-09 16:24:55.035799 / 873.841912 / Sim_time = 294.9500043950975 / 0.33753206708518513x
======[Agent] Wallclock_time = 2025-06-09 16:24:55.141895 / 873.948008 / Sim_time = 295.00000439584255 / 0.3375483028133863x
======[Agent] Wallclock_time = 2025-06-09 16:24:55.267331 / 874.073444 / Sim_time = 295.0500043965876 / 0.3375570655588091x
======[Agent] Wallclock_time = 2025-06-09 16:24:55.411974 / 874.218087 / Sim_time = 295.10000439733267 / 0.33755840931134085x
======[Agent] Wallclock_time = 2025-06-09 16:24:55.515166 / 874.321279 / Sim_time = 295.1500043980777 / 0.33757575608807944x
======[Agent] Wallclock_time = 2025-06-09 16:24:55.633845 / 874.439958 / Sim_time = 295.2000043988228 / 0.3375871197456224x
======[Agent] Wallclock_time = 2025-06-09 16:24:55.754146 / 874.560259 / Sim_time = 295.25000439956784 / 0.3375978541939597x
======[Agent] Wallclock_time = 2025-06-09 16:24:55.873963 / 874.680076 / Sim_time = 295.3000044003129 / 0.33760877250339977x
======[Agent] Wallclock_time = 2025-06-09 16:24:56.021821 / 874.827934 / Sim_time = 295.35000440105796 / 0.3376088660563872x
======[Agent] Wallclock_time = 2025-06-09 16:24:56.148850 / 874.954963 / Sim_time = 295.400004401803 / 0.3376169966188379x
======[Agent] Wallclock_time = 2025-06-09 16:24:56.265839 / 875.071952 / Sim_time = 295.4500044025481 / 0.33762899850497047x
======[Agent] Wallclock_time = 2025-06-09 16:24:56.380877 / 875.18699 / Sim_time = 295.50000440329313 / 0.33764174986369855x
======[Agent] Wallclock_time = 2025-06-09 16:24:56.508102 / 875.314215 / Sim_time = 295.5500044040382 / 0.33764979671242x
======[Agent] Wallclock_time = 2025-06-09 16:24:56.639781 / 875.445894 / Sim_time = 295.60000440478325 / 0.33765612332480704x
======[Agent] Wallclock_time = 2025-06-09 16:24:56.763689 / 875.569802 / Sim_time = 295.6500044055283 / 0.33766544490770756x
======[Agent] Wallclock_time = 2025-06-09 16:24:56.904322 / 875.710435 / Sim_time = 295.70000440627337 / 0.33766831468436104x
======[Agent] Wallclock_time = 2025-06-09 16:24:57.034321 / 875.840434 / Sim_time = 295.7500044070184 / 0.3376752833630139x
======[Agent] Wallclock_time = 2025-06-09 16:24:57.150426 / 875.956539 / Sim_time = 295.8000044077635 / 0.33768760612009924x
======[Agent] Wallclock_time = 2025-06-09 16:24:57.286121 / 876.092234 / Sim_time = 295.85000440850854 / 0.33769237442656536x
======[Agent] Wallclock_time = 2025-06-09 16:24:57.388562 / 876.194675 / Sim_time = 295.9000044092536 / 0.3377099577777003x
======[Agent] Wallclock_time = 2025-06-09 16:24:57.525361 / 876.331474 / Sim_time = 295.95000440999866 / 0.3377142958757896x
======[Agent] Wallclock_time = 2025-06-09 16:24:57.670199 / 876.476312 / Sim_time = 296.0000044107437 / 0.3377155350836323x
======[Agent] Wallclock_time = 2025-06-09 16:24:57.794026 / 876.600139 / Sim_time = 296.05000441148877 / 0.33772486851798256x
======[Agent] Wallclock_time = 2025-06-09 16:24:57.924510 / 876.730623 / Sim_time = 296.10000441223383 / 0.337731634909026x
======[Agent] Wallclock_time = 2025-06-09 16:24:58.050370 / 876.856483 / Sim_time = 296.1500044129789 / 0.3377401803081595x
======[Agent] Wallclock_time = 2025-06-09 16:24:58.168158 / 876.974271 / Sim_time = 296.20000441372395 / 0.3377518320168505x
======[Agent] Wallclock_time = 2025-06-09 16:24:58.288171 / 877.094284 / Sim_time = 296.250004414469 / 0.337762623763542x
======[Agent] Wallclock_time = 2025-06-09 16:24:58.397669 / 877.203782 / Sim_time = 296.30000441521406 / 0.33777746142657716x
======[Agent] Wallclock_time = 2025-06-09 16:24:58.524814 / 877.330927 / Sim_time = 296.3500044159591 / 0.3377855008985204x
======[Agent] Wallclock_time = 2025-06-09 16:24:58.651635 / 877.457748 / Sim_time = 296.4000044167042 / 0.3377936627702345x
======[Agent] Wallclock_time = 2025-06-09 16:24:58.754492 / 877.560605 / Sim_time = 296.45000441744924 / 0.33781104680103824x
======[Agent] Wallclock_time = 2025-06-09 16:24:58.863594 / 877.669707 / Sim_time = 296.5000044181943 / 0.3378260229644354x
======[Agent] Wallclock_time = 2025-06-09 16:24:58.994692 / 877.800805 / Sim_time = 296.55000441893935 / 0.33783252976899425x
======[Agent] Wallclock_time = 2025-06-09 16:24:59.109765 / 877.915878 / Sim_time = 296.6000044196844 / 0.33784520135365753x
======[Agent] Wallclock_time = 2025-06-09 16:24:59.222040 / 878.028153 / Sim_time = 296.65000442042947 / 0.33785894626260715x
======[Agent] Wallclock_time = 2025-06-09 16:24:59.331711 / 878.137824 / Sim_time = 296.7000044211745 / 0.33787368957186037x
======[Agent] Wallclock_time = 2025-06-09 16:24:59.442702 / 878.248815 / Sim_time = 296.7500044219196 / 0.33788792135631657x
======[Agent] Wallclock_time = 2025-06-09 16:24:59.595359 / 878.401472 / Sim_time = 296.80000442266464 / 0.3378861215484656x
======[Agent] Wallclock_time = 2025-06-09 16:24:59.738106 / 878.544219 / Sim_time = 296.8500044234097 / 0.337888133705056x
======[Agent] Wallclock_time = 2025-06-09 16:24:59.896147 / 878.70226 / Sim_time = 296.90000442415476 / 0.33788426416462225x
======[Agent] Wallclock_time = 2025-06-09 16:25:00.014697 / 878.82081 / Sim_time = 296.9500044248998 / 0.33789557911051366x
======[Agent] Wallclock_time = 2025-06-09 16:25:00.133591 / 878.939704 / Sim_time = 297.0000044256449 / 0.3379067587540523x
======[Agent] Wallclock_time = 2025-06-09 16:25:00.260989 / 879.067102 / Sim_time = 297.05000442638993 / 0.3379146663956531x
======[Agent] Wallclock_time = 2025-06-09 16:25:00.394507 / 879.20062 / Sim_time = 297.100004427135 / 0.33792021951362533x
======[Agent] Wallclock_time = 2025-06-09 16:25:00.522784 / 879.328897 / Sim_time = 297.15000442788005 / 0.3379277850573072x
======[Agent] Wallclock_time = 2025-06-09 16:25:00.638104 / 879.444217 / Sim_time = 297.2000044286251 / 0.3379403272468137x
======[Agent] Wallclock_time = 2025-06-09 16:25:00.779546 / 879.585659 / Sim_time = 297.25000442937016 / 0.3379428296096635x
======[Agent] Wallclock_time = 2025-06-09 16:25:00.890940 / 879.697053 / Sim_time = 297.3000044301152 / 0.3379568744255425x
======[Agent] Wallclock_time = 2025-06-09 16:25:00.997333 / 879.803446 / Sim_time = 297.3500044308603 / 0.33797283678521023x
======[Agent] Wallclock_time = 2025-06-09 16:25:01.133598 / 879.939711 / Sim_time = 297.40000443160534 / 0.33797732132842x
======[Agent] Wallclock_time = 2025-06-09 16:25:01.264267 / 880.07038 / Sim_time = 297.4500044323504 / 0.3379839535656192x
======[Agent] Wallclock_time = 2025-06-09 16:25:01.370796 / 880.176909 / Sim_time = 297.50000443309546 / 0.33799985365583113x
======[Agent] Wallclock_time = 2025-06-09 16:25:01.535322 / 880.341435 / Sim_time = 297.5500044338405 / 0.33799348140458607x
======[Agent] Wallclock_time = 2025-06-09 16:25:01.671139 / 880.477252 / Sim_time = 297.60000443458557 / 0.3379981319908689x
======[Agent] Wallclock_time = 2025-06-09 16:25:01.784032 / 880.590145 / Sim_time = 297.65000443533063 / 0.33801158020426225x
======[Agent] Wallclock_time = 2025-06-09 16:25:01.915098 / 880.721211 / Sim_time = 297.7000044360757 / 0.33801805009329516x
======[Agent] Wallclock_time = 2025-06-09 16:25:02.038404 / 880.844517 / Sim_time = 297.75000443682075 / 0.3380274959574106x
======[Agent] Wallclock_time = 2025-06-09 16:25:02.161382 / 880.967495 / Sim_time = 297.8000044375658 / 0.3380370650343924x
======[Agent] Wallclock_time = 2025-06-09 16:25:02.266924 / 881.073037 / Sim_time = 297.85000443831086 / 0.33805332120836384x
======[Agent] Wallclock_time = 2025-06-09 16:25:02.378449 / 881.184562 / Sim_time = 297.9000044390559 / 0.33806727809171244x
======[Agent] Wallclock_time = 2025-06-09 16:25:02.517818 / 881.323931 / Sim_time = 297.950004439801 / 0.33807055032668876x
======[Agent] Wallclock_time = 2025-06-09 16:25:02.643770 / 881.449883 / Sim_time = 298.00000444054604 / 0.33807896751581795x
======[Agent] Wallclock_time = 2025-06-09 16:25:02.761646 / 881.567759 / Sim_time = 298.0500044412911 / 0.3380904794985947x
======[Agent] Wallclock_time = 2025-06-09 16:25:02.893805 / 881.699918 / Sim_time = 298.10000444203615 / 0.33809651136377306x
======[Agent] Wallclock_time = 2025-06-09 16:25:03.018240 / 881.824353 / Sim_time = 298.1500044427812 / 0.33810550289631014x
======[Agent] Wallclock_time = 2025-06-09 16:25:03.137200 / 881.943313 / Sim_time = 298.20000444352627 / 0.3381165908640836x
======[Agent] Wallclock_time = 2025-06-09 16:25:03.277072 / 882.083185 / Sim_time = 298.2500044442713 / 0.33811965968335705x
======[Agent] Wallclock_time = 2025-06-09 16:25:03.392852 / 882.198965 / Sim_time = 298.3000044450164 / 0.3381319613235491x
======[Agent] Wallclock_time = 2025-06-09 16:25:03.497191 / 882.303304 / Sim_time = 298.35000444576144 / 0.338148644513199x
======[Agent] Wallclock_time = 2025-06-09 16:25:03.620040 / 882.426153 / Sim_time = 298.4000044465065 / 0.33815823032193854x
======[Agent] Wallclock_time = 2025-06-09 16:25:03.735127 / 882.54124 / Sim_time = 298.45000444725156 / 0.33817078766366077x
======[Agent] Wallclock_time = 2025-06-09 16:25:03.849266 / 882.655379 / Sim_time = 298.5000044479966 / 0.3381837049500286x
======[Agent] Wallclock_time = 2025-06-09 16:25:03.971409 / 882.777522 / Sim_time = 298.5500044487417 / 0.3381935525258981x
======[Agent] Wallclock_time = 2025-06-09 16:25:04.095170 / 882.901283 / Sim_time = 298.60000444948673 / 0.3382027775881136x
======[Agent] Wallclock_time = 2025-06-09 16:25:04.228072 / 883.034185 / Sim_time = 298.6500044502318 / 0.33820849896284916x
======[Agent] Wallclock_time = 2025-06-09 16:25:04.366413 / 883.172526 / Sim_time = 298.70000445097685 / 0.33821213573262937x
======[Agent] Wallclock_time = 2025-06-09 16:25:04.493101 / 883.299214 / Sim_time = 298.7500044517219 / 0.3382202332985305x
======[Agent] Wallclock_time = 2025-06-09 16:25:04.604339 / 883.410452 / Sim_time = 298.80000445246696 / 0.3382342438237568x
======[Agent] Wallclock_time = 2025-06-09 16:25:04.748262 / 883.554375 / Sim_time = 298.850004453212 / 0.33823573814285496x
======[Agent] Wallclock_time = 2025-06-09 16:25:04.874716 / 883.680829 / Sim_time = 298.9000044539571 / 0.3382439183933441x
======[Agent] Wallclock_time = 2025-06-09 16:25:05.000300 / 883.806413 / Sim_time = 298.95000445470214 / 0.3382524292706992x
======[Agent] Wallclock_time = 2025-06-09 16:25:05.123118 / 883.929231 / Sim_time = 299.0000044554472 / 0.33826199621794273x
======[Agent] Wallclock_time = 2025-06-09 16:25:05.235763 / 884.041876 / Sim_time = 299.05000445619226 / 0.338275453119756x
======[Agent] Wallclock_time = 2025-06-09 16:25:05.356948 / 884.163061 / Sim_time = 299.1000044569373 / 0.3382856391139125x
======[Agent] Wallclock_time = 2025-06-09 16:25:05.462339 / 884.268452 / Sim_time = 299.15000445768237 / 0.33830186464213896x
======[Agent] Wallclock_time = 2025-06-09 16:25:05.570497 / 884.37661 / Sim_time = 299.20000445842743 / 0.33831702778909956x
======[Agent] Wallclock_time = 2025-06-09 16:25:05.693816 / 884.499929 / Sim_time = 299.2500044591725 / 0.338326387963774x
======[Agent] Wallclock_time = 2025-06-09 16:25:05.807814 / 884.613927 / Sim_time = 299.30000445991755 / 0.3383393105008249x
======[Agent] Wallclock_time = 2025-06-09 16:25:05.926245 / 884.732358 / Sim_time = 299.3500044606626 / 0.33835053437723167x
======[Agent] Wallclock_time = 2025-06-09 16:25:06.031624 / 884.837737 / Sim_time = 299.40000446140766 / 0.3383667463254467x
======[Agent] Wallclock_time = 2025-06-09 16:25:06.148400 / 884.954513 / Sim_time = 299.4500044621527 / 0.338378596509351x
======[Agent] Wallclock_time = 2025-06-09 16:25:06.281499 / 885.087612 / Sim_time = 299.5000044628978 / 0.3383842028948145x
======[Agent] Wallclock_time = 2025-06-09 16:25:06.400645 / 885.206758 / Sim_time = 299.55000446364284 / 0.3383951414303385x
======[Agent] Wallclock_time = 2025-06-09 16:25:06.517584 / 885.323697 / Sim_time = 299.6000044643879 / 0.3384069206242734x
======[Agent] Wallclock_time = 2025-06-09 16:25:06.660804 / 885.466917 / Sim_time = 299.65000446513295 / 0.3384086523206385x
======[Agent] Wallclock_time = 2025-06-09 16:25:06.803020 / 885.609133 / Sim_time = 299.700004465878 / 0.3384107671065661x
======[Agent] Wallclock_time = 2025-06-09 16:25:06.930285 / 885.736398 / Sim_time = 299.75000446662307 / 0.3384185935283531x
======[Agent] Wallclock_time = 2025-06-09 16:25:07.044257 / 885.85037 / Sim_time = 299.8000044673681 / 0.33843149609552237x
======[Agent] Wallclock_time = 2025-06-09 16:25:07.188451 / 885.994564 / Sim_time = 299.8500044681132 / 0.3384328507406762x
======[Agent] Wallclock_time = 2025-06-09 16:25:07.298778 / 886.104891 / Sim_time = 299.90000446885824 / 0.33844713991282815x
======[Agent] Wallclock_time = 2025-06-09 16:25:07.421411 / 886.227524 / Sim_time = 299.9500044696033 / 0.3384567257164962x
======[Agent] Wallclock_time = 2025-06-09 16:25:07.563918 / 886.370031 / Sim_time = 300.00000447034836 / 0.3384587198567282x
======[Agent] Wallclock_time = 2025-06-09 16:25:07.693608 / 886.499721 / Sim_time = 300.0500044710934 / 0.33846560681036764x
======[Agent] Wallclock_time = 2025-06-09 16:25:07.818734 / 886.624847 / Sim_time = 300.1000044718385 / 0.3384742340720848x
======[Agent] Wallclock_time = 2025-06-09 16:25:07.948737 / 886.75485 / Sim_time = 300.15000447258353 / 0.3384809973033542x
======[Agent] Wallclock_time = 2025-06-09 16:25:08.074665 / 886.880778 / Sim_time = 300.2000044733286 / 0.33848931381847447x
======[Agent] Wallclock_time = 2025-06-09 16:25:08.215376 / 887.021489 / Sim_time = 300.25000447407365 / 0.33849198661531754x
======[Agent] Wallclock_time = 2025-06-09 16:25:08.343298 / 887.149411 / Sim_time = 300.3000044748187 / 0.33849953824213325x
======[Agent] Wallclock_time = 2025-06-09 16:25:08.446313 / 887.252426 / Sim_time = 300.35000447556376 / 0.33851659027075287x
======[Agent] Wallclock_time = 2025-06-09 16:25:08.569259 / 887.375372 / Sim_time = 300.4000044763088 / 0.3385260346737166x
======[Agent] Wallclock_time = 2025-06-09 16:25:08.693150 / 887.499263 / Sim_time = 300.4500044770539 / 0.3385351159913446x
======[Agent] Wallclock_time = 2025-06-09 16:25:08.804329 / 887.610442 / Sim_time = 300.50000447779894 / 0.33854904326233204x
======[Agent] Wallclock_time = 2025-06-09 16:25:08.933673 / 887.739786 / Sim_time = 300.550004478544 / 0.33855603935104545x
======[Agent] Wallclock_time = 2025-06-09 16:25:09.060412 / 887.866525 / Sim_time = 300.60000447928905 / 0.33856402674406755x
======[Agent] Wallclock_time = 2025-06-09 16:25:09.189156 / 887.995269 / Sim_time = 300.6500044800341 / 0.3385712473979259x
======[Agent] Wallclock_time = 2025-06-09 16:25:09.299155 / 888.105268 / Sim_time = 300.70000448077917 / 0.3385856122352907x
======[Agent] Wallclock_time = 2025-06-09 16:25:09.424919 / 888.231032 / Sim_time = 300.75000448152423 / 0.338593963791574x
======[Agent] Wallclock_time = 2025-06-09 16:25:09.559194 / 888.365307 / Sim_time = 300.8000044822693 / 0.3385990690012395x
======[Agent] Wallclock_time = 2025-06-09 16:25:09.678148 / 888.484261 / Sim_time = 300.85000448301435 / 0.3386100115430214x
======[Agent] Wallclock_time = 2025-06-09 16:25:09.795404 / 888.601517 / Sim_time = 300.9000044837594 / 0.33862159821426596x
======[Agent] Wallclock_time = 2025-06-09 16:25:09.902034 / 888.708147 / Sim_time = 300.95000448450446 / 0.338637230752509x
======[Agent] Wallclock_time = 2025-06-09 16:25:10.019662 / 888.825775 / Sim_time = 301.0000044852495 / 0.33864866917994174x
======[Agent] Wallclock_time = 2025-06-09 16:25:10.135906 / 888.942019 / Sim_time = 301.0500044859946 / 0.33866063184190953x
======[Agent] Wallclock_time = 2025-06-09 16:25:10.255083 / 889.061196 / Sim_time = 301.10000448673964 / 0.3386714741009409x
======[Agent] Wallclock_time = 2025-06-09 16:25:10.393807 / 889.19992 / Sim_time = 301.1500044874847 / 0.33867486831602095x
======[Agent] Wallclock_time = 2025-06-09 16:25:10.518119 / 889.324232 / Sim_time = 301.20000448822975 / 0.3386837499379864x
======[Agent] Wallclock_time = 2025-06-09 16:25:10.631844 / 889.437957 / Sim_time = 301.2500044889748 / 0.3386966605387567x
======[Agent] Wallclock_time = 2025-06-09 16:25:10.761583 / 889.567696 / Sim_time = 301.30000448971987 / 0.338703470394736x
======[Agent] Wallclock_time = 2025-06-09 16:25:10.889123 / 889.695236 / Sim_time = 301.3500044904649 / 0.3387111154311604x
======[Agent] Wallclock_time = 2025-06-09 16:25:11.011948 / 889.818061 / Sim_time = 301.40000449121 / 0.33872055308917465x
======[Agent] Wallclock_time = 2025-06-09 16:25:11.147420 / 889.953533 / Sim_time = 301.45000449195504 / 0.33872517450501605x
======[Agent] Wallclock_time = 2025-06-09 16:25:11.269539 / 890.075652 / Sim_time = 301.5000044927001 / 0.3387348761651374x
======[Agent] Wallclock_time = 2025-06-09 16:25:11.382620 / 890.188733 / Sim_time = 301.55000449344516 / 0.33874801440048197x
======[Agent] Wallclock_time = 2025-06-09 16:25:11.500189 / 890.306302 / Sim_time = 301.6000044941902 / 0.338759441618272x
======[Agent] Wallclock_time = 2025-06-09 16:25:11.629813 / 890.435926 / Sim_time = 301.6500044949353 / 0.33876627943766935x
======[Agent] Wallclock_time = 2025-06-09 16:25:11.748456 / 890.554569 / Sim_time = 301.70000449568033 / 0.33877729251017724x
======[Agent] Wallclock_time = 2025-06-09 16:25:11.881139 / 890.687252 / Sim_time = 301.7500044964254 / 0.338782962297818x
======[Agent] Wallclock_time = 2025-06-09 16:25:11.981349 / 890.787462 / Sim_time = 301.80000449717045 / 0.3388009806723007x
======[Agent] Wallclock_time = 2025-06-09 16:25:12.131619 / 890.937732 / Sim_time = 301.8500044979155 / 0.33879995745646346x
======[Agent] Wallclock_time = 2025-06-09 16:25:12.259682 / 891.065795 / Sim_time = 301.90000449866056 / 0.3388073780694079x
======[Agent] Wallclock_time = 2025-06-09 16:25:12.382412 / 891.188525 / Sim_time = 301.9500044994056 / 0.33881682406377656x
======[Agent] Wallclock_time = 2025-06-09 16:25:12.518677 / 891.32479 / Sim_time = 302.0000045001507 / 0.3388211222971016x
======[Agent] Wallclock_time = 2025-06-09 16:25:12.652898 / 891.459011 / Sim_time = 302.05000450089574 / 0.33882619609831915x
======[Agent] Wallclock_time = 2025-06-09 16:25:12.770456 / 891.576569 / Sim_time = 302.1000045016408 / 0.3388376009060865x
======[Agent] Wallclock_time = 2025-06-09 16:25:12.882510 / 891.688623 / Sim_time = 302.15000450238585 / 0.3388510942695874x
======[Agent] Wallclock_time = 2025-06-09 16:25:13.012135 / 891.818248 / Sim_time = 302.2000045031309 / 0.3388579077888784x
======[Agent] Wallclock_time = 2025-06-09 16:25:13.138539 / 891.944652 / Sim_time = 302.25000450387597 / 0.33886594303828277x
======[Agent] Wallclock_time = 2025-06-09 16:25:13.266858 / 892.072971 / Sim_time = 302.30000450462103 / 0.3388732485555517x
======[Agent] Wallclock_time = 2025-06-09 16:25:13.419670 / 892.225783 / Sim_time = 302.3500045053661 / 0.33887124917809835x
======[Agent] Wallclock_time = 2025-06-09 16:25:13.541611 / 892.347724 / Sim_time = 302.40000450611115 / 0.3388809737415069x
======[Agent] Wallclock_time = 2025-06-09 16:25:13.653821 / 892.459934 / Sim_time = 302.4500045068562 / 0.33889439076204564x
======[Agent] Wallclock_time = 2025-06-09 16:25:13.780168 / 892.586281 / Sim_time = 302.50000450760126 / 0.33890243671038967x
======[Agent] Wallclock_time = 2025-06-09 16:25:13.903125 / 892.709238 / Sim_time = 302.5500045083463 / 0.3389117673682895x
======[Agent] Wallclock_time = 2025-06-09 16:25:14.024397 / 892.83051 / Sim_time = 302.6000045090914 / 0.3389217350864906x
======[Agent] Wallclock_time = 2025-06-09 16:25:14.152352 / 892.958465 / Sim_time = 302.65000450983644 / 0.3389291634977366x
======[Agent] Wallclock_time = 2025-06-09 16:25:14.282455 / 893.088568 / Sim_time = 302.7000045105815 / 0.3389357745925227x
======[Agent] Wallclock_time = 2025-06-09 16:25:14.401711 / 893.207824 / Sim_time = 302.75000451132655 / 0.33894649982916714x
======[Agent] Wallclock_time = 2025-06-09 16:25:14.555197 / 893.36131 / Sim_time = 302.8000045120716 / 0.33894423474398827x
======[Agent] Wallclock_time = 2025-06-09 16:25:14.702823 / 893.508936 / Sim_time = 302.85000451281667 / 0.3389441933556928x
======[Agent] Wallclock_time = 2025-06-09 16:25:14.819634 / 893.625747 / Sim_time = 302.9000045135617 / 0.3389558398183909x
======[Agent] Wallclock_time = 2025-06-09 16:25:14.955058 / 893.761171 / Sim_time = 302.9500045143068 / 0.33896042408613736x
======[Agent] Wallclock_time = 2025-06-09 16:25:15.083067 / 893.88918 / Sim_time = 303.00000451505184 / 0.33896781874821785x
======[Agent] Wallclock_time = 2025-06-09 16:25:15.202999 / 894.009112 / Sim_time = 303.0500045157969 / 0.33897827378914136x
======[Agent] Wallclock_time = 2025-06-09 16:25:15.320524 / 894.126637 / Sim_time = 303.10000451654196 / 0.3389896385861765x
======[Agent] Wallclock_time = 2025-06-09 16:25:15.437825 / 894.243938 / Sim_time = 303.150004517287 / 0.33900108531258694x
======[Agent] Wallclock_time = 2025-06-09 16:25:15.560755 / 894.366868 / Sim_time = 303.2000045180321 / 0.3390103953488992x
======[Agent] Wallclock_time = 2025-06-09 16:25:15.667807 / 894.47392 / Sim_time = 303.25000451877713 / 0.33902572083158816x
======[Agent] Wallclock_time = 2025-06-09 16:25:15.785822 / 894.591935 / Sim_time = 303.3000045195222 / 0.3390368877879884x
======[Agent] Wallclock_time = 2025-06-09 16:25:15.895598 / 894.701711 / Sim_time = 303.35000452026725 / 0.33905117397176104x
======[Agent] Wallclock_time = 2025-06-09 16:25:16.007497 / 894.81361 / Sim_time = 303.4000045210123 / 0.3390646521976349x
======[Agent] Wallclock_time = 2025-06-09 16:25:16.115378 / 894.921491 / Sim_time = 303.45000452175736 / 0.33907964943721297x
======[Agent] Wallclock_time = 2025-06-09 16:25:16.239539 / 895.045652 / Sim_time = 303.5000045225024 / 0.3390884752703398x
======[Agent] Wallclock_time = 2025-06-09 16:25:16.362348 / 895.168461 / Sim_time = 303.5500045232475 / 0.3390978108034982x
======[Agent] Wallclock_time = 2025-06-09 16:25:16.477375 / 895.283488 / Sim_time = 303.60000452399254 / 0.3391100913657208x
======[Agent] Wallclock_time = 2025-06-09 16:25:16.592627 / 895.39874 / Sim_time = 303.6500045247376 / 0.33912228355654606x
======[Agent] Wallclock_time = 2025-06-09 16:25:16.729728 / 895.535841 / Sim_time = 303.70000452548265 / 0.3391261985228396x
======[Agent] Wallclock_time = 2025-06-09 16:25:16.852215 / 895.658328 / Sim_time = 303.7500045262277 / 0.33913564569745397x
======[Agent] Wallclock_time = 2025-06-09 16:25:16.975856 / 895.781969 / Sim_time = 303.80000452697277 / 0.3391446533819653x
======[Agent] Wallclock_time = 2025-06-09 16:25:17.093886 / 895.899999 / Sim_time = 303.85000452771783 / 0.3391557826890177x
======[Agent] Wallclock_time = 2025-06-09 16:25:17.231597 / 896.03771 / Sim_time = 303.9000045284629 / 0.33915945944842374x
======[Agent] Wallclock_time = 2025-06-09 16:25:17.367331 / 896.173444 / Sim_time = 303.95000452920794 / 0.33916388328655345x
======[Agent] Wallclock_time = 2025-06-09 16:25:17.490241 / 896.296354 / Sim_time = 304.000004529953 / 0.3391731585207302x
======[Agent] Wallclock_time = 2025-06-09 16:25:17.625859 / 896.431972 / Sim_time = 304.05000453069806 / 0.339177622898389x
======[Agent] Wallclock_time = 2025-06-09 16:25:17.762858 / 896.568971 / Sim_time = 304.1000045314431 / 0.33918156347826545x
======[Agent] Wallclock_time = 2025-06-09 16:25:17.898461 / 896.704574 / Sim_time = 304.1500045321882 / 0.33918603090136273x
======[Agent] Wallclock_time = 2025-06-09 16:25:18.042341 / 896.848454 / Sim_time = 304.20000453293324 / 0.33918736659333826x
======[Agent] Wallclock_time = 2025-06-09 16:25:18.165871 / 896.971984 / Sim_time = 304.2500045336783 / 0.33919639717229016x
======[Agent] Wallclock_time = 2025-06-09 16:25:18.300131 / 897.106244 / Sim_time = 304.30000453442335 / 0.3392013681414698x
======[Agent] Wallclock_time = 2025-06-09 16:25:18.436640 / 897.242753 / Sim_time = 304.3500045351684 / 0.3392054873801595x
======[Agent] Wallclock_time = 2025-06-09 16:25:18.562179 / 897.368292 / Sim_time = 304.40000453591347 / 0.3392137520746737x
======[Agent] Wallclock_time = 2025-06-09 16:25:18.700171 / 897.506284 / Sim_time = 304.4500045366585 / 0.33921730771898506x
======[Agent] Wallclock_time = 2025-06-09 16:25:18.845963 / 897.652076 / Sim_time = 304.5000045374036 / 0.33921791466952383x
======[Agent] Wallclock_time = 2025-06-09 16:25:18.984368 / 897.790481 / Sim_time = 304.55000453814864 / 0.33922131250223864x
======[Agent] Wallclock_time = 2025-06-09 16:25:19.107998 / 897.914111 / Sim_time = 304.6000045388937 / 0.33923029115710435x
======[Agent] Wallclock_time = 2025-06-09 16:25:19.220966 / 898.027079 / Sim_time = 304.65000453963876 / 0.3392432950191068x
======[Agent] Wallclock_time = 2025-06-09 16:25:19.356874 / 898.162987 / Sim_time = 304.7000045403838 / 0.3392476306672312x
======[Agent] Wallclock_time = 2025-06-09 16:25:19.477726 / 898.283839 / Sim_time = 304.7500045411289 / 0.3392576511481442x
======[Agent] Wallclock_time = 2025-06-09 16:25:19.594777 / 898.40089 / Sim_time = 304.80000454187393 / 0.3392691043224252x
======[Agent] Wallclock_time = 2025-06-09 16:25:19.710025 / 898.516138 / Sim_time = 304.850004542619 / 0.33928123532644183x
======[Agent] Wallclock_time = 2025-06-09 16:25:19.853739 / 898.659852 / Sim_time = 304.90000454336405 / 0.33928261575520824x
======[Agent] Wallclock_time = 2025-06-09 16:25:19.982939 / 898.789052 / Sim_time = 304.9500045441091 / 0.33928947462817394x
======[Agent] Wallclock_time = 2025-06-09 16:25:20.120641 / 898.926754 / Sim_time = 305.00000454485416 / 0.3392931224869648x
======[Agent] Wallclock_time = 2025-06-09 16:25:20.239941 / 899.046054 / Sim_time = 305.0500045455992 / 0.3393037140696745x
======[Agent] Wallclock_time = 2025-06-09 16:25:20.374710 / 899.180823 / Sim_time = 305.1000045463443 / 0.3393084654763359x
======[Agent] Wallclock_time = 2025-06-09 16:25:20.524819 / 899.330932 / Sim_time = 305.15000454708934 / 0.33930742775748496x
======[Agent] Wallclock_time = 2025-06-09 16:25:20.656916 / 899.463029 / Sim_time = 305.2000045478344 / 0.3393131850832852x
======[Agent] Wallclock_time = 2025-06-09 16:25:20.781553 / 899.587666 / Sim_time = 305.25000454857945 / 0.33932175458130936x
======[Agent] Wallclock_time = 2025-06-09 16:25:20.908100 / 899.714213 / Sim_time = 305.3000045493245 / 0.3393296013427802x
======[Agent] Wallclock_time = 2025-06-09 16:25:21.035257 / 899.84137 / Sim_time = 305.35000455006957 / 0.33933721586156207x
======[Agent] Wallclock_time = 2025-06-09 16:25:21.170327 / 899.97644 / Sim_time = 305.40000455081463 / 0.33934184455869765x
======[Agent] Wallclock_time = 2025-06-09 16:25:21.322142 / 900.128255 / Sim_time = 305.4500045515597 / 0.3393401590436695x
======[Agent] Wallclock_time = 2025-06-09 16:25:21.479155 / 900.285268 / Sim_time = 305.50000455230474 / 0.339336514852079x
======[Agent] Wallclock_time = 2025-06-09 16:25:21.623440 / 900.429553 / Sim_time = 305.5500045530498 / 0.3393376685575992x
======[Agent] Wallclock_time = 2025-06-09 16:25:21.777120 / 900.583233 / Sim_time = 305.60000455379486 / 0.3393352818711794x
======[Agent] Wallclock_time = 2025-06-09 16:25:21.929600 / 900.735713 / Sim_time = 305.6500045545399 / 0.33933334807297894x
======[Agent] Wallclock_time = 2025-06-09 16:25:22.084109 / 900.890222 / Sim_time = 305.700004555285 / 0.3393306506823584x
======[Agent] Wallclock_time = 2025-06-09 16:25:22.235262 / 901.041375 / Sim_time = 305.75000455603004 / 0.3393292180692723x
======[Agent] Wallclock_time = 2025-06-09 16:25:22.351273 / 901.157386 / Sim_time = 305.8000045567751 / 0.33934101852410115x
======[Agent] Wallclock_time = 2025-06-09 16:25:22.471390 / 901.277503 / Sim_time = 305.85000455752015 / 0.3393512699342837x
======[Agent] Wallclock_time = 2025-06-09 16:25:22.607614 / 901.413727 / Sim_time = 305.9000045582652 / 0.3393554547043308x
======[Agent] Wallclock_time = 2025-06-09 16:25:22.727401 / 901.533514 / Sim_time = 305.95000455901027 / 0.3393658254985125x
======[Agent] Wallclock_time = 2025-06-09 16:25:22.878353 / 901.684466 / Sim_time = 306.0000045597553 / 0.3393644636607188x
======[Agent] Wallclock_time = 2025-06-09 16:25:23.023200 / 901.829313 / Sim_time = 306.0500045605004 / 0.3393653996198068x
======[Agent] Wallclock_time = 2025-06-09 16:25:23.142833 / 901.948946 / Sim_time = 306.10000456124544 / 0.3393758222601473x
======[Agent] Wallclock_time = 2025-06-09 16:25:23.294392 / 902.100505 / Sim_time = 306.1500045619905 / 0.3393742310206993x
======[Agent] Wallclock_time = 2025-06-09 16:25:23.416234 / 902.222347 / Sim_time = 306.20000456273556 / 0.33938381840914117x
======[Agent] Wallclock_time = 2025-06-09 16:25:23.552928 / 902.359041 / Sim_time = 306.2500045634806 / 0.3393878171113304x
======[Agent] Wallclock_time = 2025-06-09 16:25:23.663801 / 902.469914 / Sim_time = 306.3000045642257 / 0.3394015250936117x
======[Agent] Wallclock_time = 2025-06-09 16:25:23.803605 / 902.609718 / Sim_time = 306.35000456497073 / 0.33940435057516205x
======[Agent] Wallclock_time = 2025-06-09 16:25:23.920080 / 902.726193 / Sim_time = 306.4000045657158 / 0.3394159464139636x
======[Agent] Wallclock_time = 2025-06-09 16:25:24.057098 / 902.863211 / Sim_time = 306.45000456646085 / 0.3394198162169271x
======[Agent] Wallclock_time = 2025-06-09 16:25:24.190321 / 902.996434 / Sim_time = 306.5000045672059 / 0.33942511133116454x
======[Agent] Wallclock_time = 2025-06-09 16:25:24.320834 / 903.126947 / Sim_time = 306.55000456795096 / 0.33943142340600274x
======[Agent] Wallclock_time = 2025-06-09 16:25:24.436879 / 903.242992 / Sim_time = 306.600004568696 / 0.3394431707094001x
======[Agent] Wallclock_time = 2025-06-09 16:25:24.563942 / 903.370055 / Sim_time = 306.6500045694411 / 0.33945077481970143x
======[Agent] Wallclock_time = 2025-06-09 16:25:24.713523 / 903.519636 / Sim_time = 306.70000457018614 / 0.3394499166371958x
======[Agent] Wallclock_time = 2025-06-09 16:25:24.833441 / 903.639554 / Sim_time = 306.7500045709312 / 0.33946020152934747x
======[Agent] Wallclock_time = 2025-06-09 16:25:24.977425 / 903.783538 / Sim_time = 306.80000457167625 / 0.33946144426258845x
======[Agent] Wallclock_time = 2025-06-09 16:25:25.109156 / 903.915269 / Sim_time = 306.8500045724213 / 0.33946728817248595x
======[Agent] Wallclock_time = 2025-06-09 16:25:25.262572 / 904.068685 / Sim_time = 306.90000457316637 / 0.33946498778262474x
======[Agent] Wallclock_time = 2025-06-09 16:25:25.408234 / 904.214347 / Sim_time = 306.95000457391143 / 0.339465599198585x
======[Agent] Wallclock_time = 2025-06-09 16:25:25.563840 / 904.369953 / Sim_time = 307.0000045746565 / 0.33946247782093075x
======[Agent] Wallclock_time = 2025-06-09 16:25:25.726081 / 904.532194 / Sim_time = 307.05000457540154 / 0.3394568674893777x
======[Agent] Wallclock_time = 2025-06-09 16:25:25.875890 / 904.682003 / Sim_time = 307.1000045761466 / 0.33945592385153567x
======[Agent] Wallclock_time = 2025-06-09 16:25:26.030632 / 904.836745 / Sim_time = 307.15000457689166 / 0.3394531298834043x
======[Agent] Wallclock_time = 2025-06-09 16:25:26.207196 / 905.013309 / Sim_time = 307.2000045776367 / 0.33944215193357424x
======[Agent] Wallclock_time = 2025-06-09 16:25:26.363601 / 905.169714 / Sim_time = 307.2500045783818 / 0.33943873771680794x
======[Agent] Wallclock_time = 2025-06-09 16:25:26.507164 / 905.313277 / Sim_time = 307.30000457912683 / 0.3394401396136679x
======[Agent] Wallclock_time = 2025-06-09 16:25:26.662495 / 905.468608 / Sim_time = 307.3500045798719 / 0.3394371294899076x
======[Agent] Wallclock_time = 2025-06-09 16:25:26.815812 / 905.621925 / Sim_time = 307.40000458061695 / 0.3394348752607129x
======[Agent] Wallclock_time = 2025-06-09 16:25:26.979957 / 905.78607 / Sim_time = 307.450004581362 / 0.33942856413413147x
======[Agent] Wallclock_time = 2025-06-09 16:25:27.136958 / 905.943071 / Sim_time = 307.50000458210707 / 0.3394249318754105x
======[Agent] Wallclock_time = 2025-06-09 16:25:27.308932 / 906.115045 / Sim_time = 307.5500045828521 / 0.3394156921510557x
======[Agent] Wallclock_time = 2025-06-09 16:25:27.447269 / 906.253382 / Sim_time = 307.6000045835972 / 0.3394190535164741x
======[Agent] Wallclock_time = 2025-06-09 16:25:27.587342 / 906.393455 / Sim_time = 307.65000458434224 / 0.3394217637665736x
======[Agent] Wallclock_time = 2025-06-09 16:25:27.738811 / 906.544924 / Sim_time = 307.7000045850873 / 0.33942020634476683x
======[Agent] Wallclock_time = 2025-06-09 16:25:27.893259 / 906.699372 / Sim_time = 307.75000458583236 / 0.33941753426989035x
======[Agent] Wallclock_time = 2025-06-09 16:25:28.042178 / 906.848291 / Sim_time = 307.8000045865774 / 0.33941693249510124x
======[Agent] Wallclock_time = 2025-06-09 16:25:28.184079 / 906.990192 / Sim_time = 307.8500045873225 / 0.3394189572100304x
======[Agent] Wallclock_time = 2025-06-09 16:25:28.318672 / 907.124785 / Sim_time = 307.90000458806753 / 0.339423715739783x
======[Agent] Wallclock_time = 2025-06-09 16:25:28.485800 / 907.291913 / Sim_time = 307.9500045888126 / 0.3394163011486155x
======[Agent] Wallclock_time = 2025-06-09 16:25:28.654637 / 907.46075 / Sim_time = 308.00000458955765 / 0.3394082500882904x
======[Agent] Wallclock_time = 2025-06-09 16:25:28.783091 / 907.589204 / Sim_time = 308.0500045903027 / 0.3394153035507011x
======[Agent] Wallclock_time = 2025-06-09 16:25:28.943175 / 907.749288 / Sim_time = 308.10000459104776 / 0.3394105280537766x
======[Agent] Wallclock_time = 2025-06-09 16:25:29.090082 / 907.896195 / Sim_time = 308.1500045917928 / 0.33941068029381105x
======[Agent] Wallclock_time = 2025-06-09 16:25:29.250145 / 908.056258 / Sim_time = 308.2000045925379 / 0.33940591507560847x
======[Agent] Wallclock_time = 2025-06-09 16:25:29.407877 / 908.21399 / Sim_time = 308.25000459328294 / 0.33940202263484215x
======[Agent] Wallclock_time = 2025-06-09 16:25:29.564529 / 908.370642 / Sim_time = 308.300004594028 / 0.33939853507010737x
======[Agent] Wallclock_time = 2025-06-09 16:25:29.727884 / 908.533997 / Sim_time = 308.35000459477305 / 0.3393925447153392x
======[Agent] Wallclock_time = 2025-06-09 16:25:29.870946 / 908.677059 / Sim_time = 308.4000045955181 / 0.33939413584489125x
======[Agent] Wallclock_time = 2025-06-09 16:25:30.034282 / 908.840395 / Sim_time = 308.45000459626317 / 0.33938815539565426x
======[Agent] Wallclock_time = 2025-06-09 16:25:30.186835 / 908.992948 / Sim_time = 308.5000045970082 / 0.3393862030388438x
======[Agent] Wallclock_time = 2025-06-09 16:25:30.329202 / 909.135315 / Sim_time = 308.5500045977533 / 0.3393880538120989x
======[Agent] Wallclock_time = 2025-06-09 16:25:30.497180 / 909.303293 / Sim_time = 308.60000459849834 / 0.339380344923213x
======[Agent] Wallclock_time = 2025-06-09 16:25:30.653139 / 909.459252 / Sim_time = 308.6500045992434 / 0.3393771238715372x
======[Agent] Wallclock_time = 2025-06-09 16:25:30.800307 / 909.60642 / Sim_time = 308.70000459998846 / 0.33937718384046217x
======[Agent] Wallclock_time = 2025-06-09 16:25:30.954920 / 909.761033 / Sim_time = 308.7500046007335 / 0.3393744665103358x
======[Agent] Wallclock_time = 2025-06-09 16:25:31.128773 / 909.934886 / Sim_time = 308.8000046014786 / 0.33936457430966577x
======[Agent] Wallclock_time = 2025-06-09 16:25:31.301015 / 910.107128 / Sim_time = 308.85000460222363 / 0.3393552865865886x
======[Agent] Wallclock_time = 2025-06-09 16:25:31.469208 / 910.275321 / Sim_time = 308.9000046029687 / 0.33934751182324635x
======[Agent] Wallclock_time = 2025-06-09 16:25:31.617650 / 910.423763 / Sim_time = 308.95000460371375 / 0.3393471016601882x
======[Agent] Wallclock_time = 2025-06-09 16:25:31.776241 / 910.582354 / Sim_time = 309.0000046044588 / 0.3393429094075651x
======[Agent] Wallclock_time = 2025-06-09 16:25:31.942272 / 910.748385 / Sim_time = 309.05000460520387 / 0.33933594652408566x
======[Agent] Wallclock_time = 2025-06-09 16:25:32.084258 / 910.890371 / Sim_time = 309.1000046059489 / 0.33933794352076363x
======[Agent] Wallclock_time = 2025-06-09 16:25:32.227058 / 911.033171 / Sim_time = 309.150004606694 / 0.3393396366980992x
======[Agent] Wallclock_time = 2025-06-09 16:25:32.374767 / 911.18088 / Sim_time = 309.20000460743904 / 0.3393395011404738x
======[Agent] Wallclock_time = 2025-06-09 16:25:32.534955 / 911.341068 / Sim_time = 309.2500046081841 / 0.3393347190554405x
======[Agent] Wallclock_time = 2025-06-09 16:25:32.697403 / 911.503516 / Sim_time = 309.30000460892916 / 0.33932909731072486x
======[Agent] Wallclock_time = 2025-06-09 16:25:32.855980 / 911.662093 / Sim_time = 309.3500046096742 / 0.33932491836616907x
======[Agent] Wallclock_time = 2025-06-09 16:25:33.026151 / 911.832264 / Sim_time = 309.4000046104193 / 0.33931642639702964x
======[Agent] Wallclock_time = 2025-06-09 16:25:33.193477 / 911.99959 / Sim_time = 309.45000461116433 / 0.3393089960733077x
======[Agent] Wallclock_time = 2025-06-09 16:25:33.355072 / 912.161185 / Sim_time = 309.5000046119094 / 0.3393037002645636x
======[Agent] Wallclock_time = 2025-06-09 16:25:33.519813 / 912.325926 / Sim_time = 309.55000461265445 / 0.33929723632058456x
======[Agent] Wallclock_time = 2025-06-09 16:25:33.689697 / 912.49581 / Sim_time = 309.6000046133995 / 0.3392888624053376x
======[Agent] Wallclock_time = 2025-06-09 16:25:33.825478 / 912.631591 / Sim_time = 309.65000461414456 / 0.3392931697462737x
======[Agent] Wallclock_time = 2025-06-09 16:25:33.988843 / 912.794956 / Sim_time = 309.7000046148896 / 0.3392872224938841x
======[Agent] Wallclock_time = 2025-06-09 16:25:34.159025 / 912.965138 / Sim_time = 309.7500046156347 / 0.3392787440005082x
======[Agent] Wallclock_time = 2025-06-09 16:25:34.312551 / 913.118664 / Sim_time = 309.80000461637974 / 0.3392764572162141x
======[Agent] Wallclock_time = 2025-06-09 16:25:34.467465 / 913.273578 / Sim_time = 309.8500046171248 / 0.3392736555699077x
======[Agent] Wallclock_time = 2025-06-09 16:25:34.618156 / 913.424269 / Sim_time = 309.90000461786985 / 0.339272423410338x
======[Agent] Wallclock_time = 2025-06-09 16:25:34.754075 / 913.560188 / Sim_time = 309.9500046186149 / 0.3392766775667958x
======[Agent] Wallclock_time = 2025-06-09 16:25:34.923511 / 913.729624 / Sim_time = 310.00000461935997 / 0.3392684851278006x
======[Agent] Wallclock_time = 2025-06-09 16:25:35.068312 / 913.874425 / Sim_time = 310.050004620105 / 0.3392694410401779x
======[Agent] Wallclock_time = 2025-06-09 16:25:35.209285 / 914.015398 / Sim_time = 310.1000046208501 / 0.33927181755096925x
======[Agent] Wallclock_time = 2025-06-09 16:25:35.369979 / 914.176092 / Sim_time = 310.15000462159514 / 0.33926687436792075x
======[Agent] Wallclock_time = 2025-06-09 16:25:35.505162 / 914.311275 / Sim_time = 310.2000046223402 / 0.3392713989564891x
======[Agent] Wallclock_time = 2025-06-09 16:25:35.636747 / 914.44286 / Sim_time = 310.25000462308526 / 0.33927725713318835x
======[Agent] Wallclock_time = 2025-06-09 16:25:35.760068 / 914.566181 / Sim_time = 310.3000046238303 / 0.33928617937563005x
======[Agent] Wallclock_time = 2025-06-09 16:25:35.908437 / 914.71455 / Sim_time = 310.3500046245754 / 0.33928580816689446x
======[Agent] Wallclock_time = 2025-06-09 16:25:36.049755 / 914.855868 / Sim_time = 310.40000462532043 / 0.3392880520248993x
======[Agent] Wallclock_time = 2025-06-09 16:25:36.205005 / 915.011118 / Sim_time = 310.4500046260655 / 0.33928512914630654x
======[Agent] Wallclock_time = 2025-06-09 16:25:36.362983 / 915.169096 / Sim_time = 310.50000462681055 / 0.3392811959043847x
======[Agent] Wallclock_time = 2025-06-09 16:25:36.500188 / 915.306301 / Sim_time = 310.5500046275556 / 0.33928496395502433x
======[Agent] Wallclock_time = 2025-06-09 16:25:36.674678 / 915.480791 / Sim_time = 310.60000462830067 / 0.3392749125998735x
======[Agent] Wallclock_time = 2025-06-09 16:25:36.846569 / 915.652682 / Sim_time = 310.6500046290457 / 0.33926582804812633x
======[Agent] Wallclock_time = 2025-06-09 16:25:37.003942 / 915.810055 / Sim_time = 310.7000046297908 / 0.33926212501310193x
======[Agent] Wallclock_time = 2025-06-09 16:25:37.147063 / 915.953176 / Sim_time = 310.75000463053584 / 0.33926370202010614x
======[Agent] Wallclock_time = 2025-06-09 16:25:37.318335 / 916.124448 / Sim_time = 310.8000046312809 / 0.3392548534808094x
======[Agent] Wallclock_time = 2025-06-09 16:25:37.492509 / 916.298622 / Sim_time = 310.85000463202596 / 0.33924493382801585x
======[Agent] Wallclock_time = 2025-06-09 16:25:37.647786 / 916.453899 / Sim_time = 310.900004632771 / 0.339242012860658x
======[Agent] Wallclock_time = 2025-06-09 16:25:37.793724 / 916.599837 / Sim_time = 310.9500046335161 / 0.33924254929904246x
======[Agent] Wallclock_time = 2025-06-09 16:25:37.916804 / 916.722917 / Sim_time = 311.00000463426113 / 0.33925154440392014x
======[Agent] Wallclock_time = 2025-06-09 16:25:38.056961 / 916.863074 / Sim_time = 311.0500046350062 / 0.3392542182157812x
======[Agent] Wallclock_time = 2025-06-09 16:25:38.182502 / 916.988615 / Sim_time = 311.10000463575125 / 0.33926229866381996x
======[Agent] Wallclock_time = 2025-06-09 16:25:38.323033 / 917.129146 / Sim_time = 311.1500046364963 / 0.3392648317074252x
======[Agent] Wallclock_time = 2025-06-09 16:25:38.463617 / 917.26973 / Sim_time = 311.20000463724136 / 0.33926734437197337x
======[Agent] Wallclock_time = 2025-06-09 16:25:38.622306 / 917.428419 / Sim_time = 311.2500046379864 / 0.33926316094948167x
======[Agent] Wallclock_time = 2025-06-09 16:25:38.773603 / 917.579716 / Sim_time = 311.3000046387315 / 0.339261712033115x
======[Agent] Wallclock_time = 2025-06-09 16:25:38.910601 / 917.716714 / Sim_time = 311.35000463947654 / 0.33926554962354855x
======[Agent] Wallclock_time = 2025-06-09 16:25:39.050689 / 917.856802 / Sim_time = 311.4000046402216 / 0.33926824390628385x
======[Agent] Wallclock_time = 2025-06-09 16:25:39.237988 / 918.044101 / Sim_time = 311.45000464096665 / 0.3392534901626436x
======[Agent] Wallclock_time = 2025-06-09 16:25:39.382038 / 918.188151 / Sim_time = 311.5000046417117 / 0.3392547214290836x
======[Agent] Wallclock_time = 2025-06-09 16:25:39.536817 / 918.34293 / Sim_time = 311.55000464245677 / 0.33925198878644164x
======[Agent] Wallclock_time = 2025-06-09 16:25:39.694577 / 918.50069 / Sim_time = 311.6000046432018 / 0.3392481560302865x
======[Agent] Wallclock_time = 2025-06-09 16:25:39.861770 / 918.667883 / Sim_time = 311.6500046439469 / 0.33924084118994474x
======[Agent] Wallclock_time = 2025-06-09 16:25:40.035031 / 918.841144 / Sim_time = 311.70000464469194 / 0.3392312887257944x
======[Agent] Wallclock_time = 2025-06-09 16:25:40.209210 / 919.015323 / Sim_time = 311.750004645437 / 0.3392214010168751x
======[Agent] Wallclock_time = 2025-06-09 16:25:40.353496 / 919.159609 / Sim_time = 311.80000464618206 / 0.339222548913845x
======[Agent] Wallclock_time = 2025-06-09 16:25:40.510060 / 919.316173 / Sim_time = 311.8500046469271 / 0.3392191659264556x
======[Agent] Wallclock_time = 2025-06-09 16:25:40.670614 / 919.476727 / Sim_time = 311.9000046476722 / 0.33921431209140335x
======[Agent] Wallclock_time = 2025-06-09 16:25:40.810787 / 919.6169 / Sim_time = 311.95000464841723 / 0.33921697766911374x
======[Agent] Wallclock_time = 2025-06-09 16:25:40.950148 / 919.756261 / Sim_time = 312.0000046491623 / 0.33921994191156735x
======[Agent] Wallclock_time = 2025-06-09 16:25:41.113533 / 919.919646 / Sim_time = 312.05000464990735 / 0.3392140463492841x
======[Agent] Wallclock_time = 2025-06-09 16:25:41.288335 / 920.094448 / Sim_time = 312.1000046506524 / 0.33920394381806834x
======[Agent] Wallclock_time = 2025-06-09 16:25:41.423186 / 920.229299 / Sim_time = 312.15000465139747 / 0.33920857093121803x
======[Agent] Wallclock_time = 2025-06-09 16:25:41.597110 / 920.403223 / Sim_time = 312.2000046521425 / 0.3391987964098493x
======[Agent] Wallclock_time = 2025-06-09 16:25:41.746856 / 920.552969 / Sim_time = 312.2500046528876 / 0.3391979342526604x
======[Agent] Wallclock_time = 2025-06-09 16:25:41.904855 / 920.710968 / Sim_time = 312.30000465363264 / 0.33919403190991504x
======[Agent] Wallclock_time = 2025-06-09 16:25:42.055104 / 920.861217 / Sim_time = 312.3500046543777 / 0.33919298553909255x
======[Agent] Wallclock_time = 2025-06-09 16:25:42.217175 / 921.023288 / Sim_time = 312.40000465512276 / 0.3391875857405432x
======[Agent] Wallclock_time = 2025-06-09 16:25:42.363789 / 921.169902 / Sim_time = 312.4500046558678 / 0.3391878792279392x
======[Agent] Wallclock_time = 2025-06-09 16:25:42.509052 / 921.315165 / Sim_time = 312.5000046566129 / 0.3391886700008274x
======[Agent] Wallclock_time = 2025-06-09 16:25:42.670740 / 921.476853 / Sim_time = 312.55000465735793 / 0.3391834145984168x
======[Agent] Wallclock_time = 2025-06-09 16:25:42.834792 / 921.640905 / Sim_time = 312.600004658103 / 0.3391772910522151x
======[Agent] Wallclock_time = 2025-06-09 16:25:42.971651 / 921.777764 / Sim_time = 312.65000465884805 / 0.3391811754288234x
======[Agent] Wallclock_time = 2025-06-09 16:25:43.144666 / 921.950779 / Sim_time = 312.7000046595931 / 0.3391717568990049x
======[Agent] Wallclock_time = 2025-06-09 16:25:43.305667 / 922.11178 / Sim_time = 312.75000466033816 / 0.339166760773382x
======[Agent] Wallclock_time = 2025-06-09 16:25:43.430544 / 922.236657 / Sim_time = 312.8000046610832 / 0.3391750513404629x
======[Agent] Wallclock_time = 2025-06-09 16:25:43.564612 / 922.370725 / Sim_time = 312.8500046618283 / 0.33917995986035704x
======[Agent] Wallclock_time = 2025-06-09 16:25:43.686440 / 922.492553 / Sim_time = 312.90000466257334 / 0.33918936738907846x
======[Agent] Wallclock_time = 2025-06-09 16:25:43.810074 / 922.616187 / Sim_time = 312.9500046633184 / 0.3391981084602518x
======[Agent] Wallclock_time = 2025-06-09 16:25:43.944620 / 922.750733 / Sim_time = 313.00000466406345 / 0.3392028358987254x
======[Agent] Wallclock_time = 2025-06-09 16:25:44.068961 / 922.875074 / Sim_time = 313.0500046648085 / 0.33921131285586725x
======[Agent] Wallclock_time = 2025-06-09 16:25:44.212877 / 923.01899 / Sim_time = 313.10000466555357 / 0.33921259350575234x
======[Agent] Wallclock_time = 2025-06-09 16:25:44.323124 / 923.129237 / Sim_time = 313.1500046662986 / 0.3392262457830191x
======[Agent] Wallclock_time = 2025-06-09 16:25:44.437259 / 923.243372 / Sim_time = 313.2000046670437 / 0.3392384661804835x
======[Agent] Wallclock_time = 2025-06-09 16:25:44.559719 / 923.365832 / Sim_time = 313.25000466778874 / 0.33924762490038063x
======[Agent] Wallclock_time = 2025-06-09 16:25:44.671841 / 923.477954 / Sim_time = 313.3000046685338 / 0.3392605790435088x
======[Agent] Wallclock_time = 2025-06-09 16:25:44.798481 / 923.604594 / Sim_time = 313.35000466927886 / 0.3392681970582336x
======[Agent] Wallclock_time = 2025-06-09 16:25:44.912019 / 923.718132 / Sim_time = 313.4000046700239 / 0.33928062526047575x
======[Agent] Wallclock_time = 2025-06-09 16:25:45.054417 / 923.86053 / Sim_time = 313.450004670769 / 0.3392824514197154x
======[Agent] Wallclock_time = 2025-06-09 16:25:45.170268 / 923.976381 / Sim_time = 313.50000467151403 / 0.3392940250682544x
======[Agent] Wallclock_time = 2025-06-09 16:25:45.312410 / 924.118523 / Sim_time = 313.5500046722591 / 0.33929594264427104x
======[Agent] Wallclock_time = 2025-06-09 16:25:45.436989 / 924.243102 / Sim_time = 313.60000467300415 / 0.3393043071569465x
======[Agent] Wallclock_time = 2025-06-09 16:25:45.564643 / 924.370756 / Sim_time = 313.6500046737492 / 0.33931154066302865x
======[Agent] Wallclock_time = 2025-06-09 16:25:45.695893 / 924.502006 / Sim_time = 313.70000467449427 / 0.33931745233773125x
======[Agent] Wallclock_time = 2025-06-09 16:25:45.834216 / 924.640329 / Sim_time = 313.7500046752393 / 0.3393207666961633x
======[Agent] Wallclock_time = 2025-06-09 16:25:45.949826 / 924.755939 / Sim_time = 313.8000046759844 / 0.3393324142182883x
======[Agent] Wallclock_time = 2025-06-09 16:25:46.086167 / 924.89228 / Sim_time = 313.85000467672944 / 0.3393364526085966x
======[Agent] Wallclock_time = 2025-06-09 16:25:46.189104 / 924.995217 / Sim_time = 313.9000046774745 / 0.3393527442690876x
======[Agent] Wallclock_time = 2025-06-09 16:25:46.289163 / 925.095276 / Sim_time = 313.95000467821956 / 0.3393700880903985x
======[Agent] Wallclock_time = 2025-06-09 16:25:46.407671 / 925.213784 / Sim_time = 314.0000046789646 / 0.33938066069528416x
======[Agent] Wallclock_time = 2025-06-09 16:25:46.537193 / 925.343306 / Sim_time = 314.0500046797097 / 0.3393871909551791x
======[Agent] Wallclock_time = 2025-06-09 16:25:46.652492 / 925.458605 / Sim_time = 314.10000468045473 / 0.3393989353867636x
======[Agent] Wallclock_time = 2025-06-09 16:25:46.780174 / 925.586287 / Sim_time = 314.1500046811998 / 0.3394061360754189x
======[Agent] Wallclock_time = 2025-06-09 16:25:46.925476 / 925.731589 / Sim_time = 314.20000468194485 / 0.33940687452880075x
======[Agent] Wallclock_time = 2025-06-09 16:25:47.070436 / 925.876549 / Sim_time = 314.2500046826899 / 0.3394077381205513x
======[Agent] Wallclock_time = 2025-06-09 16:25:47.201920 / 926.008033 / Sim_time = 314.30000468343496 / 0.33941354077853253x
======[Agent] Wallclock_time = 2025-06-09 16:25:47.319726 / 926.125839 / Sim_time = 314.35000468418 / 0.3394243546851578x
======[Agent] Wallclock_time = 2025-06-09 16:25:47.440015 / 926.246128 / Sim_time = 314.4000046849251 / 0.33943425591374693x
======[Agent] Wallclock_time = 2025-06-09 16:25:47.552007 / 926.35812 / Sim_time = 314.45000468567014 / 0.3394471948262032x
======[Agent] Wallclock_time = 2025-06-09 16:25:47.665613 / 926.471726 / Sim_time = 314.5000046864152 / 0.3394595392400307x
======[Agent] Wallclock_time = 2025-06-09 16:25:47.805800 / 926.611913 / Sim_time = 314.55000468716025 / 0.3394621424697977x
======[Agent] Wallclock_time = 2025-06-09 16:25:47.934094 / 926.740207 / Sim_time = 314.6000046879053 / 0.3394691013107236x
======[Agent] Wallclock_time = 2025-06-09 16:25:48.061437 / 926.86755 / Sim_time = 314.65000468865037 / 0.3394764065396872x
======[Agent] Wallclock_time = 2025-06-09 16:25:48.173727 / 926.97984 / Sim_time = 314.7000046893954 / 0.3394892225489746x
======[Agent] Wallclock_time = 2025-06-09 16:25:48.293772 / 927.099885 / Sim_time = 314.7500046901405 / 0.3394991955920099x
======[Agent] Wallclock_time = 2025-06-09 16:25:48.424663 / 927.230776 / Sim_time = 314.80000469088554 / 0.33950519475174407x
======[Agent] Wallclock_time = 2025-06-09 16:25:48.552079 / 927.358192 / Sim_time = 314.8500046916306 / 0.3395124644342023x
======[Agent] Wallclock_time = 2025-06-09 16:25:48.696403 / 927.502516 / Sim_time = 314.90000469237566 / 0.339513542816991x
======[Agent] Wallclock_time = 2025-06-09 16:25:48.824170 / 927.630283 / Sim_time = 314.9500046931207 / 0.33952068075427416x
======[Agent] Wallclock_time = 2025-06-09 16:25:48.945378 / 927.751491 / Sim_time = 315.0000046938658 / 0.3395302171103152x
======[Agent] Wallclock_time = 2025-06-09 16:25:49.072697 / 927.87881 / Sim_time = 315.05000469461083 / 0.3395375147721027x
======[Agent] Wallclock_time = 2025-06-09 16:25:49.208055 / 928.014168 / Sim_time = 315.1000046953559 / 0.33954186909944545x
======[Agent] Wallclock_time = 2025-06-09 16:25:49.345282 / 928.151395 / Sim_time = 315.15000469610095 / 0.3395455384200145x
======[Agent] Wallclock_time = 2025-06-09 16:25:49.484156 / 928.290269 / Sim_time = 315.200004696846 / 0.33954860421815086x
======[Agent] Wallclock_time = 2025-06-09 16:25:49.628880 / 928.434993 / Sim_time = 315.25000469759107 / 0.33954952961155943x
======[Agent] Wallclock_time = 2025-06-09 16:25:49.773157 / 928.57927 / Sim_time = 315.3000046983361 / 0.33955061816932225x
======[Agent] Wallclock_time = 2025-06-09 16:25:49.909654 / 928.715767 / Sim_time = 315.3500046990812 / 0.3395545508645707x
======[Agent] Wallclock_time = 2025-06-09 16:25:50.044086 / 928.850199 / Sim_time = 315.40000469982624 / 0.3395592373023639x
======[Agent] Wallclock_time = 2025-06-09 16:25:50.173829 / 928.979942 / Sim_time = 315.4500047005713 / 0.3395656363212791x
======[Agent] Wallclock_time = 2025-06-09 16:25:50.328733 / 929.134846 / Sim_time = 315.50000470131636 / 0.33956283794190883x
======[Agent] Wallclock_time = 2025-06-09 16:25:50.444605 / 929.250718 / Sim_time = 315.5500047020614 / 0.3395743032697427x
======[Agent] Wallclock_time = 2025-06-09 16:25:50.588832 / 929.394945 / Sim_time = 315.6000047028065 / 0.3395754052948945x
======[Agent] Wallclock_time = 2025-06-09 16:25:50.722601 / 929.528714 / Sim_time = 315.65000470355153 / 0.33958032750263595x
======[Agent] Wallclock_time = 2025-06-09 16:25:50.851049 / 929.657162 / Sim_time = 315.7000047042966 / 0.3395871919471155x
======[Agent] Wallclock_time = 2025-06-09 16:25:50.992838 / 929.798951 / Sim_time = 315.75000470504165 / 0.3395891819153706x
======[Agent] Wallclock_time = 2025-06-09 16:25:51.124378 / 929.930491 / Sim_time = 315.8000047057867 / 0.339594913993279x
======[Agent] Wallclock_time = 2025-06-09 16:25:51.275614 / 930.081727 / Sim_time = 315.85000470653176 / 0.33959345285909365x
======[Agent] Wallclock_time = 2025-06-09 16:25:51.407342 / 930.213455 / Sim_time = 315.9000047072768 / 0.33959911395622944x
======[Agent] Wallclock_time = 2025-06-09 16:25:51.534561 / 930.340674 / Sim_time = 315.9500047080219 / 0.33960641938095304x
======[Agent] Wallclock_time = 2025-06-09 16:25:51.650586 / 930.456699 / Sim_time = 316.00000470876694 / 0.33961780857784807x
======[Agent] Wallclock_time = 2025-06-09 16:25:51.777821 / 930.583934 / Sim_time = 316.050004709512 / 0.33962510369796295x
======[Agent] Wallclock_time = 2025-06-09 16:25:51.905919 / 930.712032 / Sim_time = 316.10000471025705 / 0.33963208190068306x
======[Agent] Wallclock_time = 2025-06-09 16:25:52.042576 / 930.848689 / Sim_time = 316.1500047110021 / 0.33963593526108177x
======[Agent] Wallclock_time = 2025-06-09 16:25:52.178149 / 930.984262 / Sim_time = 316.20000471174717 / 0.339640182952485x
======[Agent] Wallclock_time = 2025-06-09 16:25:52.322413 / 931.128526 / Sim_time = 316.2500047124922 / 0.3396412592252952x
======[Agent] Wallclock_time = 2025-06-09 16:25:52.448565 / 931.254678 / Sim_time = 316.3000047132373 / 0.3396489408714642x
======[Agent] Wallclock_time = 2025-06-09 16:25:52.559062 / 931.365175 / Sim_time = 316.35000471398234 / 0.33966232960305043x
======[Agent] Wallclock_time = 2025-06-09 16:25:52.693792 / 931.499905 / Sim_time = 316.4000047147274 / 0.3396668784929709x
======[Agent] Wallclock_time = 2025-06-09 16:25:52.813680 / 931.619793 / Sim_time = 316.45000471547246 / 0.3396768374999896x
======[Agent] Wallclock_time = 2025-06-09 16:25:52.952780 / 931.758893 / Sim_time = 316.5000047162175 / 0.3396797899265423x
======[Agent] Wallclock_time = 2025-06-09 16:25:53.093235 / 931.899348 / Sim_time = 316.5500047169626 / 0.3396822475668424x
======[Agent] Wallclock_time = 2025-06-09 16:25:53.213283 / 932.019396 / Sim_time = 316.60000471770763 / 0.3396921420137115x
======[Agent] Wallclock_time = 2025-06-09 16:25:53.329026 / 932.135139 / Sim_time = 316.6500047184527 / 0.3397036028000763x
======[Agent] Wallclock_time = 2025-06-09 16:25:53.447091 / 932.253204 / Sim_time = 316.70000471919775 / 0.3397142145997743x
======[Agent] Wallclock_time = 2025-06-09 16:25:53.564871 / 932.370984 / Sim_time = 316.7500047199428 / 0.3397249275563205x
======[Agent] Wallclock_time = 2025-06-09 16:25:53.676957 / 932.48307 / Sim_time = 316.80000472068787 / 0.339737712324338x
======[Agent] Wallclock_time = 2025-06-09 16:25:53.805481 / 932.611594 / Sim_time = 316.8500047214329 / 0.33974450566065695x
======[Agent] Wallclock_time = 2025-06-09 16:25:53.927759 / 932.733872 / Sim_time = 316.900004722178 / 0.33975357224788955x
======[Agent] Wallclock_time = 2025-06-09 16:25:54.038612 / 932.844725 / Sim_time = 316.95000472292304 / 0.33976679769092905x
======[Agent] Wallclock_time = 2025-06-09 16:25:54.171209 / 932.977322 / Sim_time = 317.0000047236681 / 0.3397721010753218x
======[Agent] Wallclock_time = 2025-06-09 16:25:54.295717 / 933.10183 / Sim_time = 317.05000472441316 / 0.3397803484578577x
======[Agent] Wallclock_time = 2025-06-09 16:25:54.418355 / 933.224468 / Sim_time = 317.1000047251582 / 0.33978927450912455x
======[Agent] Wallclock_time = 2025-06-09 16:25:54.545554 / 933.351667 / Sim_time = 317.1500047259033 / 0.3397965377281161x
======[Agent] Wallclock_time = 2025-06-09 16:25:54.670833 / 933.476946 / Sim_time = 317.20000472664833 / 0.33980449788435424x
======[Agent] Wallclock_time = 2025-06-09 16:25:54.791137 / 933.59725 / Sim_time = 317.2500047273934 / 0.33981426671203957x
======[Agent] Wallclock_time = 2025-06-09 16:25:54.916186 / 933.722299 / Sim_time = 317.30000472813845 / 0.33982230610284736x
======[Agent] Wallclock_time = 2025-06-09 16:25:55.028537 / 933.83465 / Sim_time = 317.3500047288835 / 0.33983496424545745x
======[Agent] Wallclock_time = 2025-06-09 16:25:55.141863 / 933.947976 / Sim_time = 317.40000472962856 / 0.3398472645572327x
======[Agent] Wallclock_time = 2025-06-09 16:25:55.255752 / 934.061865 / Sim_time = 317.4500047303736 / 0.3398593570362886x
======[Agent] Wallclock_time = 2025-06-09 16:25:55.369100 / 934.175213 / Sim_time = 317.5000047311187 / 0.3398716433931707x
======[Agent] Wallclock_time = 2025-06-09 16:25:55.522340 / 934.328453 / Sim_time = 317.55000473186374 / 0.33986941513216296x
======[Agent] Wallclock_time = 2025-06-09 16:25:55.647490 / 934.453603 / Sim_time = 317.6000047326088 / 0.33987740411677203x
======[Agent] Wallclock_time = 2025-06-09 16:25:55.759175 / 934.565288 / Sim_time = 317.65000473335385 / 0.33989028794643816x
======[Agent] Wallclock_time = 2025-06-09 16:25:55.887186 / 934.693299 / Sim_time = 317.7000047340989 / 0.3398972317195003x
======[Agent] Wallclock_time = 2025-06-09 16:25:56.004405 / 934.810518 / Sim_time = 317.75000473484397 / 0.3399080976394687x
======[Agent] Wallclock_time = 2025-06-09 16:25:56.125818 / 934.931931 / Sim_time = 317.800004735589 / 0.3399174359979722x
======[Agent] Wallclock_time = 2025-06-09 16:25:56.252980 / 935.059093 / Sim_time = 317.8500047363341 / 0.3399246819705032x
======[Agent] Wallclock_time = 2025-06-09 16:25:56.375060 / 935.181173 / Sim_time = 317.90000473707914 / 0.3399337732425735x
======[Agent] Wallclock_time = 2025-06-09 16:25:56.488260 / 935.294373 / Sim_time = 317.9500047378242 / 0.3399460896700322x
======[Agent] Wallclock_time = 2025-06-09 16:25:56.594145 / 935.400258 / Sim_time = 318.00000473856926 / 0.3399610616501536x
======[Agent] Wallclock_time = 2025-06-09 16:25:56.732774 / 935.538887 / Sim_time = 318.0500047393143 / 0.33996413104224416x
======[Agent] Wallclock_time = 2025-06-09 16:25:56.877149 / 935.683262 / Sim_time = 318.1000047400594 / 0.33996511179971023x
======[Agent] Wallclock_time = 2025-06-09 16:25:56.993822 / 935.799935 / Sim_time = 318.15000474080443 / 0.3399761560836701x
======[Agent] Wallclock_time = 2025-06-09 16:25:57.124687 / 935.9308 / Sim_time = 318.2000047415495 / 0.3399820422188342x
======[Agent] Wallclock_time = 2025-06-09 16:25:57.236141 / 936.042254 / Sim_time = 318.25000474229455 / 0.33999497713627513x
======[Agent] Wallclock_time = 2025-06-09 16:25:57.349647 / 936.15576 / Sim_time = 318.3000047430396 / 0.34000716369664374x
======[Agent] Wallclock_time = 2025-06-09 16:25:57.471703 / 936.277816 / Sim_time = 318.35000474378467 / 0.3400162422811718x
======[Agent] Wallclock_time = 2025-06-09 16:25:57.600224 / 936.406337 / Sim_time = 318.4000047445297 / 0.340022970948304x
======[Agent] Wallclock_time = 2025-06-09 16:25:57.715287 / 936.5214 / Sim_time = 318.4500047452748 / 0.3400345840582935x
======[Agent] Wallclock_time = 2025-06-09 16:25:57.830989 / 936.637102 / Sim_time = 318.50000474601984 / 0.34004596232624734x
======[Agent] Wallclock_time = 2025-06-09 16:25:57.979076 / 936.785189 / Sim_time = 318.5500047467649 / 0.3400455818918621x
======[Agent] Wallclock_time = 2025-06-09 16:25:58.101129 / 936.907242 / Sim_time = 318.60000474750996 / 0.3400546504611814x
======[Agent] Wallclock_time = 2025-06-09 16:25:58.236330 / 937.042443 / Sim_time = 318.650004748255 / 0.3400589451093945x
======[Agent] Wallclock_time = 2025-06-09 16:25:58.376380 / 937.182493 / Sim_time = 318.7000047490001 / 0.34006147902671185x
======[Agent] Wallclock_time = 2025-06-09 16:25:58.497423 / 937.303536 / Sim_time = 318.75000474974513 / 0.3400709081277135x
======[Agent] Wallclock_time = 2025-06-09 16:25:58.614029 / 937.420142 / Sim_time = 318.8000047504902 / 0.3400819444612976x
======[Agent] Wallclock_time = 2025-06-09 16:25:58.740234 / 937.546347 / Sim_time = 318.85000475123525 / 0.3400894960361242x
======[Agent] Wallclock_time = 2025-06-09 16:25:58.862417 / 937.66853 / Sim_time = 318.9000047519803 / 0.34009850437603567x
======[Agent] Wallclock_time = 2025-06-09 16:25:58.984486 / 937.790599 / Sim_time = 318.95000475272536 / 0.34010755171280366x
======[Agent] Wallclock_time = 2025-06-09 16:25:59.114331 / 937.920444 / Sim_time = 319.0000047534704 / 0.3401137768990709x
======[Agent] Wallclock_time = 2025-06-09 16:25:59.240211 / 938.046324 / Sim_time = 319.0500047542155 / 0.3401214380035004x
======[Agent] Wallclock_time = 2025-06-09 16:25:59.347230 / 938.153343 / Sim_time = 319.10000475496054 / 0.340135935132542x
======[Agent] Wallclock_time = 2025-06-09 16:25:59.463088 / 938.269201 / Sim_time = 319.1500047557056 / 0.340147224558084x
======[Agent] Wallclock_time = 2025-06-09 16:25:59.566445 / 938.372558 / Sim_time = 319.20000475645065 / 0.3401630427830647x
======[Agent] Wallclock_time = 2025-06-09 16:25:59.696796 / 938.502909 / Sim_time = 319.2500047571957 / 0.34016907302747923x
======[Agent] Wallclock_time = 2025-06-09 16:25:59.842375 / 938.648488 / Sim_time = 319.30000475794077 / 0.34016958283147836x
======[Agent] Wallclock_time = 2025-06-09 16:25:59.972116 / 938.778229 / Sim_time = 319.3500047586858 / 0.34017583143468316x
======[Agent] Wallclock_time = 2025-06-09 16:26:00.094026 / 938.900139 / Sim_time = 319.4000047594309 / 0.3401849156340526x
======[Agent] Wallclock_time = 2025-06-09 16:26:00.220793 / 939.026906 / Sim_time = 319.45000476017594 / 0.3401922378653739x
======[Agent] Wallclock_time = 2025-06-09 16:26:00.348411 / 939.154524 / Sim_time = 319.500004760921 / 0.34019924985387295x
======[Agent] Wallclock_time = 2025-06-09 16:26:00.505272 / 939.311385 / Sim_time = 319.55000476166606 / 0.34019566851731237x
======[Agent] Wallclock_time = 2025-06-09 16:26:00.642361 / 939.448474 / Sim_time = 319.6000047624111 / 0.3401992481848056x
======[Agent] Wallclock_time = 2025-06-09 16:26:00.785937 / 939.59205 / Sim_time = 319.6500047631562 / 0.34020047802945774x
======[Agent] Wallclock_time = 2025-06-09 16:26:00.890801 / 939.696914 / Sim_time = 319.70000476390123 / 0.3402157225219734x
======[Agent] Wallclock_time = 2025-06-09 16:26:01.023194 / 939.829307 / Sim_time = 319.7500047646463 / 0.34022099775150827x
======[Agent] Wallclock_time = 2025-06-09 16:26:01.153502 / 939.959615 / Sim_time = 319.80000476539135 / 0.34022702617746525x
======[Agent] Wallclock_time = 2025-06-09 16:26:01.285162 / 940.091275 / Sim_time = 319.8500047661364 / 0.3402325636237532x
======[Agent] Wallclock_time = 2025-06-09 16:26:01.426200 / 940.232313 / Sim_time = 319.90000476688147 / 0.3402347059435465x
======[Agent] Wallclock_time = 2025-06-09 16:26:01.552886 / 940.358999 / Sim_time = 319.9500047676265 / 0.3402420403971549x
======[Agent] Wallclock_time = 2025-06-09 16:26:01.667649 / 940.473762 / Sim_time = 320.0000047683716 / 0.3402536864337159x
======[Agent] Wallclock_time = 2025-06-09 16:26:01.786739 / 940.592852 / Sim_time = 320.05000476911664 / 0.34026376431080124x
======[Agent] Wallclock_time = 2025-06-09 16:26:01.911836 / 940.717949 / Sim_time = 320.1000047698617 / 0.3402716668034947x
======[Agent] Wallclock_time = 2025-06-09 16:26:02.030196 / 940.836309 / Sim_time = 320.15000477060676 / 0.34028200381518536x
======[Agent] Wallclock_time = 2025-06-09 16:26:02.137987 / 940.9441 / Sim_time = 320.2000047713518 / 0.3402961605000672x
======[Agent] Wallclock_time = 2025-06-09 16:26:02.248675 / 941.054788 / Sim_time = 320.2500047720969 / 0.340309266311103x
======[Agent] Wallclock_time = 2025-06-09 16:26:02.377075 / 941.183188 / Sim_time = 320.30000477284193 / 0.3403159645653141x
======[Agent] Wallclock_time = 2025-06-09 16:26:02.495933 / 941.302046 / Sim_time = 320.350004773587 / 0.3403261108469705x
======[Agent] Wallclock_time = 2025-06-09 16:26:02.616878 / 941.422991 / Sim_time = 320.40000477433205 / 0.34033550009066216x
======[Agent] Wallclock_time = 2025-06-09 16:26:02.738227 / 941.54434 / Sim_time = 320.4500047750771 / 0.34034474088637845x
======[Agent] Wallclock_time = 2025-06-09 16:26:02.861616 / 941.667729 / Sim_time = 320.50000477582216 / 0.3403532419688349x
======[Agent] Wallclock_time = 2025-06-09 16:26:02.979603 / 941.785716 / Sim_time = 320.5500047765672 / 0.34036369310667497x
======[Agent] Wallclock_time = 2025-06-09 16:26:03.111469 / 941.917582 / Sim_time = 320.6000047773123 / 0.3403691262747721x
======[Agent] Wallclock_time = 2025-06-09 16:26:03.238523 / 942.044636 / Sim_time = 320.65000477805734 / 0.34037629656622853x
======[Agent] Wallclock_time = 2025-06-09 16:26:03.352358 / 942.158471 / Sim_time = 320.7000047788024 / 0.34038824068542683x
======[Agent] Wallclock_time = 2025-06-09 16:26:03.472716 / 942.278829 / Sim_time = 320.75000477954745 / 0.34039782547393094x
======[Agent] Wallclock_time = 2025-06-09 16:26:03.602380 / 942.408493 / Sim_time = 320.8000047802925 / 0.34040404639715627x
======[Agent] Wallclock_time = 2025-06-09 16:26:03.718898 / 942.525011 / Sim_time = 320.85000478103757 / 0.34041501352373565x
======[Agent] Wallclock_time = 2025-06-09 16:26:03.841729 / 942.647842 / Sim_time = 320.9000047817826 / 0.34042369807714956x
======[Agent] Wallclock_time = 2025-06-09 16:26:03.955702 / 942.761815 / Sim_time = 320.9500047825277 / 0.3404355789982316x
======[Agent] Wallclock_time = 2025-06-09 16:26:04.080355 / 942.886468 / Sim_time = 321.00000478327274 / 0.3404436008298635x
======[Agent] Wallclock_time = 2025-06-09 16:26:04.199325 / 943.005438 / Sim_time = 321.0500047840178 / 0.34045367226222245x
======[Agent] Wallclock_time = 2025-06-09 16:26:04.305506 / 943.111619 / Sim_time = 321.10000478476286 / 0.34046835798383357x
======[Agent] Wallclock_time = 2025-06-09 16:26:04.417198 / 943.223311 / Sim_time = 321.1500047855079 / 0.3404810510503349x
======[Agent] Wallclock_time = 2025-06-09 16:26:04.531664 / 943.337777 / Sim_time = 321.200004786253 / 0.34049273984870126x
======[Agent] Wallclock_time = 2025-06-09 16:26:04.660017 / 943.46613 / Sim_time = 321.25000478699803 / 0.3404994138873689x
======[Agent] Wallclock_time = 2025-06-09 16:26:04.809700 / 943.615813 / Sim_time = 321.3000047877431 / 0.3404983891355729x
======[Agent] Wallclock_time = 2025-06-09 16:26:04.936996 / 943.743109 / Sim_time = 321.35000478848815 / 0.3405054418077307x
======[Agent] Wallclock_time = 2025-06-09 16:26:05.074399 / 943.880512 / Sim_time = 321.4000047892332 / 0.3405088463998151x
======[Agent] Wallclock_time = 2025-06-09 16:26:05.190809 / 943.996922 / Sim_time = 321.45000478997827 / 0.34051982244721324x
======[Agent] Wallclock_time = 2025-06-09 16:26:05.314515 / 944.120628 / Sim_time = 321.5000047907233 / 0.34052816422792864x
======[Agent] Wallclock_time = 2025-06-09 16:26:05.462828 / 944.268941 / Sim_time = 321.5500047914684 / 0.34052762968494027x
======[Agent] Wallclock_time = 2025-06-09 16:26:05.592671 / 944.398784 / Sim_time = 321.60000479221344 / 0.3405337551328934x
======[Agent] Wallclock_time = 2025-06-09 16:26:05.723726 / 944.529839 / Sim_time = 321.6500047929585 / 0.3405394419238846x
======[Agent] Wallclock_time = 2025-06-09 16:26:05.846818 / 944.652931 / Sim_time = 321.70000479370356 / 0.3405479977764509x
======[Agent] Wallclock_time = 2025-06-09 16:26:06.000471 / 944.806584 / Sim_time = 321.7500047944486 / 0.3405455356658617x
======[Agent] Wallclock_time = 2025-06-09 16:26:06.127972 / 944.934085 / Sim_time = 321.8000047951937 / 0.34055249921765124x
======[Agent] Wallclock_time = 2025-06-09 16:26:06.244707 / 945.05082 / Sim_time = 321.85000479593873 / 0.34056334053294424x
======[Agent] Wallclock_time = 2025-06-09 16:26:06.360766 / 945.166879 / Sim_time = 321.9000047966838 / 0.3405744227546732x
======[Agent] Wallclock_time = 2025-06-09 16:26:06.483572 / 945.289685 / Sim_time = 321.95000479742885 / 0.34058307133051763x
======[Agent] Wallclock_time = 2025-06-09 16:26:06.598699 / 945.404812 / Sim_time = 322.0000047981739 / 0.34059448409459736x
======[Agent] Wallclock_time = 2025-06-09 16:26:06.709510 / 945.515623 / Sim_time = 322.05000479891896 / 0.3406074488432542x
======[Agent] Wallclock_time = 2025-06-09 16:26:06.823777 / 945.62989 / Sim_time = 322.100004799664 / 0.34061916568700923x
======[Agent] Wallclock_time = 2025-06-09 16:26:06.953981 / 945.760094 / Sim_time = 322.1500048004091 / 0.34062513973577463x
======[Agent] Wallclock_time = 2025-06-09 16:26:07.073860 / 945.879973 / Sim_time = 322.20000480115414 / 0.34063483038383746x
======[Agent] Wallclock_time = 2025-06-09 16:26:07.191792 / 945.997905 / Sim_time = 322.2500048018992 / 0.3406452196706287x
======[Agent] Wallclock_time = 2025-06-09 16:26:07.322373 / 946.128486 / Sim_time = 322.30000480264425 / 0.3406510520724267x
======[Agent] Wallclock_time = 2025-06-09 16:26:07.444688 / 946.250801 / Sim_time = 322.3500048033893 / 0.34065985867897897x
======[Agent] Wallclock_time = 2025-06-09 16:26:07.580654 / 946.386767 / Sim_time = 322.40000480413437 / 0.3406637490952843x
======[Agent] Wallclock_time = 2025-06-09 16:26:07.707145 / 946.513258 / Sim_time = 322.4500048048794 / 0.3406710486181387x
======[Agent] Wallclock_time = 2025-06-09 16:26:07.839905 / 946.646018 / Sim_time = 322.5000048056245 / 0.3406760901090426x
======[Agent] Wallclock_time = 2025-06-09 16:26:07.952590 / 946.758703 / Sim_time = 322.55000480636954 / 0.340688353955396x
======[Agent] Wallclock_time = 2025-06-09 16:26:08.073409 / 946.879522 / Sim_time = 322.6000048071146 / 0.34069768815786733x
======[Agent] Wallclock_time = 2025-06-09 16:26:08.195821 / 947.001934 / Sim_time = 322.65000480785966 / 0.3407064468586532x
======[Agent] Wallclock_time = 2025-06-09 16:26:08.325369 / 947.131482 / Sim_time = 322.7000048086047 / 0.3407126362377304x
======[Agent] Wallclock_time = 2025-06-09 16:26:08.449626 / 947.255739 / Sim_time = 322.7500048093498 / 0.34072072704393797x
======[Agent] Wallclock_time = 2025-06-09 16:26:08.580666 / 947.386779 / Sim_time = 322.80000481009483 / 0.34072637621610574x
======[Agent] Wallclock_time = 2025-06-09 16:26:08.710358 / 947.516471 / Sim_time = 322.8500048108399 / 0.3407325085732798x
======[Agent] Wallclock_time = 2025-06-09 16:26:08.844077 / 947.65019 / Sim_time = 322.90000481158495 / 0.3407371912988206x
======[Agent] Wallclock_time = 2025-06-09 16:26:09.000323 / 947.806436 / Sim_time = 322.95000481233 / 0.34073377412532774x
======[Agent] Wallclock_time = 2025-06-09 16:26:09.134427 / 947.94054 / Sim_time = 323.00000481307507 / 0.3407383168513483x
======[Agent] Wallclock_time = 2025-06-09 16:26:09.282774 / 948.088887 / Sim_time = 323.0500048138201 / 0.34073773936776536x
======[Agent] Wallclock_time = 2025-06-09 16:26:09.403869 / 948.209982 / Sim_time = 323.1000048145652 / 0.340746955000533x
======[Agent] Wallclock_time = 2025-06-09 16:26:09.523142 / 948.329255 / Sim_time = 323.15000481531024 / 0.3407568229649177x
======[Agent] Wallclock_time = 2025-06-09 16:26:09.654778 / 948.460891 / Sim_time = 323.2000048160553 / 0.34076224662573745x
======[Agent] Wallclock_time = 2025-06-09 16:26:09.785204 / 948.591317 / Sim_time = 323.25000481680036 / 0.3407681034557656x
======[Agent] Wallclock_time = 2025-06-09 16:26:09.961674 / 948.767787 / Sim_time = 323.3000048175454 / 0.34075742082517035x
======[Agent] Wallclock_time = 2025-06-09 16:26:10.101750 / 948.907863 / Sim_time = 323.3500048182905 / 0.34075981100651864x
======[Agent] Wallclock_time = 2025-06-09 16:26:10.209880 / 949.015993 / Sim_time = 323.40000481903553 / 0.3407736712877127x
======[Agent] Wallclock_time = 2025-06-09 16:26:10.345246 / 949.151359 / Sim_time = 323.4500048197806 / 0.34077774948645584x
======[Agent] Wallclock_time = 2025-06-09 16:26:10.472075 / 949.278188 / Sim_time = 323.50000482052565 / 0.3407848912205643x
======[Agent] Wallclock_time = 2025-06-09 16:26:10.650621 / 949.456734 / Sim_time = 323.5500048212707 / 0.34077346809128284x
======[Agent] Wallclock_time = 2025-06-09 16:26:10.776577 / 949.58269 / Sim_time = 323.60000482201576 / 0.34078092139726596x
======[Agent] Wallclock_time = 2025-06-09 16:26:10.886992 / 949.693105 / Sim_time = 323.6500048227608 / 0.34079394946098024x
======[Agent] Wallclock_time = 2025-06-09 16:26:11.016522 / 949.822635 / Sim_time = 323.7000048235059 / 0.3408001158272987x
======[Agent] Wallclock_time = 2025-06-09 16:26:11.143522 / 949.949635 / Sim_time = 323.75000482425094 / 0.3408071881801005x
======[Agent] Wallclock_time = 2025-06-09 16:26:11.272693 / 950.078806 / Sim_time = 323.800004824996 / 0.3408134798572869x
======[Agent] Wallclock_time = 2025-06-09 16:26:11.412788 / 950.218901 / Sim_time = 323.85000482574105 / 0.3408158516622576x
======[Agent] Wallclock_time = 2025-06-09 16:26:11.555665 / 950.361778 / Sim_time = 323.9000048264861 / 0.34081722508968687x
======[Agent] Wallclock_time = 2025-06-09 16:26:11.708356 / 950.514469 / Sim_time = 323.95000482723117 / 0.3408150791780867x
======[Agent] Wallclock_time = 2025-06-09 16:26:11.852553 / 950.658666 / Sim_time = 324.0000048279762 / 0.34081597906771427x
======[Agent] Wallclock_time = 2025-06-09 16:26:11.973557 / 950.77967 / Sim_time = 324.0500048287213 / 0.3408251924481398x
======[Agent] Wallclock_time = 2025-06-09 16:26:12.133171 / 950.939284 / Sim_time = 324.10000482946634 / 0.3408205649530211x
======[Agent] Wallclock_time = 2025-06-09 16:26:12.244103 / 951.050216 / Sim_time = 324.1500048302114 / 0.340833384550566x
======[Agent] Wallclock_time = 2025-06-09 16:26:12.355171 / 951.161284 / Sim_time = 324.20000483095646 / 0.3408461524226674x
======[Agent] Wallclock_time = 2025-06-09 16:26:12.474272 / 951.280385 / Sim_time = 324.2500048317015 / 0.34085603896443484x
======[Agent] Wallclock_time = 2025-06-09 16:26:12.634892 / 951.441005 / Sim_time = 324.3000048324466 / 0.34085104833315255x
======[Agent] Wallclock_time = 2025-06-09 16:26:12.769249 / 951.575362 / Sim_time = 324.35000483319163 / 0.3408554665560215x
======[Agent] Wallclock_time = 2025-06-09 16:26:12.907692 / 951.713805 / Sim_time = 324.4000048339367 / 0.3408584201166616x
======[Agent] Wallclock_time = 2025-06-09 16:26:13.033127 / 951.83924 / Sim_time = 324.45000483468175 / 0.3408660310838316x
======[Agent] Wallclock_time = 2025-06-09 16:26:13.157538 / 951.963651 / Sim_time = 324.5000048354268 / 0.3408740067129098x
======[Agent] Wallclock_time = 2025-06-09 16:26:13.280442 / 952.086555 / Sim_time = 324.55000483617187 / 0.34088251981843404x
======[Agent] Wallclock_time = 2025-06-09 16:26:13.390649 / 952.196762 / Sim_time = 324.6000048369169 / 0.3408955763087762x
======[Agent] Wallclock_time = 2025-06-09 16:26:13.508389 / 952.314502 / Sim_time = 324.650004837662 / 0.3409059331238966x
======[Agent] Wallclock_time = 2025-06-09 16:26:13.636619 / 952.442732 / Sim_time = 324.70000483840704 / 0.3409125326034557x
======[Agent] Wallclock_time = 2025-06-09 16:26:13.783267 / 952.58938 / Sim_time = 324.7500048391521 / 0.3409125387547501x
======[Agent] Wallclock_time = 2025-06-09 16:26:13.919034 / 952.725147 / Sim_time = 324.80000483989716 / 0.34091643843579444x
======[Agent] Wallclock_time = 2025-06-09 16:26:14.047015 / 952.853128 / Sim_time = 324.8500048406422 / 0.34092312274753794x
======[Agent] Wallclock_time = 2025-06-09 16:26:14.185394 / 952.991507 / Sim_time = 324.9000048413873 / 0.3409260854150528x
======[Agent] Wallclock_time = 2025-06-09 16:26:14.320355 / 953.126468 / Sim_time = 324.95000484213233 / 0.3409302698242375x
======[Agent] Wallclock_time = 2025-06-09 16:26:14.468437 / 953.27455 / Sim_time = 325.0000048428774 / 0.34092976038552275x
======[Agent] Wallclock_time = 2025-06-09 16:26:14.588830 / 953.394943 / Sim_time = 325.05000484362245 / 0.34093915254223234x
======[Agent] Wallclock_time = 2025-06-09 16:26:14.720217 / 953.52633 / Sim_time = 325.1000048443675 / 0.3409446112513288x
======[Agent] Wallclock_time = 2025-06-09 16:26:14.836688 / 953.642801 / Sim_time = 325.15000484511256 / 0.340955401276826x
======[Agent] Wallclock_time = 2025-06-09 16:26:14.947606 / 953.753719 / Sim_time = 325.2000048458576 / 0.3409681738579766x
======[Agent] Wallclock_time = 2025-06-09 16:26:15.048471 / 953.854584 / Sim_time = 325.2500048466027 / 0.3409845371797946x
======[Agent] Wallclock_time = 2025-06-09 16:26:15.155327 / 953.96144 / Sim_time = 325.30000484734774 / 0.34099875551426084x
======[Agent] Wallclock_time = 2025-06-09 16:26:15.281301 / 954.087414 / Sim_time = 325.3500048480928 / 0.3410061374543563x
======[Agent] Wallclock_time = 2025-06-09 16:26:15.384928 / 954.191041 / Sim_time = 325.40000484883785 / 0.34102150391845265x
======[Agent] Wallclock_time = 2025-06-09 16:26:15.507452 / 954.313565 / Sim_time = 325.4500048495829 / 0.34103011395365523x
======[Agent] Wallclock_time = 2025-06-09 16:26:15.617214 / 954.423327 / Sim_time = 325.50000485032797 / 0.3410432819472004x
======[Agent] Wallclock_time = 2025-06-09 16:26:15.776437 / 954.58255 / Sim_time = 325.550004851073 / 0.3410387753393331x
======[Agent] Wallclock_time = 2025-06-09 16:26:15.916571 / 954.722684 / Sim_time = 325.6000048518181 / 0.3410410889647712x
======[Agent] Wallclock_time = 2025-06-09 16:26:16.047618 / 954.853731 / Sim_time = 325.65000485256314 / 0.341046647495286x
======[Agent] Wallclock_time = 2025-06-09 16:26:16.182243 / 954.988356 / Sim_time = 325.7000048533082 / 0.34105092670091314x
======[Agent] Wallclock_time = 2025-06-09 16:26:16.313972 / 955.120085 / Sim_time = 325.75000485405326 / 0.34105623880563085x
======[Agent] Wallclock_time = 2025-06-09 16:26:16.437458 / 955.243571 / Sim_time = 325.8000048547983 / 0.34106449253486343x
======[Agent] Wallclock_time = 2025-06-09 16:26:16.559072 / 955.365185 / Sim_time = 325.8500048555434 / 0.34107341244817385x
======[Agent] Wallclock_time = 2025-06-09 16:26:16.675848 / 955.481961 / Sim_time = 325.90000485628843 / 0.34108405712981466x
======[Agent] Wallclock_time = 2025-06-09 16:26:16.804272 / 955.610385 / Sim_time = 325.9500048570335 / 0.34109054158771196x
======[Agent] Wallclock_time = 2025-06-09 16:26:16.930566 / 955.736679 / Sim_time = 326.00000485777855 / 0.34109778448713707x
======[Agent] Wallclock_time = 2025-06-09 16:26:17.055694 / 955.861807 / Sim_time = 326.0500048585236 / 0.341105441566285x
======[Agent] Wallclock_time = 2025-06-09 16:26:17.202430 / 956.008543 / Sim_time = 326.10000485926867 / 0.3411053867056102x
======[Agent] Wallclock_time = 2025-06-09 16:26:17.326405 / 956.132518 / Sim_time = 326.1500048600137 / 0.3411134519603921x
======[Agent] Wallclock_time = 2025-06-09 16:26:17.465872 / 956.271985 / Sim_time = 326.2000048607588 / 0.34111598882065963x
======[Agent] Wallclock_time = 2025-06-09 16:26:17.598939 / 956.405052 / Sim_time = 326.25000486150384 / 0.34112080761018004x
======[Agent] Wallclock_time = 2025-06-09 16:26:17.754049 / 956.560162 / Sim_time = 326.3000048622489 / 0.34111776415845x
======[Agent] Wallclock_time = 2025-06-09 16:26:17.917265 / 956.723378 / Sim_time = 326.35000486299396 / 0.3411118315446478x
======[Agent] Wallclock_time = 2025-06-09 16:26:18.042808 / 956.848921 / Sim_time = 326.400004863739 / 0.3411193309423276x
======[Agent] Wallclock_time = 2025-06-09 16:26:18.158835 / 956.964948 / Sim_time = 326.4500048644841 / 0.3411302205128035x
======[Agent] Wallclock_time = 2025-06-09 16:26:18.274576 / 957.080689 / Sim_time = 326.50000486522913 / 0.34114120938450965x
======[Agent] Wallclock_time = 2025-06-09 16:26:18.406658 / 957.212771 / Sim_time = 326.5500048659742 / 0.3411463716457274x
======[Agent] Wallclock_time = 2025-06-09 16:26:18.531560 / 957.337673 / Sim_time = 326.60000486671925 / 0.3411540911047258x
======[Agent] Wallclock_time = 2025-06-09 16:26:18.652786 / 957.458899 / Sim_time = 326.6500048674643 / 0.3411631183808611x
======[Agent] Wallclock_time = 2025-06-09 16:26:18.744932 / 957.551045 / Sim_time = 326.70000486820936 / 0.341182504464506x
======[Agent] Wallclock_time = 2025-06-09 16:26:18.839614 / 957.645727 / Sim_time = 326.7500048689544 / 0.3412009832608705x
======[Agent] Wallclock_time = 2025-06-09 16:26:18.931190 / 957.737303 / Sim_time = 326.8000048696995 / 0.34122056499780556x
======[Agent] Wallclock_time = 2025-06-09 16:26:19.051271 / 957.857384 / Sim_time = 326.85000487044454 / 0.34122998799209187x
======[Agent] Wallclock_time = 2025-06-09 16:26:19.146899 / 957.953012 / Sim_time = 326.9000048711896 / 0.341248119195924x
======[Agent] Wallclock_time = 2025-06-09 16:26:19.240685 / 958.046798 / Sim_time = 326.95000487193465 / 0.34126690291911166x
======[Agent] Wallclock_time = 2025-06-09 16:26:19.326872 / 958.132985 / Sim_time = 327.0000048726797 / 0.34128838971584935x
======[Agent] Wallclock_time = 2025-06-09 16:26:19.422800 / 958.228913 / Sim_time = 327.05000487342477 / 0.34130640302128074x
======[Agent] Wallclock_time = 2025-06-09 16:26:19.514305 / 958.320418 / Sim_time = 327.1000048741698 / 0.3413259880560969x
======[Agent] Wallclock_time = 2025-06-09 16:26:19.598641 / 958.404754 / Sim_time = 327.1500048749149 / 0.34134812266049364x
======[Agent] Wallclock_time = 2025-06-09 16:26:19.679665 / 958.485778 / Sim_time = 327.20000487565994 / 0.34137143295643874x
======[Agent] Wallclock_time = 2025-06-09 16:26:19.792932 / 958.599045 / Sim_time = 327.250004876405 / 0.3413832563260572x
======[Agent] Wallclock_time = 2025-06-09 16:26:19.872855 / 958.678968 / Sim_time = 327.30000487715006 / 0.3414069510182464x
======[Agent] Wallclock_time = 2025-06-09 16:26:19.971365 / 958.777478 / Sim_time = 327.3500048778951 / 0.34142402274271233x
======[Agent] Wallclock_time = 2025-06-09 16:26:20.060436 / 958.866549 / Sim_time = 327.4000048786402 / 0.3414444520727442x
======[Agent] Wallclock_time = 2025-06-09 16:26:20.158648 / 958.964761 / Sim_time = 327.45000487938523 / 0.34146162271520897x
======[Agent] Wallclock_time = 2025-06-09 16:26:20.268319 / 959.074432 / Sim_time = 327.5000048801303 / 0.34147470986425005x
======[Agent] Wallclock_time = 2025-06-09 16:26:20.365553 / 959.171666 / Sim_time = 327.55000488087535 / 0.3414922218820562x
======[Agent] Wallclock_time = 2025-06-09 16:26:20.451807 / 959.25792 / Sim_time = 327.6000048816204 / 0.34151363938489143x
======[Agent] Wallclock_time = 2025-06-09 16:26:20.542418 / 959.348531 / Sim_time = 327.65000488236547 / 0.3415335019143982x
======[Agent] Wallclock_time = 2025-06-09 16:26:20.634459 / 959.440572 / Sim_time = 327.7000048831105 / 0.3415528516238929x
======[Agent] Wallclock_time = 2025-06-09 16:26:20.721449 / 959.527562 / Sim_time = 327.7500048838556 / 0.3415739956721117x
======[Agent] Wallclock_time = 2025-06-09 16:26:20.822114 / 959.628227 / Sim_time = 327.80000488460064 / 0.34159026805526904x
======[Agent] Wallclock_time = 2025-06-09 16:26:20.933922 / 959.740035 / Sim_time = 327.8500048853457 / 0.3416025708282294x
======[Agent] Wallclock_time = 2025-06-09 16:26:21.039254 / 959.845367 / Sim_time = 327.90000488609076 / 0.34161717558086124x
======[Agent] Wallclock_time = 2025-06-09 16:26:21.157132 / 959.963245 / Sim_time = 327.9500048868358 / 0.34162731226186016x
======[Agent] Wallclock_time = 2025-06-09 16:26:21.261515 / 960.067628 / Sim_time = 328.0000048875809 / 0.3416422486076494x
======[Agent] Wallclock_time = 2025-06-09 16:26:21.331179 / 960.137292 / Sim_time = 328.05000488832593 / 0.3416695361716976x
======[Agent] Wallclock_time = 2025-06-09 16:26:21.422633 / 960.228746 / Sim_time = 328.100004889071 / 0.34168906582599345x
======[Agent] Wallclock_time = 2025-06-09 16:26:21.529774 / 960.335887 / Sim_time = 328.15000488981605 / 0.3417030099873859x
======[Agent] Wallclock_time = 2025-06-09 16:26:21.616037 / 960.42215 / Sim_time = 328.2000048905611 / 0.3417243793952292x
======[Agent] Wallclock_time = 2025-06-09 16:26:21.728669 / 960.534782 / Sim_time = 328.25000489130616 / 0.341736363228274x
======[Agent] Wallclock_time = 2025-06-09 16:26:21.802411 / 960.608524 / Sim_time = 328.3000048920512 / 0.341762179834531x
======[Agent] Wallclock_time = 2025-06-09 16:26:21.893775 / 960.699888 / Sim_time = 328.3500048927963 / 0.3417817231088021x
======[Agent] Wallclock_time = 2025-06-09 16:26:21.995493 / 960.801606 / Sim_time = 328.40000489354134 / 0.34179757927669624x
======[Agent] Wallclock_time = 2025-06-09 16:26:22.094514 / 960.900627 / Sim_time = 328.4500048942864 / 0.3418143914686976x
======[Agent] Wallclock_time = 2025-06-09 16:26:22.177354 / 960.983467 / Sim_time = 328.50000489503145 / 0.3418369559297273x
======[Agent] Wallclock_time = 2025-06-09 16:26:22.261509 / 961.067622 / Sim_time = 328.5500048957765 / 0.3418590487451962x
======[Agent] Wallclock_time = 2025-06-09 16:26:22.359028 / 961.165141 / Sim_time = 328.60000489652157 / 0.34187638419581157x
======[Agent] Wallclock_time = 2025-06-09 16:26:22.439885 / 961.245998 / Sim_time = 328.6500048972666 / 0.3418996424239201x
======[Agent] Wallclock_time = 2025-06-09 16:26:22.517314 / 961.323427 / Sim_time = 328.7000048980117 / 0.34192411600710493x
======[Agent] Wallclock_time = 2025-06-09 16:26:22.622921 / 961.429034 / Sim_time = 328.75000489875674 / 0.3419385636737418x
======[Agent] Wallclock_time = 2025-06-09 16:26:22.733310 / 961.539423 / Sim_time = 328.8000048995018 / 0.34195130754217057x
======[Agent] Wallclock_time = 2025-06-09 16:26:22.843182 / 961.649295 / Sim_time = 328.85000490024686 / 0.3419642323306799x
======[Agent] Wallclock_time = 2025-06-09 16:26:22.925221 / 961.731334 / Sim_time = 328.9000049009919 / 0.3419870511507539x
======[Agent] Wallclock_time = 2025-06-09 16:26:23.008153 / 961.814266 / Sim_time = 328.950004901737 / 0.3420095485381254x
======[Agent] Wallclock_time = 2025-06-09 16:26:23.120944 / 961.927057 / Sim_time = 329.00000490248203 / 0.34202142510381317x
======[Agent] Wallclock_time = 2025-06-09 16:26:23.213503 / 962.019616 / Sim_time = 329.0500049032271 / 0.3420404920960936x
======[Agent] Wallclock_time = 2025-06-09 16:26:23.302410 / 962.108523 / Sim_time = 329.10000490397215 / 0.34206085381816986x
======[Agent] Wallclock_time = 2025-06-09 16:26:23.392331 / 962.198444 / Sim_time = 329.1500049047172 / 0.34208085128005666x
======[Agent] Wallclock_time = 2025-06-09 16:26:23.479138 / 962.285251 / Sim_time = 329.20000490546227 / 0.3421019520577794x
======[Agent] Wallclock_time = 2025-06-09 16:26:23.591951 / 962.398064 / Sim_time = 329.2500049062073 / 0.34211380416118875x
======[Agent] Wallclock_time = 2025-06-09 16:26:23.710157 / 962.51627 / Sim_time = 329.3000049069524 / 0.3421237365506724x
======[Agent] Wallclock_time = 2025-06-09 16:26:23.813093 / 962.619206 / Sim_time = 329.35000490769744 / 0.3421390937514743x
======[Agent] Wallclock_time = 2025-06-09 16:26:23.925896 / 962.732009 / Sim_time = 329.4000049084425 / 0.34215094094529225x
======[Agent] Wallclock_time = 2025-06-09 16:26:24.003921 / 962.810034 / Sim_time = 329.45000490918756 / 0.3421751447326969x
======[Agent] Wallclock_time = 2025-06-09 16:26:24.111262 / 962.917375 / Sim_time = 329.5000049099326 / 0.34218892635622683x
======[Agent] Wallclock_time = 2025-06-09 16:26:24.205505 / 963.011618 / Sim_time = 329.55000491067767 / 0.3422073592297185x
======[Agent] Wallclock_time = 2025-06-09 16:26:24.292301 / 963.098414 / Sim_time = 329.60000491142273 / 0.3422284346976279x
======[Agent] Wallclock_time = 2025-06-09 16:26:24.370929 / 963.177042 / Sim_time = 329.6500049121678 / 0.34225240873189233x
======[Agent] Wallclock_time = 2025-06-09 16:26:24.481988 / 963.288101 / Sim_time = 329.70000491291285 / 0.34226485545268603x
======[Agent] Wallclock_time = 2025-06-09 16:26:24.570179 / 963.376292 / Sim_time = 329.7500049136579 / 0.34228542405134654x
======[Agent] Wallclock_time = 2025-06-09 16:26:24.666919 / 963.473032 / Sim_time = 329.80000491440296 / 0.34230295156974505x
======[Agent] Wallclock_time = 2025-06-09 16:26:24.750756 / 963.556869 / Sim_time = 329.850004915148 / 0.3423250595809809x
======[Agent] Wallclock_time = 2025-06-09 16:26:24.834687 / 963.6408 / Sim_time = 329.9000049158931 / 0.3423471303506065x
======[Agent] Wallclock_time = 2025-06-09 16:26:24.917798 / 963.723911 / Sim_time = 329.95000491663814 / 0.342369488585979x
======[Agent] Wallclock_time = 2025-06-09 16:26:24.999165 / 963.805278 / Sim_time = 330.0000049173832 / 0.3423924625207548x
======[Agent] Wallclock_time = 2025-06-09 16:26:25.087023 / 963.893136 / Sim_time = 330.05000491812825 / 0.3424131267026696x
======[Agent] Wallclock_time = 2025-06-09 16:26:25.166805 / 963.972918 / Sim_time = 330.1000049188733 / 0.3424366559665293x
======[Agent] Wallclock_time = 2025-06-09 16:26:25.257990 / 964.064103 / Sim_time = 330.15000491961837 / 0.3424561307034659x
======[Agent] Wallclock_time = 2025-06-09 16:26:25.345037 / 964.15115 / Sim_time = 330.2000049203634 / 0.3424770716119478x
======[Agent] Wallclock_time = 2025-06-09 16:26:25.422442 / 964.228555 / Sim_time = 330.2500049211085 / 0.3425014336146422x
======[Agent] Wallclock_time = 2025-06-09 16:26:25.493180 / 964.299293 / Sim_time = 330.30000492185354 / 0.34252815986840474x
======[Agent] Wallclock_time = 2025-06-09 16:26:25.595165 / 964.401278 / Sim_time = 330.3500049225986 / 0.34254378329309443x
======[Agent] Wallclock_time = 2025-06-09 16:26:25.676410 / 964.482523 / Sim_time = 330.40000492334366 / 0.34256676972110767x
======[Agent] Wallclock_time = 2025-06-09 16:26:25.772163 / 964.578276 / Sim_time = 330.4500049240887 / 0.3425845994685135x
======[Agent] Wallclock_time = 2025-06-09 16:26:25.862163 / 964.668276 / Sim_time = 330.5000049248338 / 0.34260446885512064x
======[Agent] Wallclock_time = 2025-06-09 16:26:25.949738 / 964.755851 / Sim_time = 330.55000492557883 / 0.3426251957505704x
======[Agent] Wallclock_time = 2025-06-09 16:26:26.037084 / 964.843197 / Sim_time = 330.6000049263239 / 0.3426460002083879x
======[Agent] Wallclock_time = 2025-06-09 16:26:26.148557 / 964.95467 / Sim_time = 330.65000492706895 / 0.34265823312595173x
======[Agent] Wallclock_time = 2025-06-09 16:26:26.241855 / 965.047968 / Sim_time = 330.700004927814 / 0.34267691681300677x
======[Agent] Wallclock_time = 2025-06-09 16:26:26.329972 / 965.136085 / Sim_time = 330.75000492855906 / 0.34269743652898704x
======[Agent] Wallclock_time = 2025-06-09 16:26:26.419166 / 965.225279 / Sim_time = 330.8000049293041 / 0.34271757009353465x
======[Agent] Wallclock_time = 2025-06-09 16:26:26.530708 / 965.336821 / Sim_time = 330.8500049300492 / 0.34272976540722233x
======[Agent] Wallclock_time = 2025-06-09 16:26:26.657812 / 965.463925 / Sim_time = 330.90000493079424 / 0.34273643336218995x
======[Agent] Wallclock_time = 2025-06-09 16:26:26.786866 / 965.592979 / Sim_time = 330.9500049315393 / 0.34274240739806777x
======[Agent] Wallclock_time = 2025-06-09 16:26:26.900090 / 965.706203 / Sim_time = 331.00000493228436 / 0.34275399821397456x
======[Agent] Wallclock_time = 2025-06-09 16:26:26.995177 / 965.80129 / Sim_time = 331.0500049330294 / 0.3427720231777763x
======[Agent] Wallclock_time = 2025-06-09 16:26:27.088820 / 965.894933 / Sim_time = 331.10000493377447 / 0.3427905570586707x
======[Agent] Wallclock_time = 2025-06-09 16:26:27.185322 / 965.991435 / Sim_time = 331.15000493451953 / 0.34280807275112823x
======[Agent] Wallclock_time = 2025-06-09 16:26:27.293263 / 966.099376 / Sim_time = 331.2000049352646 / 0.3428215257575519x
======[Agent] Wallclock_time = 2025-06-09 16:26:27.393533 / 966.199646 / Sim_time = 331.25000493600965 / 0.34283769764319705x
======[Agent] Wallclock_time = 2025-06-09 16:26:27.520058 / 966.326171 / Sim_time = 331.3000049367547 / 0.3428445508718441x
======[Agent] Wallclock_time = 2025-06-09 16:26:27.627332 / 966.433445 / Sim_time = 331.35000493749976 / 0.34285823177328884x
======[Agent] Wallclock_time = 2025-06-09 16:26:27.753633 / 966.559746 / Sim_time = 331.4000049382448 / 0.3428651601150838x
======[Agent] Wallclock_time = 2025-06-09 16:26:27.884199 / 966.690312 / Sim_time = 331.4500049389899 / 0.34287057390973x
======[Agent] Wallclock_time = 2025-06-09 16:26:28.014899 / 966.821012 / Sim_time = 331.50000493973494 / 0.34287593872007843x
======[Agent] Wallclock_time = 2025-06-09 16:26:28.160975 / 966.967088 / Sim_time = 331.55000494048 / 0.34287584983929686x
======[Agent] Wallclock_time = 2025-06-09 16:26:28.292750 / 967.098863 / Sim_time = 331.60000494122505 / 0.34288083126450103x
======[Agent] Wallclock_time = 2025-06-09 16:26:28.413785 / 967.219898 / Sim_time = 331.6500049419701 / 0.3428896187290301x
======[Agent] Wallclock_time = 2025-06-09 16:26:28.543814 / 967.349927 / Sim_time = 331.70000494271517 / 0.34289521587724203x
======[Agent] Wallclock_time = 2025-06-09 16:26:28.675396 / 967.481509 / Sim_time = 331.7500049434602 / 0.3429002610975991x
======[Agent] Wallclock_time = 2025-06-09 16:26:28.805931 / 967.612044 / Sim_time = 331.8000049442053 / 0.3429056759844644x
======[Agent] Wallclock_time = 2025-06-09 16:26:28.935123 / 967.741236 / Sim_time = 331.85000494495034 / 0.3429115652909773x
======[Agent] Wallclock_time = 2025-06-09 16:26:29.046105 / 967.852218 / Sim_time = 331.9000049456954 / 0.34292390496106756x
======[Agent] Wallclock_time = 2025-06-09 16:26:29.164743 / 967.970856 / Sim_time = 331.95000494644046 / 0.34293352940877286x
======[Agent] Wallclock_time = 2025-06-09 16:26:29.290432 / 968.096545 / Sim_time = 332.0000049471855 / 0.34294065372016364x
======[Agent] Wallclock_time = 2025-06-09 16:26:29.415753 / 968.221866 / Sim_time = 332.0500049479306 / 0.342947906528713x
======[Agent] Wallclock_time = 2025-06-09 16:26:29.535493 / 968.341606 / Sim_time = 332.10000494867563 / 0.3429571340669437x
======[Agent] Wallclock_time = 2025-06-09 16:26:29.656023 / 968.462136 / Sim_time = 332.1500049494207 / 0.34296607955702374x
======[Agent] Wallclock_time = 2025-06-09 16:26:29.775988 / 968.582101 / Sim_time = 332.20000495016575 / 0.3429752228871127x
======[Agent] Wallclock_time = 2025-06-09 16:26:29.908898 / 968.715011 / Sim_time = 332.2500049509108 / 0.3429797806355353x
======[Agent] Wallclock_time = 2025-06-09 16:26:30.050099 / 968.856212 / Sim_time = 332.30000495165586 / 0.3429814020434374x
======[Agent] Wallclock_time = 2025-06-09 16:26:30.187208 / 968.993321 / Sim_time = 332.3500049524009 / 0.3429844713738017x
======[Agent] Wallclock_time = 2025-06-09 16:26:30.320766 / 969.126879 / Sim_time = 332.400004953146 / 0.3429887965828976x
======[Agent] Wallclock_time = 2025-06-09 16:26:30.457731 / 969.263844 / Sim_time = 332.45000495389104 / 0.342991914967145x
======[Agent] Wallclock_time = 2025-06-09 16:26:30.595403 / 969.401516 / Sim_time = 332.5000049546361 / 0.3429947823187165x
======[Agent] Wallclock_time = 2025-06-09 16:26:30.740954 / 969.547067 / Sim_time = 332.55000495538116 / 0.3429948614970331x
======[Agent] Wallclock_time = 2025-06-09 16:26:30.883726 / 969.689839 / Sim_time = 332.6000049561262 / 0.3429959236277019x
======[Agent] Wallclock_time = 2025-06-09 16:26:31.030562 / 969.836675 / Sim_time = 332.65000495687127 / 0.3429955481538406x
======[Agent] Wallclock_time = 2025-06-09 16:26:31.146021 / 969.952134 / Sim_time = 332.70000495761633 / 0.3430062683395756x
======[Agent] Wallclock_time = 2025-06-09 16:26:31.249427 / 970.05554 / Sim_time = 332.7500049583614 / 0.3430212479762895x
======[Agent] Wallclock_time = 2025-06-09 16:26:31.390610 / 970.196723 / Sim_time = 332.80000495910645 / 0.34302286747286714x
======[Agent] Wallclock_time = 2025-06-09 16:26:31.530860 / 970.336973 / Sim_time = 332.8500049598515 / 0.3430248163233034x
======[Agent] Wallclock_time = 2025-06-09 16:26:31.649595 / 970.455708 / Sim_time = 332.90000496059656 / 0.3430343695049162x
======[Agent] Wallclock_time = 2025-06-09 16:26:31.758770 / 970.564883 / Sim_time = 332.9500049613416 / 0.34304729930563777x
======[Agent] Wallclock_time = 2025-06-09 16:26:31.925883 / 970.731996 / Sim_time = 333.0000049620867 / 0.34303975071852477x
======[Agent] Wallclock_time = 2025-06-09 16:26:32.066541 / 970.872654 / Sim_time = 333.05000496283174 / 0.34304155189572355x
======[Agent] Wallclock_time = 2025-06-09 16:26:32.200674 / 971.006787 / Sim_time = 333.1000049635768 / 0.3430456577415448x
======[Agent] Wallclock_time = 2025-06-09 16:26:32.322483 / 971.128596 / Sim_time = 333.15000496432185 / 0.3430541158837485x
======[Agent] Wallclock_time = 2025-06-09 16:26:32.450015 / 971.256128 / Sim_time = 333.2000049650669 / 0.34306055045504585x
======[Agent] Wallclock_time = 2025-06-09 16:26:32.594740 / 971.400853 / Sim_time = 333.25000496581197 / 0.34306091133821626x
======[Agent] Wallclock_time = 2025-06-09 16:26:32.723620 / 971.529733 / Sim_time = 333.300004966557 / 0.3430668672079538x
======[Agent] Wallclock_time = 2025-06-09 16:26:32.853879 / 971.659992 / Sim_time = 333.3500049673021 / 0.34307233460217174x
======[Agent] Wallclock_time = 2025-06-09 16:26:32.970366 / 971.776479 / Sim_time = 333.40000496804714 / 0.34308266261853465x
======[Agent] Wallclock_time = 2025-06-09 16:26:33.094363 / 971.900476 / Sim_time = 333.4500049687922 / 0.34309033703822894x
======[Agent] Wallclock_time = 2025-06-09 16:26:33.242116 / 972.048229 / Sim_time = 333.50000496953726 / 0.3430896244963096x
======[Agent] Wallclock_time = 2025-06-09 16:26:33.376493 / 972.182606 / Sim_time = 333.5500049702823 / 0.34309363263453585x
======[Agent] Wallclock_time = 2025-06-09 16:26:33.521990 / 972.328103 / Sim_time = 333.6000049710274 / 0.34309371584347953x
======[Agent] Wallclock_time = 2025-06-09 16:26:33.657612 / 972.463725 / Sim_time = 333.65000497177243 / 0.34309728301123976x
======[Agent] Wallclock_time = 2025-06-09 16:26:33.790734 / 972.596847 / Sim_time = 333.7000049725175 / 0.3431017311027602x
======[Agent] Wallclock_time = 2025-06-09 16:26:33.909944 / 972.716057 / Sim_time = 333.75000497326255 / 0.34311108515213645x
======[Agent] Wallclock_time = 2025-06-09 16:26:34.040328 / 972.846441 / Sim_time = 333.8000049740076 / 0.3431164958720466x
======[Agent] Wallclock_time = 2025-06-09 16:26:34.176656 / 972.982769 / Sim_time = 333.85000497475266 / 0.3431198089952441x
======[Agent] Wallclock_time = 2025-06-09 16:26:34.301579 / 973.107692 / Sim_time = 333.9000049754977 / 0.34312714265170463x
======[Agent] Wallclock_time = 2025-06-09 16:26:34.435852 / 973.241965 / Sim_time = 333.9500049762428 / 0.3431311779132591x
======[Agent] Wallclock_time = 2025-06-09 16:26:34.575746 / 973.381859 / Sim_time = 334.00000497698784 / 0.34313323055649564x
======[Agent] Wallclock_time = 2025-06-09 16:26:34.706852 / 973.512965 / Sim_time = 334.0500049777329 / 0.343138380123528x
======[Agent] Wallclock_time = 2025-06-09 16:26:34.844446 / 973.650559 / Sim_time = 334.10000497847795 / 0.3431412417411617x
======[Agent] Wallclock_time = 2025-06-09 16:26:34.973953 / 973.780066 / Sim_time = 334.150004979223 / 0.34314695227317454x
======[Agent] Wallclock_time = 2025-06-09 16:26:35.108141 / 973.914254 / Sim_time = 334.20000497996807 / 0.34315101196676406x
======[Agent] Wallclock_time = 2025-06-09 16:26:35.240036 / 974.046149 / Sim_time = 334.25000498071313 / 0.343155878361606x
======[Agent] Wallclock_time = 2025-06-09 16:26:35.363847 / 974.16996 / Sim_time = 334.3000049814582 / 0.34316359110259065x
======[Agent] Wallclock_time = 2025-06-09 16:26:35.534491 / 974.340604 / Sim_time = 334.35000498220325 / 0.34315480690712996x
======[Agent] Wallclock_time = 2025-06-09 16:26:35.662644 / 974.468757 / Sim_time = 334.4000049829483 / 0.34316098840504944x
======[Agent] Wallclock_time = 2025-06-09 16:26:35.794024 / 974.600137 / Sim_time = 334.45000498369336 / 0.34316603201715057x
======[Agent] Wallclock_time = 2025-06-09 16:26:35.905272 / 974.711385 / Sim_time = 334.5000049844384 / 0.3431781622272487x
======[Agent] Wallclock_time = 2025-06-09 16:26:36.036737 / 974.84285 / Sim_time = 334.5500049851835 / 0.3431831723462003x
======[Agent] Wallclock_time = 2025-06-09 16:26:36.171107 / 974.97722 / Sim_time = 334.60000498592854 / 0.3431871585664022x
======[Agent] Wallclock_time = 2025-06-09 16:26:36.298598 / 975.104711 / Sim_time = 334.6500049866736 / 0.3431935647710237x
======[Agent] Wallclock_time = 2025-06-09 16:26:36.423186 / 975.229299 / Sim_time = 334.70000498741865 / 0.3432009909152942x
======[Agent] Wallclock_time = 2025-06-09 16:26:36.570548 / 975.376661 / Sim_time = 334.7500049881637 / 0.34320040162183263x
======[Agent] Wallclock_time = 2025-06-09 16:26:36.705436 / 975.511549 / Sim_time = 334.80000498890877 / 0.34320420104499216x
======[Agent] Wallclock_time = 2025-06-09 16:26:36.824433 / 975.630546 / Sim_time = 334.8500049896538 / 0.34321358955899717x
======[Agent] Wallclock_time = 2025-06-09 16:26:36.951505 / 975.757618 / Sim_time = 334.9000049903989 / 0.3432201354027897x
======[Agent] Wallclock_time = 2025-06-09 16:26:37.068023 / 975.874136 / Sim_time = 334.95000499114394 / 0.34323039150691503x
======[Agent] Wallclock_time = 2025-06-09 16:26:37.181887 / 975.988 / Sim_time = 335.000004991889 / 0.34324157853407056x
======[Agent] Wallclock_time = 2025-06-09 16:26:37.303229 / 976.109342 / Sim_time = 335.05000499263406 / 0.3432501332852737x
======[Agent] Wallclock_time = 2025-06-09 16:26:37.421152 / 976.227265 / Sim_time = 335.1000049933791 / 0.3432598880891644x
======[Agent] Wallclock_time = 2025-06-09 16:26:37.549097 / 976.35521 / Sim_time = 335.1500049941242 / 0.3432661169780691x
======[Agent] Wallclock_time = 2025-06-09 16:26:37.665459 / 976.471572 / Sim_time = 335.20000499486923 / 0.3432764161601758x
======[Agent] Wallclock_time = 2025-06-09 16:26:37.794764 / 976.600877 / Sim_time = 335.2500049956143 / 0.3432821632756439x
======[Agent] Wallclock_time = 2025-06-09 16:26:37.906940 / 976.713053 / Sim_time = 335.30000499635935 / 0.3432939292380176x
======[Agent] Wallclock_time = 2025-06-09 16:26:38.034603 / 976.840716 / Sim_time = 335.3500049971044 / 0.34330024967638095x
======[Agent] Wallclock_time = 2025-06-09 16:26:38.148505 / 976.954618 / Sim_time = 335.40000499784946 / 0.3433114041398035x
======[Agent] Wallclock_time = 2025-06-09 16:26:38.260501 / 977.066614 / Sim_time = 335.4500049985945 / 0.34332322573388924x
======[Agent] Wallclock_time = 2025-06-09 16:26:38.368500 / 977.174613 / Sim_time = 335.5000049993396 / 0.3433364489821131x
======[Agent] Wallclock_time = 2025-06-09 16:26:38.499046 / 977.305159 / Sim_time = 335.55000500008464 / 0.34334174803873785x
======[Agent] Wallclock_time = 2025-06-09 16:26:38.606330 / 977.412443 / Sim_time = 335.6000050008297 / 0.34335521718502665x
======[Agent] Wallclock_time = 2025-06-09 16:26:38.736142 / 977.542255 / Sim_time = 335.65000500157475 / 0.34336077026236017x
======[Agent] Wallclock_time = 2025-06-09 16:26:38.842200 / 977.648313 / Sim_time = 335.7000050023198 / 0.34337466465577093x
======[Agent] Wallclock_time = 2025-06-09 16:26:38.966479 / 977.772592 / Sim_time = 335.75000500306487 / 0.3433821569227499x
======[Agent] Wallclock_time = 2025-06-09 16:26:39.098801 / 977.904914 / Sim_time = 335.80000500380993 / 0.34338682300249385x
======[Agent] Wallclock_time = 2025-06-09 16:26:39.227745 / 978.033858 / Sim_time = 335.850005004555 / 0.3433926738473722x
======[Agent] Wallclock_time = 2025-06-09 16:26:39.344691 / 978.150804 / Sim_time = 335.90000500530005 / 0.34340273527246906x
======[Agent] Wallclock_time = 2025-06-09 16:26:39.482268 / 978.288381 / Sim_time = 335.9500050060451 / 0.34340555211039864x
======[Agent] Wallclock_time = 2025-06-09 16:26:39.613551 / 978.419664 / Sim_time = 336.00000500679016 / 0.34341057723898416x
======[Agent] Wallclock_time = 2025-06-09 16:26:39.741041 / 978.547154 / Sim_time = 336.0500050075352 / 0.3434169321498053x
======[Agent] Wallclock_time = 2025-06-09 16:26:39.858327 / 978.66444 / Sim_time = 336.1000050082803 / 0.3434268660884564x
======[Agent] Wallclock_time = 2025-06-09 16:26:39.969844 / 978.775957 / Sim_time = 336.15000500902534 / 0.34343882189395003x
======[Agent] Wallclock_time = 2025-06-09 16:26:40.102615 / 978.908728 / Sim_time = 336.2000050097704 / 0.34344331800303696x
======[Agent] Wallclock_time = 2025-06-09 16:26:40.222088 / 979.028201 / Sim_time = 336.25000501051545 / 0.34345247789040717x
======[Agent] Wallclock_time = 2025-06-09 16:26:40.352180 / 979.158293 / Sim_time = 336.3000050112605 / 0.3434579106948848x
======[Agent] Wallclock_time = 2025-06-09 16:26:40.476665 / 979.282778 / Sim_time = 336.35000501200557 / 0.3434653085941403x
======[Agent] Wallclock_time = 2025-06-09 16:26:40.617429 / 979.423542 / Sim_time = 336.4000050127506 / 0.34346699575836304x
======[Agent] Wallclock_time = 2025-06-09 16:26:40.736017 / 979.54213 / Sim_time = 336.4500050134957 / 0.34347645826835177x
======[Agent] Wallclock_time = 2025-06-09 16:26:40.853515 / 979.659628 / Sim_time = 336.50000501424074 / 0.3434863006602739x
======[Agent] Wallclock_time = 2025-06-09 16:26:40.967495 / 979.773608 / Sim_time = 336.5500050149858 / 0.343497374056244x
======[Agent] Wallclock_time = 2025-06-09 16:26:41.084051 / 979.890164 / Sim_time = 336.60000501573086 / 0.3435075418393413x
======[Agent] Wallclock_time = 2025-06-09 16:26:41.200188 / 980.006301 / Sim_time = 336.6500050164759 / 0.34351785407410546x
======[Agent] Wallclock_time = 2025-06-09 16:26:41.316207 / 980.12232 / Sim_time = 336.700005017221 / 0.34352820522342126x
======[Agent] Wallclock_time = 2025-06-09 16:26:41.437737 / 980.24385 / Sim_time = 336.75000501796603 / 0.3435366225264698x
======[Agent] Wallclock_time = 2025-06-09 16:26:41.557637 / 980.36375 / Sim_time = 336.8000050187111 / 0.34354560893658315x
======[Agent] Wallclock_time = 2025-06-09 16:26:41.671914 / 980.478027 / Sim_time = 336.85000501945615 / 0.34355656341790997x
======[Agent] Wallclock_time = 2025-06-09 16:26:41.802363 / 980.608476 / Sim_time = 336.9000050202012 / 0.34356184930462697x
======[Agent] Wallclock_time = 2025-06-09 16:26:41.926446 / 980.732559 / Sim_time = 336.95000502094626 / 0.3435693638999318x
======[Agent] Wallclock_time = 2025-06-09 16:26:42.047732 / 980.853845 / Sim_time = 337.0000050216913 / 0.3435778563358081x
======[Agent] Wallclock_time = 2025-06-09 16:26:42.161993 / 980.968106 / Sim_time = 337.0500050224364 / 0.34358880719168783x
======[Agent] Wallclock_time = 2025-06-09 16:26:42.282421 / 981.088534 / Sim_time = 337.10000502318144 / 0.3435975956738536x
======[Agent] Wallclock_time = 2025-06-09 16:26:42.409394 / 981.215507 / Sim_time = 337.1500050239265 / 0.3436040900440401x
======[Agent] Wallclock_time = 2025-06-09 16:26:42.522266 / 981.328379 / Sim_time = 337.20000502467155 / 0.3436155201715117x
======[Agent] Wallclock_time = 2025-06-09 16:26:42.647480 / 981.453593 / Sim_time = 337.2500050254166 / 0.3436226264880464x
======[Agent] Wallclock_time = 2025-06-09 16:26:42.767274 / 981.573387 / Sim_time = 337.30000502616167 / 0.3436316284261008x
======[Agent] Wallclock_time = 2025-06-09 16:26:42.855361 / 981.661474 / Sim_time = 337.35000502690673 / 0.34365172751516093x
======[Agent] Wallclock_time = 2025-06-09 16:26:42.948571 / 981.754684 / Sim_time = 337.4000050276518 / 0.34367002964828447x
======[Agent] Wallclock_time = 2025-06-09 16:26:43.044301 / 981.850414 / Sim_time = 337.45000502839684 / 0.3436874462029311x
======[Agent] Wallclock_time = 2025-06-09 16:26:43.137503 / 981.943616 / Sim_time = 337.5000050291419 / 0.34370574422411404x
======[Agent] Wallclock_time = 2025-06-09 16:26:43.211137 / 982.01725 / Sim_time = 337.55000502988696 / 0.34373088792381096x
======[Agent] Wallclock_time = 2025-06-09 16:26:43.288679 / 982.094792 / Sim_time = 337.600005030632 / 0.3437546599635894x
======[Agent] Wallclock_time = 2025-06-09 16:26:43.370532 / 982.176645 / Sim_time = 337.6500050313771 / 0.34377691932845517x
======[Agent] Wallclock_time = 2025-06-09 16:26:43.461981 / 982.268094 / Sim_time = 337.70000503212214 / 0.3437958163347468x
======[Agent] Wallclock_time = 2025-06-09 16:26:43.550968 / 982.357081 / Sim_time = 337.7500050328672 / 0.34381557149614084x
======[Agent] Wallclock_time = 2025-06-09 16:26:43.635365 / 982.441478 / Sim_time = 337.80000503361225 / 0.34383692948750155x
======[Agent] Wallclock_time = 2025-06-09 16:26:43.717705 / 982.523818 / Sim_time = 337.8500050343573 / 0.3438590037064665x
======[Agent] Wallclock_time = 2025-06-09 16:26:43.782793 / 982.588906 / Sim_time = 337.90000503510237 / 0.34388711198006383x
======[Agent] Wallclock_time = 2025-06-09 16:26:43.879276 / 982.685389 / Sim_time = 337.9500050358474 / 0.3439042290793828x
======[Agent] Wallclock_time = 2025-06-09 16:26:43.963299 / 982.769412 / Sim_time = 338.0000050365925 / 0.34392570320543236x
======[Agent] Wallclock_time = 2025-06-09 16:26:44.059422 / 982.865535 / Sim_time = 338.05000503733754 / 0.34394293935069986x
======[Agent] Wallclock_time = 2025-06-09 16:26:44.150773 / 982.956886 / Sim_time = 338.1000050380826 / 0.34396184196042207x
======[Agent] Wallclock_time = 2025-06-09 16:26:44.255330 / 983.061443 / Sim_time = 338.15000503882766 / 0.34397612018103274x
======[Agent] Wallclock_time = 2025-06-09 16:26:44.345360 / 983.151473 / Sim_time = 338.2000050395727 / 0.34399547814550707x
======[Agent] Wallclock_time = 2025-06-09 16:26:44.428424 / 983.234537 / Sim_time = 338.2500050403178 / 0.34401726983177355x
======[Agent] Wallclock_time = 2025-06-09 16:26:44.524187 / 983.3303 / Sim_time = 338.30000504106283 / 0.34403461482519965x
======[Agent] Wallclock_time = 2025-06-09 16:26:44.622114 / 983.428227 / Sim_time = 338.3500050418079 / 0.34405119936689443x
======[Agent] Wallclock_time = 2025-06-09 16:26:44.705195 / 983.511308 / Sim_time = 338.40000504255295 / 0.3440729742678044x
======[Agent] Wallclock_time = 2025-06-09 16:26:44.793958 / 983.600071 / Sim_time = 338.450005043298 / 0.3440927577470054x
======[Agent] Wallclock_time = 2025-06-09 16:26:44.893498 / 983.699611 / Sim_time = 338.50000504404306 / 0.3441087677072136x
======[Agent] Wallclock_time = 2025-06-09 16:26:44.968650 / 983.774763 / Sim_time = 338.5500050447881 / 0.34413330535038616x
======[Agent] Wallclock_time = 2025-06-09 16:26:45.067609 / 983.873722 / Sim_time = 338.6000050455332 / 0.3441495115935433x
======[Agent] Wallclock_time = 2025-06-09 16:26:45.158073 / 983.964186 / Sim_time = 338.65000504627824 / 0.34416868590946087x
======[Agent] Wallclock_time = 2025-06-09 16:26:45.248839 / 984.054952 / Sim_time = 338.7000050470233 / 0.3441877510711132x
======[Agent] Wallclock_time = 2025-06-09 16:26:45.333900 / 984.140013 / Sim_time = 338.75000504776835 / 0.34420880806007864x
======[Agent] Wallclock_time = 2025-06-09 16:26:45.426721 / 984.232834 / Sim_time = 338.8000050485134 / 0.34422714739606625x
======[Agent] Wallclock_time = 2025-06-09 16:26:45.528582 / 984.334695 / Sim_time = 338.85000504925847 / 0.34424232177139374x
======[Agent] Wallclock_time = 2025-06-09 16:26:45.625232 / 984.431345 / Sim_time = 338.90000505000353 / 0.34425931530114806x
======[Agent] Wallclock_time = 2025-06-09 16:26:45.719924 / 984.526037 / Sim_time = 338.9500050507486 / 0.34427699018157953x
======[Agent] Wallclock_time = 2025-06-09 16:26:45.801176 / 984.607289 / Sim_time = 339.00000505149364 / 0.3442993613183909x
======[Agent] Wallclock_time = 2025-06-09 16:26:45.893226 / 984.699339 / Sim_time = 339.0500050522387 / 0.34431795300949797x
======[Agent] Wallclock_time = 2025-06-09 16:26:46.001498 / 984.807611 / Sim_time = 339.10000505298376 / 0.34433086923219824x
======[Agent] Wallclock_time = 2025-06-09 16:26:46.094167 / 984.90028 / Sim_time = 339.1500050537288 / 0.34434923777713927x
======[Agent] Wallclock_time = 2025-06-09 16:26:46.188559 / 984.994672 / Sim_time = 339.2000050544739 / 0.3443670004820832x
======[Agent] Wallclock_time = 2025-06-09 16:26:46.286982 / 985.093095 / Sim_time = 339.25000505521894 / 0.34438335056228203x
======[Agent] Wallclock_time = 2025-06-09 16:26:46.377235 / 985.183348 / Sim_time = 339.300005055964 / 0.3444025534355769x
======[Agent] Wallclock_time = 2025-06-09 16:26:46.485477 / 985.29159 / Sim_time = 339.35000505670905 / 0.3444154645035025x
======[Agent] Wallclock_time = 2025-06-09 16:26:46.606057 / 985.41217 / Sim_time = 339.4000050574541 / 0.34442406027255973x
======[Agent] Wallclock_time = 2025-06-09 16:26:46.695876 / 985.501989 / Sim_time = 339.45000505819917 / 0.3444434048877341x
======[Agent] Wallclock_time = 2025-06-09 16:26:46.797441 / 985.603554 / Sim_time = 339.5000050589442 / 0.3444586408221326x
======[Agent] Wallclock_time = 2025-06-09 16:26:46.884309 / 985.690422 / Sim_time = 339.5500050596893 / 0.34447900984136726x
======[Agent] Wallclock_time = 2025-06-09 16:26:46.986799 / 985.792912 / Sim_time = 339.60000506043434 / 0.34449391594582535x
======[Agent] Wallclock_time = 2025-06-09 16:26:47.087778 / 985.893891 / Sim_time = 339.6500050611794 / 0.3445093469514484x
======[Agent] Wallclock_time = 2025-06-09 16:26:47.180010 / 985.986123 / Sim_time = 339.70000506192446 / 0.3445278311833738x
======[Agent] Wallclock_time = 2025-06-09 16:26:47.278424 / 986.084537 / Sim_time = 339.7500050626695 / 0.34454415191637633x
======[Agent] Wallclock_time = 2025-06-09 16:26:47.389318 / 986.195431 / Sim_time = 339.8000050634146 / 0.3445561090896045x
======[Agent] Wallclock_time = 2025-06-09 16:26:47.476449 / 986.282562 / Sim_time = 339.85000506415963 / 0.34457636541666264x
======[Agent] Wallclock_time = 2025-06-09 16:26:47.559384 / 986.365497 / Sim_time = 339.9000050649047 / 0.34459808407797604x
======[Agent] Wallclock_time = 2025-06-09 16:26:47.671183 / 986.477296 / Sim_time = 339.95000506564975 / 0.34460971563600395x
======[Agent] Wallclock_time = 2025-06-09 16:26:47.781253 / 986.587366 / Sim_time = 340.0000050663948 / 0.34462194850815303x
======[Agent] Wallclock_time = 2025-06-09 16:26:47.904414 / 986.710527 / Sim_time = 340.05000506713986 / 0.34462960628526224x
======[Agent] Wallclock_time = 2025-06-09 16:26:48.011359 / 986.817472 / Sim_time = 340.1000050678849 / 0.34464292543956854x
======[Agent] Wallclock_time = 2025-06-09 16:26:48.117656 / 986.923769 / Sim_time = 340.15000506863 / 0.3446564680034188x
======[Agent] Wallclock_time = 2025-06-09 16:26:48.225352 / 987.031465 / Sim_time = 340.20000506937504 / 0.34466951912202304x
======[Agent] Wallclock_time = 2025-06-09 16:26:48.326043 / 987.132156 / Sim_time = 340.2500050701201 / 0.34468501336624147x
======[Agent] Wallclock_time = 2025-06-09 16:26:48.423898 / 987.230011 / Sim_time = 340.30000507086515 / 0.34470149466452x
======[Agent] Wallclock_time = 2025-06-09 16:26:48.521092 / 987.327205 / Sim_time = 340.3500050716102 / 0.3447182034788626x
======[Agent] Wallclock_time = 2025-06-09 16:26:48.617418 / 987.423531 / Sim_time = 340.40000507235527 / 0.344735212044631x
======[Agent] Wallclock_time = 2025-06-09 16:26:48.743199 / 987.549312 / Sim_time = 340.45000507310033 / 0.344741934599379x
======[Agent] Wallclock_time = 2025-06-09 16:26:48.865203 / 987.671316 / Sim_time = 340.5000050738454 / 0.3447499738099831x
======[Agent] Wallclock_time = 2025-06-09 16:26:48.990024 / 987.796137 / Sim_time = 340.55000507459044 / 0.34475702785377726x
======[Agent] Wallclock_time = 2025-06-09 16:26:49.115342 / 987.921455 / Sim_time = 340.6000050753355 / 0.344763906672549x
======[Agent] Wallclock_time = 2025-06-09 16:26:49.226923 / 988.033036 / Sim_time = 340.65000507608056 / 0.3447755772211885x
======[Agent] Wallclock_time = 2025-06-09 16:26:49.374499 / 988.180612 / Sim_time = 340.7000050768256 / 0.34477468608961087x
======[Agent] Wallclock_time = 2025-06-09 16:26:49.504990 / 988.311103 / Sim_time = 340.7500050775707 / 0.34477975534573685x
======[Agent] Wallclock_time = 2025-06-09 16:26:49.624551 / 988.430664 / Sim_time = 340.80000507831573 / 0.3447886358670069x
======[Agent] Wallclock_time = 2025-06-09 16:26:49.737465 / 988.543578 / Sim_time = 340.8500050790608 / 0.34479983266779984x
======[Agent] Wallclock_time = 2025-06-09 16:26:49.852317 / 988.65843 / Sim_time = 340.90000507980585 / 0.3448103510020694x
======[Agent] Wallclock_time = 2025-06-09 16:26:49.974014 / 988.780127 / Sim_time = 340.9500050805509 / 0.3448184798136331x
======[Agent] Wallclock_time = 2025-06-09 16:26:50.089357 / 988.89547 / Sim_time = 341.00000508129597 / 0.3448288222540586x
======[Agent] Wallclock_time = 2025-06-09 16:26:50.215714 / 989.021827 / Sim_time = 341.050005082041 / 0.3448353220689021x
======[Agent] Wallclock_time = 2025-06-09 16:26:50.343344 / 989.149457 / Sim_time = 341.1000050827861 / 0.3448413764244827x
======[Agent] Wallclock_time = 2025-06-09 16:26:50.464696 / 989.270809 / Sim_time = 341.15000508353114 / 0.34484961764793515x
======[Agent] Wallclock_time = 2025-06-09 16:26:50.597354 / 989.403467 / Sim_time = 341.2000050842762 / 0.34485391613284094x
======[Agent] Wallclock_time = 2025-06-09 16:26:50.712867 / 989.51898 / Sim_time = 341.25000508502126 / 0.34486418867966795x
======[Agent] Wallclock_time = 2025-06-09 16:26:50.836448 / 989.642561 / Sim_time = 341.3000050857663 / 0.3448716472634801x
======[Agent] Wallclock_time = 2025-06-09 16:26:50.977981 / 989.784094 / Sim_time = 341.3500050865114 / 0.34487284881915126x
======[Agent] Wallclock_time = 2025-06-09 16:26:51.092633 / 989.898746 / Sim_time = 341.40000508725643 / 0.3448834151809717x
======[Agent] Wallclock_time = 2025-06-09 16:26:51.208905 / 990.015018 / Sim_time = 341.4500050880015 / 0.34489341473261037x
======[Agent] Wallclock_time = 2025-06-09 16:26:51.331761 / 990.137874 / Sim_time = 341.50000508874655 / 0.34490111847557514x
======[Agent] Wallclock_time = 2025-06-09 16:26:51.459071 / 990.265184 / Sim_time = 341.5500050894916 / 0.344907268982833x
======[Agent] Wallclock_time = 2025-06-09 16:26:51.624514 / 990.430627 / Sim_time = 341.60000509023666 / 0.34490013826086824x
======[Agent] Wallclock_time = 2025-06-09 16:26:51.743341 / 990.549454 / Sim_time = 341.6500050909817 / 0.3449092408280111x
======[Agent] Wallclock_time = 2025-06-09 16:26:51.877064 / 990.683177 / Sim_time = 341.7000050917268 / 0.34491315499402264x
======[Agent] Wallclock_time = 2025-06-09 16:26:52.007833 / 990.813946 / Sim_time = 341.75000509247184 / 0.34491809643379345x
======[Agent] Wallclock_time = 2025-06-09 16:26:52.162210 / 990.968323 / Sim_time = 341.8000050932169 / 0.3449148194199114x
======[Agent] Wallclock_time = 2025-06-09 16:26:52.304648 / 991.110761 / Sim_time = 341.85000509396195 / 0.3449156982549034x
======[Agent] Wallclock_time = 2025-06-09 16:26:52.429828 / 991.235941 / Sim_time = 341.900005094707 / 0.34492258203148124x
======[Agent] Wallclock_time = 2025-06-09 16:26:52.539340 / 991.345453 / Sim_time = 341.95000509545207 / 0.34493491559953365x
======[Agent] Wallclock_time = 2025-06-09 16:26:52.667034 / 991.473147 / Sim_time = 342.0000050961971 / 0.34494092067959603x
======[Agent] Wallclock_time = 2025-06-09 16:26:52.825396 / 991.631509 / Sim_time = 342.0500050969422 / 0.34493625611556283x
======[Agent] Wallclock_time = 2025-06-09 16:26:52.945243 / 991.751356 / Sim_time = 342.10000509768724 / 0.3449449885629384x
======[Agent] Wallclock_time = 2025-06-09 16:26:53.087997 / 991.89411 / Sim_time = 342.1500050984323 / 0.34494575247823567x
======[Agent] Wallclock_time = 2025-06-09 16:26:53.226724 / 992.032837 / Sim_time = 342.20000509917736 / 0.3449479164279528x
======[Agent] Wallclock_time = 2025-06-09 16:26:53.344867 / 992.15098 / Sim_time = 342.2500050999224 / 0.3449572363902579x
======[Agent] Wallclock_time = 2025-06-09 16:26:53.474942 / 992.281055 / Sim_time = 342.3000051006675 / 0.3449624059770661x
======[Agent] Wallclock_time = 2025-06-09 16:26:53.590973 / 992.397086 / Sim_time = 342.35000510141253 / 0.3449724560446326x
======[Agent] Wallclock_time = 2025-06-09 16:26:53.709107 / 992.51522 / Sim_time = 342.4000051021576 / 0.3449817727937561x
======[Agent] Wallclock_time = 2025-06-09 16:26:53.825879 / 992.631992 / Sim_time = 342.45000510290265 / 0.3449915606904416x
======[Agent] Wallclock_time = 2025-06-09 16:26:53.946733 / 992.752846 / Sim_time = 342.5000051036477 / 0.34499992770982196x
======[Agent] Wallclock_time = 2025-06-09 16:26:54.055072 / 992.861185 / Sim_time = 342.55000510439277 / 0.345012641512168x
======[Agent] Wallclock_time = 2025-06-09 16:26:54.167646 / 992.973759 / Sim_time = 342.6000051051378 / 0.3450238810200591x
======[Agent] Wallclock_time = 2025-06-09 16:26:54.303540 / 993.109653 / Sim_time = 342.6500051058829 / 0.3450270159430894x
======[Agent] Wallclock_time = 2025-06-09 16:26:54.417180 / 993.223293 / Sim_time = 342.70000510662794 / 0.3450378806900849x
======[Agent] Wallclock_time = 2025-06-09 16:26:54.527499 / 993.333612 / Sim_time = 342.750005107373 / 0.34504989654722007x
======[Agent] Wallclock_time = 2025-06-09 16:26:54.637526 / 993.443639 / Sim_time = 342.80000510811806 / 0.34506201115864904x
======[Agent] Wallclock_time = 2025-06-09 16:26:54.749607 / 993.55572 / Sim_time = 342.8500051088631 / 0.3450734097081676x
======[Agent] Wallclock_time = 2025-06-09 16:26:54.871986 / 993.678099 / Sim_time = 342.9000051096082 / 0.3450812293975886x
======[Agent] Wallclock_time = 2025-06-09 16:26:54.984070 / 993.790183 / Sim_time = 342.95000511035323 / 0.34509262204870383x
======[Agent] Wallclock_time = 2025-06-09 16:26:55.108102 / 993.914215 / Sim_time = 343.0000051110983 / 0.34509986358453953x
======[Agent] Wallclock_time = 2025-06-09 16:26:55.244399 / 994.050512 / Sim_time = 343.05000511184335 / 0.34510284524555235x
======[Agent] Wallclock_time = 2025-06-09 16:26:55.361252 / 994.167365 / Sim_time = 343.1000051125884 / 0.34511257568791015x
======[Agent] Wallclock_time = 2025-06-09 16:26:55.517651 / 994.323764 / Sim_time = 343.15000511333346 / 0.3451085777376188x
======[Agent] Wallclock_time = 2025-06-09 16:26:55.630819 / 994.436932 / Sim_time = 343.2000051140785 / 0.3451195837067874x
======[Agent] Wallclock_time = 2025-06-09 16:26:55.762905 / 994.569018 / Sim_time = 343.2500051148236 / 0.34512402234391865x
======[Agent] Wallclock_time = 2025-06-09 16:26:55.877121 / 994.683234 / Sim_time = 343.30000511556864 / 0.34513466020772243x
======[Agent] Wallclock_time = 2025-06-09 16:26:56.005593 / 994.811706 / Sim_time = 343.3500051163137 / 0.3451403495808524x
======[Agent] Wallclock_time = 2025-06-09 16:26:56.143262 / 994.949375 / Sim_time = 343.40000511705875 / 0.34514284706617526x
======[Agent] Wallclock_time = 2025-06-09 16:26:56.268134 / 995.074247 / Sim_time = 343.4500051178038 / 0.34514978254484086x
======[Agent] Wallclock_time = 2025-06-09 16:26:56.411126 / 995.217239 / Sim_time = 343.50000511854887 / 0.345150431993388x
======[Agent] Wallclock_time = 2025-06-09 16:26:56.522943 / 995.329056 / Sim_time = 343.5500051192939 / 0.34516189182505097x
======[Agent] Wallclock_time = 2025-06-09 16:26:56.659369 / 995.465482 / Sim_time = 343.600005120039 / 0.34516481602646165x
======[Agent] Wallclock_time = 2025-06-09 16:26:56.805897 / 995.61201 / Sim_time = 343.65000512078404 / 0.34516423717763994x
======[Agent] Wallclock_time = 2025-06-09 16:26:56.940839 / 995.746952 / Sim_time = 343.7000051215291 / 0.345167674642156x
======[Agent] Wallclock_time = 2025-06-09 16:26:57.067489 / 995.873602 / Sim_time = 343.75000512227416 / 0.3451739851904308x
======[Agent] Wallclock_time = 2025-06-09 16:26:57.188191 / 995.994304 / Sim_time = 343.8000051230192 / 0.34518235552144655x
======[Agent] Wallclock_time = 2025-06-09 16:26:57.301211 / 996.107324 / Sim_time = 343.8500051237643 / 0.3451933859391826x
======[Agent] Wallclock_time = 2025-06-09 16:26:57.421467 / 996.22758 / Sim_time = 343.90000512450933 / 0.34520190649871674x
======[Agent] Wallclock_time = 2025-06-09 16:26:57.526608 / 996.332721 / Sim_time = 343.9500051252544 / 0.345215662057527x
======[Agent] Wallclock_time = 2025-06-09 16:26:57.641246 / 996.447359 / Sim_time = 344.00000512599945 / 0.3452261243836315x
======[Agent] Wallclock_time = 2025-06-09 16:26:57.771487 / 996.5776 / Sim_time = 344.0500051267445 / 0.3452311790828586x
======[Agent] Wallclock_time = 2025-06-09 16:26:57.879672 / 996.685785 / Sim_time = 344.10000512748957 / 0.34524387230386483x
======[Agent] Wallclock_time = 2025-06-09 16:26:57.982957 / 996.78907 / Sim_time = 344.1500051282346 / 0.34525825997467513x
======[Agent] Wallclock_time = 2025-06-09 16:26:58.140099 / 996.946212 / Sim_time = 344.2000051289797 / 0.3452539923738507x
======[Agent] Wallclock_time = 2025-06-09 16:26:58.276157 / 997.08227 / Sim_time = 344.25000512972474 / 0.3452570266570863x
======[Agent] Wallclock_time = 2025-06-09 16:26:58.381737 / 997.18785 / Sim_time = 344.3000051304698 / 0.34527061261311714x
======[Agent] Wallclock_time = 2025-06-09 16:26:58.514786 / 997.320899 / Sim_time = 344.35000513121486 / 0.3452746856120271x
======[Agent] Wallclock_time = 2025-06-09 16:26:58.624754 / 997.430867 / Sim_time = 344.4000051319599 / 0.3452867474224782x
======[Agent] Wallclock_time = 2025-06-09 16:26:58.743934 / 997.550047 / Sim_time = 344.450005132705 / 0.34529561787197943x
======[Agent] Wallclock_time = 2025-06-09 16:26:58.863187 / 997.6693 / Sim_time = 344.50000513345003 / 0.34530446093609285x
======[Agent] Wallclock_time = 2025-06-09 16:26:58.995155 / 997.801268 / Sim_time = 344.5500051341951 / 0.3453089015570318x
======[Agent] Wallclock_time = 2025-06-09 16:26:59.131071 / 997.937184 / Sim_time = 344.60000513494015 / 0.34531197488975945x
======[Agent] Wallclock_time = 2025-06-09 16:26:59.260455 / 998.066568 / Sim_time = 344.6500051356852 / 0.3453173073505633x
======[Agent] Wallclock_time = 2025-06-09 16:26:59.386322 / 998.192435 / Sim_time = 344.70000513643026 / 0.34532385512676733x
======[Agent] Wallclock_time = 2025-06-09 16:26:59.502966 / 998.309079 / Sim_time = 344.7500051371753 / 0.34533359162566896x
======[Agent] Wallclock_time = 2025-06-09 16:26:59.613180 / 998.419293 / Sim_time = 344.8000051379204 / 0.3453455499205487x
======[Agent] Wallclock_time = 2025-06-09 16:26:59.748714 / 998.554827 / Sim_time = 344.85000513866544 / 0.3453487484767994x
======[Agent] Wallclock_time = 2025-06-09 16:26:59.890186 / 998.696299 / Sim_time = 344.9000051394105 / 0.3453498927900981x
======[Agent] Wallclock_time = 2025-06-09 16:27:00.009341 / 998.815454 / Sim_time = 344.95000514015555 / 0.34535875311096503x
======[Agent] Wallclock_time = 2025-06-09 16:27:00.151064 / 998.957177 / Sim_time = 345.0000051409006 / 0.34535980893312274x
======[Agent] Wallclock_time = 2025-06-09 16:27:00.268319 / 999.074432 / Sim_time = 345.05000514164567 / 0.34536932256547137x
======[Agent] Wallclock_time = 2025-06-09 16:27:00.403075 / 999.209188 / Sim_time = 345.1000051423907 / 0.3453727847122299x
======[Agent] Wallclock_time = 2025-06-09 16:27:00.508990 / 999.315103 / Sim_time = 345.1500051431358 / 0.34538621373855294x
======[Agent] Wallclock_time = 2025-06-09 16:27:00.658529 / 999.464642 / Sim_time = 345.20000514388084 / 0.34538456414881025x
======[Agent] Wallclock_time = 2025-06-09 16:27:00.794070 / 999.600183 / Sim_time = 345.2500051446259 / 0.3453877516515763x
======[Agent] Wallclock_time = 2025-06-09 16:27:00.947266 / 999.753379 / Sim_time = 345.30000514537096 / 0.3453848389148901x
======[Agent] Wallclock_time = 2025-06-09 16:27:01.097377 / 999.90349 / Sim_time = 345.350005146116 / 0.34538299267574646x
======[Agent] Wallclock_time = 2025-06-09 16:27:01.231167 / 1000.03728 / Sim_time = 345.4000051468611 / 0.34538678374077947x
======[Agent] Wallclock_time = 2025-06-09 16:27:01.360755 / 1000.166868 / Sim_time = 345.45000514760613 / 0.3453920248791737x
======[Agent] Wallclock_time = 2025-06-09 16:27:01.486405 / 1000.292518 / Sim_time = 345.5000051483512 / 0.3453986244349043x
======[Agent] Wallclock_time = 2025-06-09 16:27:01.660905 / 1000.467018 / Sim_time = 345.55000514909625 / 0.3453883571809451x
======[Agent] Wallclock_time = 2025-06-09 16:27:01.798875 / 1000.604988 / Sim_time = 345.6000051498413 / 0.3453907025287973x
======[Agent] Wallclock_time = 2025-06-09 16:27:01.937563 / 1000.743676 / Sim_time = 345.65000515058637 / 0.3453927994222838x
======[Agent] Wallclock_time = 2025-06-09 16:27:02.062232 / 1000.868345 / Sim_time = 345.7000051513314 / 0.34539973361990767x
======[Agent] Wallclock_time = 2025-06-09 16:27:02.173789 / 1000.979902 / Sim_time = 345.7500051520765 / 0.34541119062437065x
======[Agent] Wallclock_time = 2025-06-09 16:27:02.295204 / 1001.101317 / Sim_time = 345.80000515282154 / 0.34541924364842075x
======[Agent] Wallclock_time = 2025-06-09 16:27:02.406119 / 1001.212232 / Sim_time = 345.8500051535666 / 0.3454309173108957x
======[Agent] Wallclock_time = 2025-06-09 16:27:02.524779 / 1001.330892 / Sim_time = 345.90000515431166 / 0.3454399164930539x
======[Agent] Wallclock_time = 2025-06-09 16:27:02.640500 / 1001.446613 / Sim_time = 345.9500051550567 / 0.34544992734937674x
======[Agent] Wallclock_time = 2025-06-09 16:27:02.758428 / 1001.564541 / Sim_time = 346.0000051558018 / 0.34545917465405473x
======[Agent] Wallclock_time = 2025-06-09 16:27:02.874353 / 1001.680466 / Sim_time = 346.05000515654683 / 0.3454691105930344x
======[Agent] Wallclock_time = 2025-06-09 16:27:02.989434 / 1001.795547 / Sim_time = 346.1000051572919 / 0.3454793352939076x
======[Agent] Wallclock_time = 2025-06-09 16:27:03.101481 / 1001.907594 / Sim_time = 346.15000515803695 / 0.3454906038644449x
======[Agent] Wallclock_time = 2025-06-09 16:27:03.254121 / 1002.060234 / Sim_time = 346.200005158782 / 0.3454878738067039x
======[Agent] Wallclock_time = 2025-06-09 16:27:03.392990 / 1002.199103 / Sim_time = 346.25000515952706 / 0.3454898918120816x
======[Agent] Wallclock_time = 2025-06-09 16:27:03.514518 / 1002.320631 / Sim_time = 346.3000051602721 / 0.3454978865564083x
======[Agent] Wallclock_time = 2025-06-09 16:27:03.639553 / 1002.445666 / Sim_time = 346.3500051610172 / 0.34550467063054424x
======[Agent] Wallclock_time = 2025-06-09 16:27:03.789473 / 1002.595586 / Sim_time = 346.40000516176224 / 0.3455028772277928x
======[Agent] Wallclock_time = 2025-06-09 16:27:03.926119 / 1002.732232 / Sim_time = 346.4500051625073 / 0.34550565804176653x
======[Agent] Wallclock_time = 2025-06-09 16:27:04.054730 / 1002.860843 / Sim_time = 346.50000516325235 / 0.34551120633597815x
======[Agent] Wallclock_time = 2025-06-09 16:27:04.184055 / 1002.990168 / Sim_time = 346.5500051639974 / 0.3455165072440572x
======[Agent] Wallclock_time = 2025-06-09 16:27:04.299956 / 1003.106069 / Sim_time = 346.60000516474247 / 0.3455264307032238x
======[Agent] Wallclock_time = 2025-06-09 16:27:04.455047 / 1003.26116 / Sim_time = 346.6500051654875 / 0.3455228543310031x
======[Agent] Wallclock_time = 2025-06-09 16:27:04.585189 / 1003.391302 / Sim_time = 346.7000051662326 / 0.3455278702808232x
======[Agent] Wallclock_time = 2025-06-09 16:27:04.706065 / 1003.512178 / Sim_time = 346.75000516697764 / 0.3455360754285757x
======[Agent] Wallclock_time = 2025-06-09 16:27:04.839555 / 1003.645668 / Sim_time = 346.8000051677227 / 0.34553993574133274x
======[Agent] Wallclock_time = 2025-06-09 16:27:04.996516 / 1003.802629 / Sim_time = 346.85000516846776 / 0.3455357155004545x
======[Agent] Wallclock_time = 2025-06-09 16:27:05.137348 / 1003.943461 / Sim_time = 346.9000051692128 / 0.34553704776026734x
======[Agent] Wallclock_time = 2025-06-09 16:27:05.256408 / 1004.062521 / Sim_time = 346.9500051699579 / 0.34554587226155975x
======[Agent] Wallclock_time = 2025-06-09 16:27:05.397283 / 1004.203396 / Sim_time = 347.00000517070293 / 0.3455471879558501x
======[Agent] Wallclock_time = 2025-06-09 16:27:05.532629 / 1004.338742 / Sim_time = 347.050005171448 / 0.34555040556330785x
======[Agent] Wallclock_time = 2025-06-09 16:27:05.664805 / 1004.470918 / Sim_time = 347.10000517219305 / 0.34555471283189526x
======[Agent] Wallclock_time = 2025-06-09 16:27:05.791357 / 1004.59747 / Sim_time = 347.1500051729381 / 0.3455609534951194x
======[Agent] Wallclock_time = 2025-06-09 16:27:05.915043 / 1004.721156 / Sim_time = 347.20000517368317 / 0.34556817832698733x
======[Agent] Wallclock_time = 2025-06-09 16:27:06.058204 / 1004.864317 / Sim_time = 347.2500051744282 / 0.3455687038847498x
======[Agent] Wallclock_time = 2025-06-09 16:27:06.188798 / 1004.994911 / Sim_time = 347.3000051751733 / 0.3455735504730559x
======[Agent] Wallclock_time = 2025-06-09 16:27:06.324032 / 1005.130145 / Sim_time = 347.35000517591834 / 0.3455768005038968x
======[Agent] Wallclock_time = 2025-06-09 16:27:06.459970 / 1005.266083 / Sim_time = 347.4000051766634 / 0.3455798076466644x
======[Agent] Wallclock_time = 2025-06-09 16:27:06.600285 / 1005.406398 / Sim_time = 347.45000517740846 / 0.34558130949560456x
======[Agent] Wallclock_time = 2025-06-09 16:27:06.741825 / 1005.547938 / Sim_time = 347.5000051781535 / 0.3455823899225813x
======[Agent] Wallclock_time = 2025-06-09 16:27:06.867224 / 1005.673337 / Sim_time = 347.5500051788986 / 0.34558901663501296x
======[Agent] Wallclock_time = 2025-06-09 16:27:07.000241 / 1005.806354 / Sim_time = 347.60000517964363 / 0.3455930241484828x
======[Agent] Wallclock_time = 2025-06-09 16:27:07.114139 / 1005.920252 / Sim_time = 347.6500051803887 / 0.3456035991775514x
======[Agent] Wallclock_time = 2025-06-09 16:27:07.248193 / 1006.054306 / Sim_time = 347.70000518113375 / 0.3456072475414525x
======[Agent] Wallclock_time = 2025-06-09 16:27:07.386180 / 1006.192293 / Sim_time = 347.7500051818788 / 0.3456095440122148x
======[Agent] Wallclock_time = 2025-06-09 16:27:07.503057 / 1006.30917 / Sim_time = 347.80000518262386 / 0.34561908996966995x
======[Agent] Wallclock_time = 2025-06-09 16:27:07.627994 / 1006.434107 / Sim_time = 347.8500051833689 / 0.34562586575526616x
======[Agent] Wallclock_time = 2025-06-09 16:27:07.747084 / 1006.553197 / Sim_time = 347.900005184114 / 0.3456346476136287x
======[Agent] Wallclock_time = 2025-06-09 16:27:07.873796 / 1006.679909 / Sim_time = 347.95000518485904 / 0.3456408103839973x
======[Agent] Wallclock_time = 2025-06-09 16:27:07.993603 / 1006.799716 / Sim_time = 348.0000051856041 / 0.34564934217389265x
======[Agent] Wallclock_time = 2025-06-09 16:27:08.116681 / 1006.922794 / Sim_time = 348.05000518634915 / 0.34565674906114013x
======[Agent] Wallclock_time = 2025-06-09 16:27:08.234997 / 1007.04111 / Sim_time = 348.1000051870942 / 0.3456657886799731x
======[Agent] Wallclock_time = 2025-06-09 16:27:08.379062 / 1007.185175 / Sim_time = 348.15000518783927 / 0.34566598890005545x
======[Agent] Wallclock_time = 2025-06-09 16:27:08.503360 / 1007.309473 / Sim_time = 348.2000051885843 / 0.34567297225806204x
======[Agent] Wallclock_time = 2025-06-09 16:27:08.632736 / 1007.438849 / Sim_time = 348.2500051893294 / 0.3456782114932297x
======[Agent] Wallclock_time = 2025-06-09 16:27:08.759352 / 1007.565465 / Sim_time = 348.30000519007444 / 0.34568439630439113x
======[Agent] Wallclock_time = 2025-06-09 16:27:08.865644 / 1007.671757 / Sim_time = 348.3500051908195 / 0.3456975518797513x
======[Agent] Wallclock_time = 2025-06-09 16:27:08.994471 / 1007.800584 / Sim_time = 348.40000519156456 / 0.34570297439775066x
======[Agent] Wallclock_time = 2025-06-09 16:27:09.117796 / 1007.923909 / Sim_time = 348.4500051923096 / 0.34571028266185017x
======[Agent] Wallclock_time = 2025-06-09 16:27:09.261120 / 1008.067233 / Sim_time = 348.5000051930547 / 0.34571073046903034x
======[Agent] Wallclock_time = 2025-06-09 16:27:09.386749 / 1008.192862 / Sim_time = 348.55000519379973 / 0.34571724579077007x
======[Agent] Wallclock_time = 2025-06-09 16:27:09.533631 / 1008.339744 / Sim_time = 348.6000051945448 / 0.34571647260000515x
======[Agent] Wallclock_time = 2025-06-09 16:27:09.698427 / 1008.50454 / Sim_time = 348.65000519528985 / 0.3457095587152549x
======[Agent] Wallclock_time = 2025-06-09 16:27:09.822480 / 1008.628593 / Sim_time = 348.7000051960349 / 0.34571661154506195x
======[Agent] Wallclock_time = 2025-06-09 16:27:09.949326 / 1008.755439 / Sim_time = 348.75000519677997 / 0.34572270541589073x
======[Agent] Wallclock_time = 2025-06-09 16:27:10.082481 / 1008.888594 / Sim_time = 348.800005197525 / 0.3457266357705391x
======[Agent] Wallclock_time = 2025-06-09 16:27:10.217409 / 1009.023522 / Sim_time = 348.8500051982701 / 0.34572995758994063x
======[Agent] Wallclock_time = 2025-06-09 16:27:10.348935 / 1009.155048 / Sim_time = 348.90000519901514 / 0.34573444403418485x
======[Agent] Wallclock_time = 2025-06-09 16:27:10.462124 / 1009.268237 / Sim_time = 348.9500051997602 / 0.3457452108983286x
======[Agent] Wallclock_time = 2025-06-09 16:27:10.578997 / 1009.38511 / Sim_time = 349.00000520050526 / 0.3457547134272585x
======[Agent] Wallclock_time = 2025-06-09 16:27:10.710707 / 1009.51682 / Sim_time = 349.0500052012503 / 0.34575913201933406x
======[Agent] Wallclock_time = 2025-06-09 16:27:10.846886 / 1009.652999 / Sim_time = 349.1000052019954 / 0.34576201901617526x
======[Agent] Wallclock_time = 2025-06-09 16:27:10.977803 / 1009.783916 / Sim_time = 349.15000520274043 / 0.3457667070189633x
======[Agent] Wallclock_time = 2025-06-09 16:27:11.111227 / 1009.91734 / Sim_time = 349.2000052034855 / 0.345770535470705x
======[Agent] Wallclock_time = 2025-06-09 16:27:11.244576 / 1010.050689 / Sim_time = 349.25000520423055 / 0.34577438858599896x
======[Agent] Wallclock_time = 2025-06-09 16:27:11.369499 / 1010.175612 / Sim_time = 349.3000052049756 / 0.3457811248603483x
======[Agent] Wallclock_time = 2025-06-09 16:27:11.513890 / 1010.320003 / Sim_time = 349.35000520572066 / 0.34578119643992067x
======[Agent] Wallclock_time = 2025-06-09 16:27:11.656363 / 1010.462476 / Sim_time = 349.4000052064657 / 0.34578192433990135x
======[Agent] Wallclock_time = 2025-06-09 16:27:11.770574 / 1010.576687 / Sim_time = 349.4500052072108 / 0.34579232225539014x
======[Agent] Wallclock_time = 2025-06-09 16:27:11.891758 / 1010.697871 / Sim_time = 349.50000520795584 / 0.34580033206345184x
======[Agent] Wallclock_time = 2025-06-09 16:27:12.033757 / 1010.83987 / Sim_time = 349.5500052087009 / 0.3458012191460966x
======[Agent] Wallclock_time = 2025-06-09 16:27:12.170483 / 1010.976596 / Sim_time = 349.60000520944595 / 0.34580390959469487x
======[Agent] Wallclock_time = 2025-06-09 16:27:12.279016 / 1011.085129 / Sim_time = 349.650005210191 / 0.34581624174392267x
======[Agent] Wallclock_time = 2025-06-09 16:27:12.411832 / 1011.217945 / Sim_time = 349.70000521093607 / 0.34582026665939897x
======[Agent] Wallclock_time = 2025-06-09 16:27:12.537618 / 1011.343731 / Sim_time = 349.7500052116811 / 0.3458266943911938x
======[Agent] Wallclock_time = 2025-06-09 16:27:12.661267 / 1011.46738 / Sim_time = 349.8000052124262 / 0.3458338511901145x
======[Agent] Wallclock_time = 2025-06-09 16:27:12.784164 / 1011.590277 / Sim_time = 349.85000521317124 / 0.3458412633318617x
======[Agent] Wallclock_time = 2025-06-09 16:27:12.912055 / 1011.718168 / Sim_time = 349.9000052139163 / 0.34584696651108254x
======[Agent] Wallclock_time = 2025-06-09 16:27:13.022349 / 1011.828462 / Sim_time = 349.95000521466136 / 0.3458586830659625x
======[Agent] Wallclock_time = 2025-06-09 16:27:13.157973 / 1011.964086 / Sim_time = 350.0000052154064 / 0.34586173975512674x
======[Agent] Wallclock_time = 2025-06-09 16:27:13.289574 / 1012.095687 / Sim_time = 350.0500052161515 / 0.3458661704088272x
======[Agent] Wallclock_time = 2025-06-09 16:27:13.408426 / 1012.214539 / Sim_time = 350.10000521689653 / 0.3458749562003084x
======[Agent] Wallclock_time = 2025-06-09 16:27:13.523511 / 1012.329624 / Sim_time = 350.1500052176416 / 0.3458850270024446x
======[Agent] Wallclock_time = 2025-06-09 16:27:13.641985 / 1012.448098 / Sim_time = 350.20000521838665 / 0.3458939376904721x
======[Agent] Wallclock_time = 2025-06-09 16:27:13.766811 / 1012.572924 / Sim_time = 350.2500052191317 / 0.3459006764024981x
======[Agent] Wallclock_time = 2025-06-09 16:27:13.889338 / 1012.695451 / Sim_time = 350.30000521987677 / 0.34590819872427575x
======[Agent] Wallclock_time = 2025-06-09 16:27:14.006040 / 1012.812153 / Sim_time = 350.3500052206218 / 0.3459177086937198x
======[Agent] Wallclock_time = 2025-06-09 16:27:14.130569 / 1012.936682 / Sim_time = 350.4000052213669 / 0.3459245434818041x
======[Agent] Wallclock_time = 2025-06-09 16:27:14.264145 / 1013.070258 / Sim_time = 350.45000522211194 / 0.34592828732893727x
======[Agent] Wallclock_time = 2025-06-09 16:27:14.398968 / 1013.205081 / Sim_time = 350.500005222857 / 0.34593160443423854x
======[Agent] Wallclock_time = 2025-06-09 16:27:14.535051 / 1013.341164 / Sim_time = 350.55000522360206 / 0.34593449051785635x
======[Agent] Wallclock_time = 2025-06-09 16:27:14.656907 / 1013.46302 / Sim_time = 350.6000052243471 / 0.3459422320926076x
======[Agent] Wallclock_time = 2025-06-09 16:27:14.789918 / 1013.596031 / Sim_time = 350.6500052250922 / 0.34594616450202703x
======[Agent] Wallclock_time = 2025-06-09 16:27:14.907099 / 1013.713212 / Sim_time = 350.70000522583723 / 0.34595549818121446x
======[Agent] Wallclock_time = 2025-06-09 16:27:15.016957 / 1013.82307 / Sim_time = 350.7500052265823 / 0.3459673286575079x
======[Agent] Wallclock_time = 2025-06-09 16:27:15.142058 / 1013.948171 / Sim_time = 350.80000522732735 / 0.3459739553624304x
======[Agent] Wallclock_time = 2025-06-09 16:27:15.255187 / 1014.0613 / Sim_time = 350.8500052280724 / 0.3459846650724245x
======[Agent] Wallclock_time = 2025-06-09 16:27:15.390058 / 1014.196171 / Sim_time = 350.90000522881746 / 0.34598795506679386x
======[Agent] Wallclock_time = 2025-06-09 16:27:15.516961 / 1014.323074 / Sim_time = 350.9500052295625 / 0.3459939621127069x
======[Agent] Wallclock_time = 2025-06-09 16:27:15.650345 / 1014.456458 / Sim_time = 351.0000052303076 / 0.3459977571876726x
======[Agent] Wallclock_time = 2025-06-09 16:27:15.771466 / 1014.577579 / Sim_time = 351.05000523105264 / 0.346005733313489x
======[Agent] Wallclock_time = 2025-06-09 16:27:15.895266 / 1014.701379 / Sim_time = 351.1000052317977 / 0.3460127939956251x
======[Agent] Wallclock_time = 2025-06-09 16:27:16.013537 / 1014.81965 / Sim_time = 351.15000523254275 / 0.3460217381588981x
======[Agent] Wallclock_time = 2025-06-09 16:27:16.158222 / 1014.964335 / Sim_time = 351.2000052332878 / 0.34602167495039404x
======[Agent] Wallclock_time = 2025-06-09 16:27:16.285119 / 1015.091232 / Sim_time = 351.25000523403287 / 0.3460276752802822x
======[Agent] Wallclock_time = 2025-06-09 16:27:16.392404 / 1015.198517 / Sim_time = 351.3000052347779 / 0.3460403589167369x
======[Agent] Wallclock_time = 2025-06-09 16:27:16.524147 / 1015.33026 / Sim_time = 351.350005235523 / 0.3460447039082821x
======[Agent] Wallclock_time = 2025-06-09 16:27:16.645964 / 1015.452077 / Sim_time = 351.40000523626804 / 0.34605243038351446x
======[Agent] Wallclock_time = 2025-06-09 16:27:16.766005 / 1015.572118 / Sim_time = 351.4500052370131 / 0.3460607601835057x
======[Agent] Wallclock_time = 2025-06-09 16:27:16.888114 / 1015.694227 / Sim_time = 351.50000523775816 / 0.34606838340272933x
======[Agent] Wallclock_time = 2025-06-09 16:27:17.013766 / 1015.819879 / Sim_time = 351.5500052385032 / 0.34607479773853245x
======[Agent] Wallclock_time = 2025-06-09 16:27:17.127210 / 1015.933323 / Sim_time = 351.6000052392483 / 0.34608536918114174x
======[Agent] Wallclock_time = 2025-06-09 16:27:17.241196 / 1016.047309 / Sim_time = 351.65000523999333 / 0.34609575364195927x
======[Agent] Wallclock_time = 2025-06-09 16:27:17.377838 / 1016.183951 / Sim_time = 351.7000052407384 / 0.3460984192834582x
======[Agent] Wallclock_time = 2025-06-09 16:27:17.497157 / 1016.30327 / Sim_time = 351.75000524148345 / 0.3461069835330747x
======[Agent] Wallclock_time = 2025-06-09 16:27:17.628703 / 1016.434816 / Sim_time = 351.8000052422285 / 0.3461113822480932x
======[Agent] Wallclock_time = 2025-06-09 16:27:17.754746 / 1016.560859 / Sim_time = 351.85000524297357 / 0.34611765346881224x
======[Agent] Wallclock_time = 2025-06-09 16:27:17.889485 / 1016.695598 / Sim_time = 351.9000052437186 / 0.346120962670634x
======[Agent] Wallclock_time = 2025-06-09 16:27:18.019947 / 1016.82606 / Sim_time = 351.9500052444637 / 0.34612572687086407x
======[Agent] Wallclock_time = 2025-06-09 16:27:18.163434 / 1016.969547 / Sim_time = 352.00000524520874 / 0.3461260567315218x
======[Agent] Wallclock_time = 2025-06-09 16:27:18.313940 / 1017.120053 / Sim_time = 352.0500052459538 / 0.3461239979327749x
======[Agent] Wallclock_time = 2025-06-09 16:27:18.453903 / 1017.260016 / Sim_time = 352.10000524669886 / 0.3461255269873616x
======[Agent] Wallclock_time = 2025-06-09 16:27:18.577629 / 1017.383742 / Sim_time = 352.1500052474439 / 0.34613257965239264x
======[Agent] Wallclock_time = 2025-06-09 16:27:18.694610 / 1017.500723 / Sim_time = 352.200005248189 / 0.3461419251554319x
======[Agent] Wallclock_time = 2025-06-09 16:27:18.857579 / 1017.663692 / Sim_time = 352.25000524893403 / 0.34613562602497566x
======[Agent] Wallclock_time = 2025-06-09 16:27:18.992527 / 1017.79864 / Sim_time = 352.3000052496791 / 0.346138858183993x
======[Agent] Wallclock_time = 2025-06-09 16:27:19.129579 / 1017.935692 / Sim_time = 352.35000525042415 / 0.3461413740358857x
======[Agent] Wallclock_time = 2025-06-09 16:27:19.271217 / 1018.07733 / Sim_time = 352.4000052511692 / 0.3461423299827718x
======[Agent] Wallclock_time = 2025-06-09 16:27:19.382996 / 1018.189109 / Sim_time = 352.45000525191426 / 0.3461534365110536x
======[Agent] Wallclock_time = 2025-06-09 16:27:19.526211 / 1018.332324 / Sim_time = 352.5000052526593 / 0.34615385448454533x
======[Agent] Wallclock_time = 2025-06-09 16:27:19.651998 / 1018.458111 / Sim_time = 352.5500052534044 / 0.3461601957757972x
======[Agent] Wallclock_time = 2025-06-09 16:27:19.776325 / 1018.582438 / Sim_time = 352.60000525414944 / 0.34616703168322027x
======[Agent] Wallclock_time = 2025-06-09 16:27:19.908709 / 1018.714822 / Sim_time = 352.6500052548945 / 0.346171128040941x
======[Agent] Wallclock_time = 2025-06-09 16:27:20.045004 / 1018.851117 / Sim_time = 352.70000525563955 / 0.3461738944942876x
======[Agent] Wallclock_time = 2025-06-09 16:27:20.168095 / 1018.974208 / Sim_time = 352.7500052563846 / 0.3461811460052565x
======[Agent] Wallclock_time = 2025-06-09 16:27:20.285573 / 1019.091686 / Sim_time = 352.80000525712967 / 0.3461903025149664x
======[Agent] Wallclock_time = 2025-06-09 16:27:20.424104 / 1019.230217 / Sim_time = 352.8500052578747 / 0.3461923058993931x
======[Agent] Wallclock_time = 2025-06-09 16:27:20.544159 / 1019.350272 / Sim_time = 352.9000052586198 / 0.3462005835988399x
======[Agent] Wallclock_time = 2025-06-09 16:27:20.668177 / 1019.47429 / Sim_time = 352.95000525936484 / 0.34620751353312823x
======[Agent] Wallclock_time = 2025-06-09 16:27:20.787640 / 1019.593753 / Sim_time = 353.0000052601099 / 0.3462159884811705x
======[Agent] Wallclock_time = 2025-06-09 16:27:20.938114 / 1019.744227 / Sim_time = 353.05000526085496 / 0.3462139325716648x
======[Agent] Wallclock_time = 2025-06-09 16:27:21.053186 / 1019.859299 / Sim_time = 353.1000052616 / 0.3462238951823342x
======[Agent] Wallclock_time = 2025-06-09 16:27:21.169594 / 1019.975707 / Sim_time = 353.1500052623451 / 0.34623340203625363x
======[Agent] Wallclock_time = 2025-06-09 16:27:21.318271 / 1020.124384 / Sim_time = 353.20000526309013 / 0.34623195423111847x
======[Agent] Wallclock_time = 2025-06-09 16:27:21.468176 / 1020.274289 / Sim_time = 353.2500052638352 / 0.34623009012603384x
======[Agent] Wallclock_time = 2025-06-09 16:27:21.599986 / 1020.406099 / Sim_time = 353.30000526458025 / 0.34623436627480797x
======[Agent] Wallclock_time = 2025-06-09 16:27:21.735559 / 1020.541672 / Sim_time = 353.3500052653253 / 0.3462373646491926x
======[Agent] Wallclock_time = 2025-06-09 16:27:21.854689 / 1020.660802 / Sim_time = 353.40000526607037 / 0.3462459402062255x
======[Agent] Wallclock_time = 2025-06-09 16:27:21.976244 / 1020.782357 / Sim_time = 353.4500052668154 / 0.3462536911902409x
======[Agent] Wallclock_time = 2025-06-09 16:27:22.106824 / 1020.912937 / Sim_time = 353.5000052675605 / 0.34625837933639697x
======[Agent] Wallclock_time = 2025-06-09 16:27:22.239682 / 1021.045795 / Sim_time = 353.55000526830554 / 0.34626229375540574x
======[Agent] Wallclock_time = 2025-06-09 16:27:22.363991 / 1021.170104 / Sim_time = 353.6000052690506 / 0.34626910601364863x
======[Agent] Wallclock_time = 2025-06-09 16:27:22.480775 / 1021.286888 / Sim_time = 353.65000526979566 / 0.346278468025654x
======[Agent] Wallclock_time = 2025-06-09 16:27:22.597019 / 1021.403132 / Sim_time = 353.7000052705407 / 0.3462880109736434x
======[Agent] Wallclock_time = 2025-06-09 16:27:22.729268 / 1021.535381 / Sim_time = 353.7500052712858 / 0.3462921261061634x
======[Agent] Wallclock_time = 2025-06-09 16:27:22.835329 / 1021.641442 / Sim_time = 353.80000527203083 / 0.34630511686595616x
======[Agent] Wallclock_time = 2025-06-09 16:27:22.973751 / 1021.779864 / Sim_time = 353.8500052727759 / 0.34630713662765944x
======[Agent] Wallclock_time = 2025-06-09 16:27:23.097065 / 1021.903178 / Sim_time = 353.90000527352095 / 0.34631427573390444x
======[Agent] Wallclock_time = 2025-06-09 16:27:23.219173 / 1022.025286 / Sim_time = 353.950005274266 / 0.34632182177970516x
======[Agent] Wallclock_time = 2025-06-09 16:27:23.359420 / 1022.165533 / Sim_time = 354.00000527501106 / 0.34632322018608985x
======[Agent] Wallclock_time = 2025-06-09 16:27:23.505316 / 1022.311429 / Sim_time = 354.0500052757561 / 0.34632270452006425x
======[Agent] Wallclock_time = 2025-06-09 16:27:23.645762 / 1022.451875 / Sim_time = 354.1000052765012 / 0.34632403500894965x
======[Agent] Wallclock_time = 2025-06-09 16:27:23.769856 / 1022.575969 / Sim_time = 354.15000527724624 / 0.34633090321169385x
======[Agent] Wallclock_time = 2025-06-09 16:27:23.912178 / 1022.718291 / Sim_time = 354.2000052779913 / 0.34633159694451415x
======[Agent] Wallclock_time = 2025-06-09 16:27:24.054510 / 1022.860623 / Sim_time = 354.25000527873635 / 0.3463322870983657x
======[Agent] Wallclock_time = 2025-06-09 16:27:24.176150 / 1022.982263 / Sim_time = 354.3000052794814 / 0.34633998237709335x
======[Agent] Wallclock_time = 2025-06-09 16:27:24.315357 / 1023.12147 / Sim_time = 354.35000528022647 / 0.34634172904073396x
======[Agent] Wallclock_time = 2025-06-09 16:27:24.440846 / 1023.246959 / Sim_time = 354.4000052809715 / 0.34634811842412044x
======[Agent] Wallclock_time = 2025-06-09 16:27:24.564011 / 1023.370124 / Sim_time = 354.4500052817166 / 0.3463552927859596x
======[Agent] Wallclock_time = 2025-06-09 16:27:24.689510 / 1023.495623 / Sim_time = 354.50000528246164 / 0.3463616755699463x
======[Agent] Wallclock_time = 2025-06-09 16:27:24.817446 / 1023.623559 / Sim_time = 354.5500052832067 / 0.34636723217111354x
======[Agent] Wallclock_time = 2025-06-09 16:27:24.948863 / 1023.754976 / Sim_time = 354.60000528395176 / 0.3463716096383029x
======[Agent] Wallclock_time = 2025-06-09 16:27:25.070067 / 1023.87618 / Sim_time = 354.6500052846968 / 0.34637944102308915x
======[Agent] Wallclock_time = 2025-06-09 16:27:25.189379 / 1023.995492 / Sim_time = 354.7000052854419 / 0.34638791056077356x
======[Agent] Wallclock_time = 2025-06-09 16:27:25.317532 / 1024.123645 / Sim_time = 354.75000528618693 / 0.3463933877757497x
======[Agent] Wallclock_time = 2025-06-09 16:27:25.460474 / 1024.266587 / Sim_time = 354.800005286932 / 0.34639386210210316x
======[Agent] Wallclock_time = 2025-06-09 16:27:25.604631 / 1024.410744 / Sim_time = 354.85000528767705 / 0.34639392545628317x
======[Agent] Wallclock_time = 2025-06-09 16:27:25.729824 / 1024.535937 / Sim_time = 354.9000052884221 / 0.34640040048494813x
======[Agent] Wallclock_time = 2025-06-09 16:27:25.884309 / 1024.690422 / Sim_time = 354.95000528916717 / 0.3463969714866679x
======[Agent] Wallclock_time = 2025-06-09 16:27:26.020430 / 1024.826543 / Sim_time = 355.0000052899122 / 0.34639975058702366x
======[Agent] Wallclock_time = 2025-06-09 16:27:26.144978 / 1024.951091 / Sim_time = 355.0500052906573 / 0.3464064402700529x
======[Agent] Wallclock_time = 2025-06-09 16:27:26.277799 / 1025.083912 / Sim_time = 355.10000529140234 / 0.3464103325826752x
======[Agent] Wallclock_time = 2025-06-09 16:27:26.412623 / 1025.218736 / Sim_time = 355.1500052921474 / 0.3464135470877703x
======[Agent] Wallclock_time = 2025-06-09 16:27:26.537900 / 1025.344013 / Sim_time = 355.20000529289246 / 0.34641998623822484x
======[Agent] Wallclock_time = 2025-06-09 16:27:26.654639 / 1025.460752 / Sim_time = 355.2500052936375 / 0.34642930816364326x
======[Agent] Wallclock_time = 2025-06-09 16:27:26.789571 / 1025.595684 / Sim_time = 355.3000052943826 / 0.3464324825121827x
======[Agent] Wallclock_time = 2025-06-09 16:27:26.908603 / 1025.714716 / Sim_time = 355.35000529512763 / 0.3464410262532505x
======[Agent] Wallclock_time = 2025-06-09 16:27:27.036449 / 1025.842562 / Sim_time = 355.4000052958727 / 0.3464465913330679x
======[Agent] Wallclock_time = 2025-06-09 16:27:27.159507 / 1025.96562 / Sim_time = 355.45000529661775 / 0.3464537718552849x
======[Agent] Wallclock_time = 2025-06-09 16:27:27.282931 / 1026.089044 / Sim_time = 355.5000052973628 / 0.34646082707470727x
======[Agent] Wallclock_time = 2025-06-09 16:27:27.404449 / 1026.210562 / Sim_time = 355.55000529810786 / 0.3464685240976732x
======[Agent] Wallclock_time = 2025-06-09 16:27:27.501966 / 1026.308079 / Sim_time = 355.6000052988529 / 0.3464843219016802x
======[Agent] Wallclock_time = 2025-06-09 16:27:27.640043 / 1026.446156 / Sim_time = 355.650005299598 / 0.34648642477177655x
======[Agent] Wallclock_time = 2025-06-09 16:27:27.780195 / 1026.586308 / Sim_time = 355.70000530034304 / 0.34648782673274886x
======[Agent] Wallclock_time = 2025-06-09 16:27:27.902200 / 1026.708313 / Sim_time = 355.7500053010881 / 0.34649535247868946x
======[Agent] Wallclock_time = 2025-06-09 16:27:28.033412 / 1026.839525 / Sim_time = 355.80000530183315 / 0.3464997695740856x
======[Agent] Wallclock_time = 2025-06-09 16:27:28.155361 / 1026.961474 / Sim_time = 355.8500053025782 / 0.34650731094053416x
======[Agent] Wallclock_time = 2025-06-09 16:27:28.269962 / 1027.076075 / Sim_time = 355.90000530332327 / 0.34651732958144676x
======[Agent] Wallclock_time = 2025-06-09 16:27:28.379949 / 1027.186062 / Sim_time = 355.9500053040683 / 0.3465289025457647x
======[Agent] Wallclock_time = 2025-06-09 16:27:28.512910 / 1027.319023 / Sim_time = 356.0000053048134 / 0.3465327233331004x
======[Agent] Wallclock_time = 2025-06-09 16:27:28.613047 / 1027.41916 / Sim_time = 356.05000530555844 / 0.3465476142745325x
======[Agent] Wallclock_time = 2025-06-09 16:27:28.748155 / 1027.554268 / Sim_time = 356.1000053063035 / 0.34655070768057555x
======[Agent] Wallclock_time = 2025-06-09 16:27:28.884206 / 1027.690319 / Sim_time = 356.15000530704856 / 0.346553482278708x
======[Agent] Wallclock_time = 2025-06-09 16:27:29.015853 / 1027.821966 / Sim_time = 356.2000053077936 / 0.3465577410612108x
======[Agent] Wallclock_time = 2025-06-09 16:27:29.140076 / 1027.946189 / Sim_time = 356.2500053085387 / 0.34656450167941333x
======[Agent] Wallclock_time = 2025-06-09 16:27:29.270144 / 1028.076257 / Sim_time = 356.30000530928373 / 0.3465692902778451x
======[Agent] Wallclock_time = 2025-06-09 16:27:29.383815 / 1028.189928 / Sim_time = 356.3500053100288 / 0.346579604629646x
======[Agent] Wallclock_time = 2025-06-09 16:27:29.508482 / 1028.314595 / Sim_time = 356.40000531077385 / 0.34658621054052363x
======[Agent] Wallclock_time = 2025-06-09 16:27:29.624317 / 1028.43043 / Sim_time = 356.4500053115189 / 0.34659579133196944x
======[Agent] Wallclock_time = 2025-06-09 16:27:29.743981 / 1028.550094 / Sim_time = 356.50000531226397 / 0.34660407965329915x
======[Agent] Wallclock_time = 2025-06-09 16:27:29.879124 / 1028.685237 / Sim_time = 356.550005313009 / 0.34660715044932505x
======[Agent] Wallclock_time = 2025-06-09 16:27:30.011575 / 1028.817688 / Sim_time = 356.6000053137541 / 0.3466111273765607x
======[Agent] Wallclock_time = 2025-06-09 16:27:30.138488 / 1028.944601 / Sim_time = 356.65000531449914 / 0.34661696883477827x
======[Agent] Wallclock_time = 2025-06-09 16:27:30.274617 / 1029.08073 / Sim_time = 356.7000053152442 / 0.3466197046518786x
======[Agent] Wallclock_time = 2025-06-09 16:27:30.411938 / 1029.218051 / Sim_time = 356.75000531598926 / 0.3466220383011442x
======[Agent] Wallclock_time = 2025-06-09 16:27:30.523339 / 1029.329452 / Sim_time = 356.8000053167343 / 0.34663309982082835x
======[Agent] Wallclock_time = 2025-06-09 16:27:30.638168 / 1029.444281 / Sim_time = 356.8500053174794 / 0.346643004639194x
======[Agent] Wallclock_time = 2025-06-09 16:27:30.783760 / 1029.589873 / Sim_time = 356.90000531822443 / 0.34664254965498753x
======[Agent] Wallclock_time = 2025-06-09 16:27:30.925877 / 1029.73199 / Sim_time = 356.9500053189695 / 0.34664326459907774x
======[Agent] Wallclock_time = 2025-06-09 16:27:31.073020 / 1029.879133 / Sim_time = 357.00000531971455 / 0.34664228766098026x
======[Agent] Wallclock_time = 2025-06-09 16:27:31.245850 / 1030.051963 / Sim_time = 357.0500053204596 / 0.34663266661605596x
======[Agent] Wallclock_time = 2025-06-09 16:27:31.380643 / 1030.186756 / Sim_time = 357.10000532120466 / 0.3466358469525478x
======[Agent] Wallclock_time = 2025-06-09 16:27:31.505042 / 1030.311155 / Sim_time = 357.1500053219497 / 0.3466425234223794x
======[Agent] Wallclock_time = 2025-06-09 16:27:31.630586 / 1030.436699 / Sim_time = 357.2000053226948 / 0.34664881309112x
======[Agent] Wallclock_time = 2025-06-09 16:27:31.747801 / 1030.553914 / Sim_time = 357.25000532343984 / 0.3466579029125272x
======[Agent] Wallclock_time = 2025-06-09 16:27:31.873350 / 1030.679463 / Sim_time = 357.3000053241849 / 0.3466641875447919x
======[Agent] Wallclock_time = 2025-06-09 16:27:32.005678 / 1030.811791 / Sim_time = 357.35000532492995 / 0.3466681908149992x
======[Agent] Wallclock_time = 2025-06-09 16:27:32.135508 / 1030.941621 / Sim_time = 357.400005325675 / 0.34667303305299574x
======[Agent] Wallclock_time = 2025-06-09 16:27:32.272504 / 1031.078617 / Sim_time = 357.45000532642007 / 0.34667546466144533x
======[Agent] Wallclock_time = 2025-06-09 16:27:32.424687 / 1031.2308 / Sim_time = 357.5000053271651 / 0.3466727900818857x
======[Agent] Wallclock_time = 2025-06-09 16:27:32.558120 / 1031.364233 / Sim_time = 357.5500053279102 / 0.34667641868039406x
======[Agent] Wallclock_time = 2025-06-09 16:27:32.687692 / 1031.493805 / Sim_time = 357.60000532865524 / 0.346681344002169x
======[Agent] Wallclock_time = 2025-06-09 16:27:32.781628 / 1031.587741 / Sim_time = 357.6500053294003 / 0.34669824428551055x
======[Agent] Wallclock_time = 2025-06-09 16:27:32.898771 / 1031.704884 / Sim_time = 357.70000533014536 / 0.34670734254545105x
======[Agent] Wallclock_time = 2025-06-09 16:27:32.999299 / 1031.805412 / Sim_time = 357.7500053308904 / 0.346722021854319x
======[Agent] Wallclock_time = 2025-06-09 16:27:33.108062 / 1031.914175 / Sim_time = 357.8000053316355 / 0.34673393123774493x
======[Agent] Wallclock_time = 2025-06-09 16:27:33.209805 / 1032.015918 / Sim_time = 357.85000533238053 / 0.3467481967503759x
======[Agent] Wallclock_time = 2025-06-09 16:27:33.316976 / 1032.123089 / Sim_time = 357.9000053331256 / 0.3467606358067723x
======[Agent] Wallclock_time = 2025-06-09 16:27:33.410686 / 1032.216799 / Sim_time = 357.95000533387065 / 0.34677759449667334x
======[Agent] Wallclock_time = 2025-06-09 16:27:33.557826 / 1032.363939 / Sim_time = 358.0000053346157 / 0.346776601771649x
======[Agent] Wallclock_time = 2025-06-09 16:27:33.677492 / 1032.483605 / Sim_time = 358.05000533536077 / 0.3467848368890312x
======[Agent] Wallclock_time = 2025-06-09 16:27:33.825933 / 1032.632046 / Sim_time = 358.1000053361058 / 0.34678340648039446x
======[Agent] Wallclock_time = 2025-06-09 16:27:33.944364 / 1032.750477 / Sim_time = 358.1500053368509 / 0.3467920533768947x
======[Agent] Wallclock_time = 2025-06-09 16:27:34.088907 / 1032.89502 / Sim_time = 358.20000533759594 / 0.34679193103832073x
======[Agent] Wallclock_time = 2025-06-09 16:27:34.216540 / 1033.022653 / Sim_time = 358.250005338341 / 0.3467974855154077x
======[Agent] Wallclock_time = 2025-06-09 16:27:34.341002 / 1033.147115 / Sim_time = 358.30000533908606 / 0.34680410304875414x
======[Agent] Wallclock_time = 2025-06-09 16:27:34.450198 / 1033.256311 / Sim_time = 358.3500053398311 / 0.3468158429897924x
======[Agent] Wallclock_time = 2025-06-09 16:27:34.577191 / 1033.383304 / Sim_time = 358.4000053405762 / 0.3468216073664848x
======[Agent] Wallclock_time = 2025-06-09 16:27:34.721396 / 1033.527509 / Sim_time = 358.45000534132123 / 0.3468215943923432x
======[Agent] Wallclock_time = 2025-06-09 16:27:34.833126 / 1033.639239 / Sim_time = 358.5000053420663 / 0.3468324778927906x
======[Agent] Wallclock_time = 2025-06-09 16:27:34.977165 / 1033.783278 / Sim_time = 358.55000534281135 / 0.3468325190981588x
======[Agent] Wallclock_time = 2025-06-09 16:27:35.120886 / 1033.926999 / Sim_time = 358.6000053435564 / 0.34683266696558085x
======[Agent] Wallclock_time = 2025-06-09 16:27:35.240696 / 1034.046809 / Sim_time = 358.65000534430146 / 0.3468408348460622x
======[Agent] Wallclock_time = 2025-06-09 16:27:35.364388 / 1034.170501 / Sim_time = 358.7000053450465 / 0.3468476988567165x
======[Agent] Wallclock_time = 2025-06-09 16:27:35.478442 / 1034.284555 / Sim_time = 358.7500053457916 / 0.3468577933932294x
======[Agent] Wallclock_time = 2025-06-09 16:27:35.592900 / 1034.399013 / Sim_time = 358.80000534653664 / 0.3468677502293657x
======[Agent] Wallclock_time = 2025-06-09 16:27:35.726354 / 1034.532467 / Sim_time = 358.8500053472817 / 0.34687133552856025x
======[Agent] Wallclock_time = 2025-06-09 16:27:35.871755 / 1034.677868 / Sim_time = 358.90000534802675 / 0.34687091468463893x
======[Agent] Wallclock_time = 2025-06-09 16:27:35.989175 / 1034.795288 / Sim_time = 358.9500053487718 / 0.3468798733734652x
======[Agent] Wallclock_time = 2025-06-09 16:27:36.101381 / 1034.907494 / Sim_time = 359.00000534951687 / 0.3468905776992462x
======[Agent] Wallclock_time = 2025-06-09 16:27:36.199059 / 1035.005172 / Sim_time = 359.0500053502619 / 0.3469061490294784x
======[Agent] Wallclock_time = 2025-06-09 16:27:36.307305 / 1035.113418 / Sim_time = 359.100005351007 / 0.34691817552386467x
======[Agent] Wallclock_time = 2025-06-09 16:27:36.427782 / 1035.233895 / Sim_time = 359.15000535175204 / 0.34692610062352275x
======[Agent] Wallclock_time = 2025-06-09 16:27:36.539826 / 1035.345939 / Sim_time = 359.2000053524971 / 0.3469368496896644x
======[Agent] Wallclock_time = 2025-06-09 16:27:36.672513 / 1035.478626 / Sim_time = 359.25000535324216 / 0.3469406797901035x
======[Agent] Wallclock_time = 2025-06-09 16:27:36.780650 / 1035.586763 / Sim_time = 359.3000053539872 / 0.3469527336950458x
======[Agent] Wallclock_time = 2025-06-09 16:27:36.909737 / 1035.71585 / Sim_time = 359.3500053547323 / 0.34695776684016705x
======[Agent] Wallclock_time = 2025-06-09 16:27:37.059145 / 1035.865258 / Sim_time = 359.40000535547733 / 0.34695599222373485x
======[Agent] Wallclock_time = 2025-06-09 16:27:37.176782 / 1035.982895 / Sim_time = 359.4500053562224 / 0.346964858325546x
======[Agent] Wallclock_time = 2025-06-09 16:27:37.302782 / 1036.108895 / Sim_time = 359.50000535696745 / 0.34697092180262157x
======[Agent] Wallclock_time = 2025-06-09 16:27:37.440204 / 1036.246317 / Sim_time = 359.5500053577125 / 0.3469731592634005x
======[Agent] Wallclock_time = 2025-06-09 16:27:37.547954 / 1036.354067 / Sim_time = 359.60000535845757 / 0.34698533042291535x
======[Agent] Wallclock_time = 2025-06-09 16:27:37.669722 / 1036.475835 / Sim_time = 359.6500053592026 / 0.34699280602754873x
======[Agent] Wallclock_time = 2025-06-09 16:27:37.814569 / 1036.620682 / Sim_time = 359.7000053599477 / 0.34699255437717896x
======[Agent] Wallclock_time = 2025-06-09 16:27:37.931859 / 1036.737972 / Sim_time = 359.75000536069274 / 0.34700152601256007x
======[Agent] Wallclock_time = 2025-06-09 16:27:38.071880 / 1036.877993 / Sim_time = 359.8000053614378 / 0.3470028882738082x
======[Agent] Wallclock_time = 2025-06-09 16:27:38.202691 / 1037.008804 / Sim_time = 359.85000536218286 / 0.34700733201764683x
======[Agent] Wallclock_time = 2025-06-09 16:27:38.306856 / 1037.112969 / Sim_time = 359.9000053629279 / 0.34702069022361026x
======[Agent] Wallclock_time = 2025-06-09 16:27:38.458205 / 1037.264318 / Sim_time = 359.950005363673 / 0.34701825956902665x
======[Agent] Wallclock_time = 2025-06-09 16:27:38.597986 / 1037.404099 / Sim_time = 360.00000536441803 / 0.3470196991623019x
======[Agent] Wallclock_time = 2025-06-09 16:27:38.728171 / 1037.534284 / Sim_time = 360.0500053651631 / 0.3470243479113941x
======[Agent] Wallclock_time = 2025-06-09 16:27:38.867732 / 1037.673845 / Sim_time = 360.10000536590815 / 0.3470258598837945x
======[Agent] Wallclock_time = 2025-06-09 16:27:38.987667 / 1037.79378 / Sim_time = 360.1500053666532 / 0.3470339341720848x
======[Agent] Wallclock_time = 2025-06-09 16:27:39.098184 / 1037.904297 / Sim_time = 360.20000536739826 / 0.3470451556693407x
======[Agent] Wallclock_time = 2025-06-09 16:27:39.216244 / 1038.022357 / Sim_time = 360.2500053681433 / 0.3470538528239912x
======[Agent] Wallclock_time = 2025-06-09 16:27:39.331311 / 1038.137424 / Sim_time = 360.3000053688884 / 0.34706354859753114x
======[Agent] Wallclock_time = 2025-06-09 16:27:39.452269 / 1038.258382 / Sim_time = 360.35000536963344 / 0.34707127295636947x
======[Agent] Wallclock_time = 2025-06-09 16:27:39.562003 / 1038.368116 / Sim_time = 360.4000053703785 / 0.34708274718214793x
======[Agent] Wallclock_time = 2025-06-09 16:27:39.682929 / 1038.489042 / Sim_time = 360.45000537112355 / 0.34709047828416595x
======[Agent] Wallclock_time = 2025-06-09 16:27:39.803079 / 1038.609192 / Sim_time = 360.5000053718686 / 0.3470984669211379x
======[Agent] Wallclock_time = 2025-06-09 16:27:39.936470 / 1038.742583 / Sim_time = 360.55000537261367 / 0.34710202909875754x
======[Agent] Wallclock_time = 2025-06-09 16:27:40.062166 / 1038.868279 / Sim_time = 360.6000053733587 / 0.3471081614045483x
======[Agent] Wallclock_time = 2025-06-09 16:27:40.203337 / 1039.00945 / Sim_time = 360.6500053741038 / 0.3471091223135473x
======[Agent] Wallclock_time = 2025-06-09 16:27:40.343551 / 1039.149664 / Sim_time = 360.70000537484884 / 0.34711040263055526x
======[Agent] Wallclock_time = 2025-06-09 16:27:40.470677 / 1039.27679 / Sim_time = 360.7500053755939 / 0.3471160539046966x
======[Agent] Wallclock_time = 2025-06-09 16:27:40.633228 / 1039.439341 / Sim_time = 360.80000537633896 / 0.3471098735971986x
======[Agent] Wallclock_time = 2025-06-09 16:27:40.757124 / 1039.563237 / Sim_time = 360.850005377084 / 0.34711660187390997x
======[Agent] Wallclock_time = 2025-06-09 16:27:40.901997 / 1039.70811 / Sim_time = 360.9000053778291 / 0.3471163250438664x
======[Agent] Wallclock_time = 2025-06-09 16:27:41.031201 / 1039.837314 / Sim_time = 360.95000537857413 / 0.3471212788746829x
======[Agent] Wallclock_time = 2025-06-09 16:27:41.158077 / 1039.96419 / Sim_time = 361.0000053793192 / 0.3471270085293136x
======[Agent] Wallclock_time = 2025-06-09 16:27:41.285219 / 1040.091332 / Sim_time = 361.05000538006425 / 0.34713264800808497x
======[Agent] Wallclock_time = 2025-06-09 16:27:41.405724 / 1040.211837 / Sim_time = 361.1000053808093 / 0.34714050099807536x
======[Agent] Wallclock_time = 2025-06-09 16:27:41.530396 / 1040.336509 / Sim_time = 361.15000538155437 / 0.347146961690059x
======[Agent] Wallclock_time = 2025-06-09 16:27:41.668205 / 1040.474318 / Sim_time = 361.2000053822994 / 0.34714903768846483x
======[Agent] Wallclock_time = 2025-06-09 16:27:41.817778 / 1040.623891 / Sim_time = 361.2500053830445 / 0.34714718868188643x
======[Agent] Wallclock_time = 2025-06-09 16:27:41.921655 / 1040.727768 / Sim_time = 361.30000538378954 / 0.3471605825580384x
======[Agent] Wallclock_time = 2025-06-09 16:27:42.022795 / 1040.828908 / Sim_time = 361.3500053845346 / 0.3471748867006372x
======[Agent] Wallclock_time = 2025-06-09 16:27:42.124201 / 1040.930314 / Sim_time = 361.40000538527966 / 0.3471890993427062x
======[Agent] Wallclock_time = 2025-06-09 16:27:42.257102 / 1041.063215 / Sim_time = 361.4500053860247 / 0.34719280537946906x
======[Agent] Wallclock_time = 2025-06-09 16:27:42.383679 / 1041.189792 / Sim_time = 361.50000538676977 / 0.3471986192774262x
======[Agent] Wallclock_time = 2025-06-09 16:27:42.499735 / 1041.305848 / Sim_time = 361.55000538751483 / 0.3472079397940489x
======[Agent] Wallclock_time = 2025-06-09 16:27:42.642178 / 1041.448291 / Sim_time = 361.6000053882599 / 0.3472084608565545x
======[Agent] Wallclock_time = 2025-06-09 16:27:42.777562 / 1041.583675 / Sim_time = 361.65000538900495 / 0.34721133487203515x
======[Agent] Wallclock_time = 2025-06-09 16:27:42.892364 / 1041.698477 / Sim_time = 361.70000538975 / 0.3472210684327242x
======[Agent] Wallclock_time = 2025-06-09 16:27:42.997497 / 1041.80361 / Sim_time = 361.75000539049506 / 0.3472340225011052x
======[Agent] Wallclock_time = 2025-06-09 16:27:43.122076 / 1041.928189 / Sim_time = 361.8000053912401 / 0.34724049312648647x
======[Agent] Wallclock_time = 2025-06-09 16:27:43.253140 / 1042.059253 / Sim_time = 361.8500053919852 / 0.3472448012005552x
======[Agent] Wallclock_time = 2025-06-09 16:27:43.376634 / 1042.182747 / Sim_time = 361.90000539273024 / 0.34725163046774155x
======[Agent] Wallclock_time = 2025-06-09 16:27:43.495397 / 1042.30151 / Sim_time = 361.9500053934753 / 0.3472600343190916x
======[Agent] Wallclock_time = 2025-06-09 16:27:43.618244 / 1042.424357 / Sim_time = 362.00000539422035 / 0.3472670757319465x
======[Agent] Wallclock_time = 2025-06-09 16:27:43.723947 / 1042.53006 / Sim_time = 362.0500053949654 / 0.3472798262672053x
======[Agent] Wallclock_time = 2025-06-09 16:27:43.858765 / 1042.664878 / Sim_time = 362.10000539571047 / 0.34728287655320245x
======[Agent] Wallclock_time = 2025-06-09 16:27:43.973156 / 1042.779269 / Sim_time = 362.1500053964555 / 0.3472927290269389x
======[Agent] Wallclock_time = 2025-06-09 16:27:44.098650 / 1042.904763 / Sim_time = 362.2000053972006 / 0.3472988818810474x
======[Agent] Wallclock_time = 2025-06-09 16:27:44.219246 / 1043.025359 / Sim_time = 362.25000539794564 / 0.3473066641817684x
======[Agent] Wallclock_time = 2025-06-09 16:27:44.336490 / 1043.142603 / Sim_time = 362.3000053986907 / 0.3473155607307987x
======[Agent] Wallclock_time = 2025-06-09 16:27:44.459036 / 1043.265149 / Sim_time = 362.35000539943576 / 0.34732269013689215x
======[Agent] Wallclock_time = 2025-06-09 16:27:44.575874 / 1043.381987 / Sim_time = 362.4000054001808 / 0.34733171799376944x
======[Agent] Wallclock_time = 2025-06-09 16:27:44.703335 / 1043.509448 / Sim_time = 362.4500054009259 / 0.3473372078790397x
======[Agent] Wallclock_time = 2025-06-09 16:27:44.821523 / 1043.627636 / Sim_time = 362.50000540167093 / 0.34734578268286515x
======[Agent] Wallclock_time = 2025-06-09 16:27:44.933863 / 1043.739976 / Sim_time = 362.550005402416 / 0.3473563017443669x
======[Agent] Wallclock_time = 2025-06-09 16:27:45.054056 / 1043.860169 / Sim_time = 362.60000540316105 / 0.34736420529036943x
======[Agent] Wallclock_time = 2025-06-09 16:27:45.176250 / 1043.982363 / Sim_time = 362.6500054039061 / 0.3473714412093616x
======[Agent] Wallclock_time = 2025-06-09 16:27:45.322312 / 1044.128425 / Sim_time = 362.70000540465117 / 0.3473707346238721x
======[Agent] Wallclock_time = 2025-06-09 16:27:45.489147 / 1044.29526 / Sim_time = 362.7500054053962 / 0.34736311839840944x
======[Agent] Wallclock_time = 2025-06-09 16:27:45.623180 / 1044.429293 / Sim_time = 362.8000054061413 / 0.347366413859983x
======[Agent] Wallclock_time = 2025-06-09 16:27:45.737779 / 1044.543892 / Sim_time = 362.85000540688634 / 0.3473761713698432x
======[Agent] Wallclock_time = 2025-06-09 16:27:45.859275 / 1044.665388 / Sim_time = 362.9000054076314 / 0.3473836332596081x
======[Agent] Wallclock_time = 2025-06-09 16:27:45.982324 / 1044.788437 / Sim_time = 362.95000540837646 / 0.3473905770434933x
======[Agent] Wallclock_time = 2025-06-09 16:27:46.106659 / 1044.912772 / Sim_time = 363.0000054091215 / 0.3473970916416647x
======[Agent] Wallclock_time = 2025-06-09 16:27:46.255206 / 1045.061319 / Sim_time = 363.05000540986657 / 0.3473955560442196x
======[Agent] Wallclock_time = 2025-06-09 16:27:46.393419 / 1045.199532 / Sim_time = 363.10000541061163 / 0.3473974556019568x
======[Agent] Wallclock_time = 2025-06-09 16:27:46.534371 / 1045.340484 / Sim_time = 363.1500054113567 / 0.3473984444028404x
======[Agent] Wallclock_time = 2025-06-09 16:27:46.666757 / 1045.47287 / Sim_time = 363.20000541210175 / 0.34740227932440026x
======[Agent] Wallclock_time = 2025-06-09 16:27:46.784416 / 1045.590529 / Sim_time = 363.2500054128468 / 0.34741100643791345x
======[Agent] Wallclock_time = 2025-06-09 16:27:46.914896 / 1045.721009 / Sim_time = 363.30000541359186 / 0.34741547207274265x
======[Agent] Wallclock_time = 2025-06-09 16:27:47.032850 / 1045.838963 / Sim_time = 363.3500054143369 / 0.3474240976335085x
======[Agent] Wallclock_time = 2025-06-09 16:27:47.161819 / 1045.967932 / Sim_time = 363.400005415082 / 0.3474290624676814x
======[Agent] Wallclock_time = 2025-06-09 16:27:47.282889 / 1046.089002 / Sim_time = 363.45000541582704 / 0.3474366495434941x
======[Agent] Wallclock_time = 2025-06-09 16:27:47.406536 / 1046.212649 / Sim_time = 363.5000054165721 / 0.34744337904979106x
======[Agent] Wallclock_time = 2025-06-09 16:27:47.534465 / 1046.340578 / Sim_time = 363.55000541731715 / 0.3474486850768317x
======[Agent] Wallclock_time = 2025-06-09 16:27:47.645882 / 1046.451995 / Sim_time = 363.6000054180622 / 0.34745947228911345x
======[Agent] Wallclock_time = 2025-06-09 16:27:47.746357 / 1046.55247 / Sim_time = 363.65000541880727 / 0.3474738901002423x
======[Agent] Wallclock_time = 2025-06-09 16:27:47.885881 / 1046.691994 / Sim_time = 363.7000054195523 / 0.347475341388931x
======[Agent] Wallclock_time = 2025-06-09 16:27:48.015548 / 1046.821661 / Sim_time = 363.7500054202974 / 0.3474800641713443x
======[Agent] Wallclock_time = 2025-06-09 16:27:48.133624 / 1046.939737 / Sim_time = 363.80000542104244 / 0.34748863289388127x
======[Agent] Wallclock_time = 2025-06-09 16:27:48.249796 / 1047.055909 / Sim_time = 363.8500054217875 / 0.34749783158327596x
======[Agent] Wallclock_time = 2025-06-09 16:27:48.365479 / 1047.171592 / Sim_time = 363.90000542253256 / 0.347507190507649x
======[Agent] Wallclock_time = 2025-06-09 16:27:48.477525 / 1047.283638 / Sim_time = 363.9500054232776 / 0.34751775421657394x
======[Agent] Wallclock_time = 2025-06-09 16:27:48.593992 / 1047.400105 / Sim_time = 364.0000054240227 / 0.34752684877492346x
======[Agent] Wallclock_time = 2025-06-09 16:27:48.739064 / 1047.545177 / Sim_time = 364.05000542476773 / 0.3475264512609335x
======[Agent] Wallclock_time = 2025-06-09 16:27:48.884713 / 1047.690826 / Sim_time = 364.1000054255128 / 0.34752586246245354x
======[Agent] Wallclock_time = 2025-06-09 16:27:49.018353 / 1047.824466 / Sim_time = 364.15000542625785 / 0.3475292567724803x
======[Agent] Wallclock_time = 2025-06-09 16:27:49.151538 / 1047.957651 / Sim_time = 364.2000054270029 / 0.3475328011076297x
======[Agent] Wallclock_time = 2025-06-09 16:27:49.281261 / 1048.087374 / Sim_time = 364.25000542774796 / 0.34753749250895516x
======[Agent] Wallclock_time = 2025-06-09 16:27:49.401239 / 1048.207352 / Sim_time = 364.300005428493 / 0.34754541378477116x
======[Agent] Wallclock_time = 2025-06-09 16:27:49.537607 / 1048.34372 / Sim_time = 364.3500054292381 / 0.34754789953941684x
======[Agent] Wallclock_time = 2025-06-09 16:27:49.656328 / 1048.462441 / Sim_time = 364.40000542998314 / 0.3475562343713453x
======[Agent] Wallclock_time = 2025-06-09 16:27:49.782319 / 1048.588432 / Sim_time = 364.4500054307282 / 0.34756215760786746x
======[Agent] Wallclock_time = 2025-06-09 16:27:49.916154 / 1048.722267 / Sim_time = 364.50000543147326 / 0.34756547976109053x
======[Agent] Wallclock_time = 2025-06-09 16:27:50.030586 / 1048.836699 / Sim_time = 364.5500054322183 / 0.3475752309244734x
======[Agent] Wallclock_time = 2025-06-09 16:27:50.157461 / 1048.963574 / Sim_time = 364.60000543296337 / 0.34758085684689993x
======[Agent] Wallclock_time = 2025-06-09 16:27:50.265707 / 1049.07182 / Sim_time = 364.65000543370843 / 0.34759265370511505x
======[Agent] Wallclock_time = 2025-06-09 16:27:50.387066 / 1049.193179 / Sim_time = 364.7000054344535 / 0.3476001037120255x
======[Agent] Wallclock_time = 2025-06-09 16:27:50.530064 / 1049.336177 / Sim_time = 364.75000543519855 / 0.34760038377559416x
======[Agent] Wallclock_time = 2025-06-09 16:27:50.658443 / 1049.464556 / Sim_time = 364.8000054359436 / 0.3476055058218067x
======[Agent] Wallclock_time = 2025-06-09 16:27:50.800058 / 1049.606171 / Sim_time = 364.85000543668866 / 0.3476062430948166x
======[Agent] Wallclock_time = 2025-06-09 16:27:50.947491 / 1049.753604 / Sim_time = 364.9000054374337 / 0.3476050536449314x
======[Agent] Wallclock_time = 2025-06-09 16:27:51.076453 / 1049.882566 / Sim_time = 364.9500054381788 / 0.3476099800558063x
======[Agent] Wallclock_time = 2025-06-09 16:27:51.204916 / 1050.011029 / Sim_time = 365.00000543892384 / 0.34761507045451556x
======[Agent] Wallclock_time = 2025-06-09 16:27:51.320693 / 1050.126806 / Sim_time = 365.0500054396689 / 0.34762435901032496x
======[Agent] Wallclock_time = 2025-06-09 16:27:51.442263 / 1050.248376 / Sim_time = 365.10000544041395 / 0.3476317280291476x
======[Agent] Wallclock_time = 2025-06-09 16:27:51.586525 / 1050.392638 / Sim_time = 365.150005441159 / 0.3476315851802208x
======[Agent] Wallclock_time = 2025-06-09 16:27:51.725007 / 1050.53112 / Sim_time = 365.20000544190407 / 0.3476333550295483x
======[Agent] Wallclock_time = 2025-06-09 16:27:51.866961 / 1050.673074 / Sim_time = 365.2500054426491 / 0.3476339756363391x
======[Agent] Wallclock_time = 2025-06-09 16:27:51.983816 / 1050.789929 / Sim_time = 365.3000054433942 / 0.34764289961185435x
======[Agent] Wallclock_time = 2025-06-09 16:27:52.111522 / 1050.917635 / Sim_time = 365.35000544413924 / 0.3476482320100254x
======[Agent] Wallclock_time = 2025-06-09 16:27:52.223418 / 1051.029531 / Sim_time = 365.4000054448843 / 0.3476587926491779x
======[Agent] Wallclock_time = 2025-06-09 16:27:52.341025 / 1051.147138 / Sim_time = 365.45000544562936 / 0.34766746211524885x
======[Agent] Wallclock_time = 2025-06-09 16:27:52.462502 / 1051.268615 / Sim_time = 365.5000054463744 / 0.3476748497542892x
======[Agent] Wallclock_time = 2025-06-09 16:27:52.579636 / 1051.385749 / Sim_time = 365.5500054471195 / 0.3476836718693698x
======[Agent] Wallclock_time = 2025-06-09 16:27:52.703151 / 1051.509264 / Sim_time = 365.60000544786453 / 0.34769038207682634x
======[Agent] Wallclock_time = 2025-06-09 16:27:52.821409 / 1051.627522 / Sim_time = 365.6500054486096 / 0.34769882881572284x
======[Agent] Wallclock_time = 2025-06-09 16:27:52.939720 / 1051.745833 / Sim_time = 365.70000544935465 / 0.34770725613333475x
======[Agent] Wallclock_time = 2025-06-09 16:27:53.080652 / 1051.886765 / Sim_time = 365.7500054500997 / 0.34770820387867113x
======[Agent] Wallclock_time = 2025-06-09 16:27:53.235709 / 1052.041822 / Sim_time = 365.80000545084476 / 0.3477044829367647x
======[Agent] Wallclock_time = 2025-06-09 16:27:53.369948 / 1052.176061 / Sim_time = 365.8500054515898 / 0.3477076425747984x
======[Agent] Wallclock_time = 2025-06-09 16:27:53.489722 / 1052.295835 / Sim_time = 365.9000054523349 / 0.3477155810815823x
======[Agent] Wallclock_time = 2025-06-09 16:27:53.596051 / 1052.402164 / Sim_time = 365.95000545307994 / 0.3477279601309522x
======[Agent] Wallclock_time = 2025-06-09 16:27:53.730846 / 1052.536959 / Sim_time = 366.000005453825 / 0.3477309320051088x
======[Agent] Wallclock_time = 2025-06-09 16:27:53.841331 / 1052.647444 / Sim_time = 366.05000545457006 / 0.34774193373012774x
======[Agent] Wallclock_time = 2025-06-09 16:27:53.970554 / 1052.776667 / Sim_time = 366.1000054553151 / 0.3477467436201941x
======[Agent] Wallclock_time = 2025-06-09 16:27:54.081804 / 1052.887917 / Sim_time = 366.15000545606017 / 0.34775748851012x
======[Agent] Wallclock_time = 2025-06-09 16:27:54.218053 / 1053.024166 / Sim_time = 366.20000545680523 / 0.34775997505154144x
======[Agent] Wallclock_time = 2025-06-09 16:27:54.366689 / 1053.172802 / Sim_time = 366.2500054575503 / 0.34775837070959564x
======[Agent] Wallclock_time = 2025-06-09 16:27:54.495738 / 1053.301851 / Sim_time = 366.30000545829535 / 0.34776323363269374x
======[Agent] Wallclock_time = 2025-06-09 16:27:54.622471 / 1053.428584 / Sim_time = 366.3500054590404 / 0.34776885994407425x
======[Agent] Wallclock_time = 2025-06-09 16:27:54.763239 / 1053.569352 / Sim_time = 366.40000545978546 / 0.3477698520694378x
======[Agent] Wallclock_time = 2025-06-09 16:27:54.893188 / 1053.699301 / Sim_time = 366.4500054605305 / 0.34777441471047893x
======[Agent] Wallclock_time = 2025-06-09 16:27:55.011282 / 1053.817395 / Sim_time = 366.5000054612756 / 0.34778288858895423x
======[Agent] Wallclock_time = 2025-06-09 16:27:55.126324 / 1053.932437 / Sim_time = 366.55000546202064 / 0.34779236770910105x
======[Agent] Wallclock_time = 2025-06-09 16:27:55.241826 / 1054.047939 / Sim_time = 366.6000054627657 / 0.3478016929750599x
======[Agent] Wallclock_time = 2025-06-09 16:27:55.354412 / 1054.160525 / Sim_time = 366.65000546351075 / 0.34781197830523247x
======[Agent] Wallclock_time = 2025-06-09 16:27:55.480767 / 1054.28688 / Sim_time = 366.7000054642558 / 0.34781771887983365x
======[Agent] Wallclock_time = 2025-06-09 16:27:55.603252 / 1054.409365 / Sim_time = 366.75000546500087 / 0.3478247346942581x
======[Agent] Wallclock_time = 2025-06-09 16:27:55.724812 / 1054.530925 / Sim_time = 366.8000054657459 / 0.34783205398522754x
======[Agent] Wallclock_time = 2025-06-09 16:27:55.830580 / 1054.636693 / Sim_time = 366.850005466491 / 0.3478445800879326x
======[Agent] Wallclock_time = 2025-06-09 16:27:55.958676 / 1054.764789 / Sim_time = 366.90000546723604 / 0.3478497400025514x
======[Agent] Wallclock_time = 2025-06-09 16:27:56.086152 / 1054.892265 / Sim_time = 366.9500054679811 / 0.3478551031112907x
======[Agent] Wallclock_time = 2025-06-09 16:27:56.199392 / 1055.005505 / Sim_time = 367.00000546872616 / 0.347865158868121x
======[Agent] Wallclock_time = 2025-06-09 16:27:56.314392 / 1055.120505 / Sim_time = 367.0500054694712 / 0.347874632191741x
======[Agent] Wallclock_time = 2025-06-09 16:27:56.421653 / 1055.227766 / Sim_time = 367.1000054702163 / 0.34788665481681563x
======[Agent] Wallclock_time = 2025-06-09 16:27:56.541288 / 1055.347401 / Sim_time = 367.15000547096133 / 0.3478945958728575x
======[Agent] Wallclock_time = 2025-06-09 16:27:56.661197 / 1055.46731 / Sim_time = 367.2000054717064 / 0.3479024448130578x
======[Agent] Wallclock_time = 2025-06-09 16:27:56.785730 / 1055.591843 / Sim_time = 367.25000547245145 / 0.3479087679570896x
======[Agent] Wallclock_time = 2025-06-09 16:27:56.903313 / 1055.709426 / Sim_time = 367.3000054731965 / 0.347917380019506x
======[Agent] Wallclock_time = 2025-06-09 16:27:57.020886 / 1055.826999 / Sim_time = 367.35000547394156 / 0.3479259934590365x
======[Agent] Wallclock_time = 2025-06-09 16:27:57.155132 / 1055.961245 / Sim_time = 367.4000054746866 / 0.34792911130519316x
======[Agent] Wallclock_time = 2025-06-09 16:27:57.279420 / 1056.085533 / Sim_time = 367.4500054754317 / 0.3479355090644184x
======[Agent] Wallclock_time = 2025-06-09 16:27:57.393271 / 1056.199384 / Sim_time = 367.50000547617674 / 0.3479453435572475x
======[Agent] Wallclock_time = 2025-06-09 16:27:57.531229 / 1056.337342 / Sim_time = 367.5500054769218 / 0.3479472351453487x
======[Agent] Wallclock_time = 2025-06-09 16:27:57.665329 / 1056.471442 / Sim_time = 367.60000547766685 / 0.347950396871466x
======[Agent] Wallclock_time = 2025-06-09 16:27:57.794517 / 1056.60063 / Sim_time = 367.6500054784119 / 0.34795517538470194x
======[Agent] Wallclock_time = 2025-06-09 16:27:57.923470 / 1056.729583 / Sim_time = 367.70000547915697 / 0.34796003011030197x
======[Agent] Wallclock_time = 2025-06-09 16:27:58.041305 / 1056.847418 / Sim_time = 367.75000547990203 / 0.347968544226843x
======[Agent] Wallclock_time = 2025-06-09 16:27:58.166204 / 1056.972317 / Sim_time = 367.8000054806471 / 0.3479747308329138x
======[Agent] Wallclock_time = 2025-06-09 16:27:58.286666 / 1057.092779 / Sim_time = 367.85000548139215 / 0.34798237657719877x
======[Agent] Wallclock_time = 2025-06-09 16:27:58.413505 / 1057.219618 / Sim_time = 367.9000054821372 / 0.34798792155426655x
======[Agent] Wallclock_time = 2025-06-09 16:27:58.542804 / 1057.348917 / Sim_time = 367.95000548288226 / 0.3479926555693693x
======[Agent] Wallclock_time = 2025-06-09 16:27:58.679025 / 1057.485138 / Sim_time = 368.0000054836273 / 0.34799511053602794x
======[Agent] Wallclock_time = 2025-06-09 16:27:58.827332 / 1057.633445 / Sim_time = 368.0500054843724 / 0.3479935881668192x
======[Agent] Wallclock_time = 2025-06-09 16:27:58.967537 / 1057.77365 / Sim_time = 368.10000548511744 / 0.34799473166152867x
======[Agent] Wallclock_time = 2025-06-09 16:27:59.101184 / 1057.907297 / Sim_time = 368.1500054858625 / 0.34799803208827895x
======[Agent] Wallclock_time = 2025-06-09 16:27:59.242875 / 1058.048988 / Sim_time = 368.20000548660755 / 0.3479986859435677x
======[Agent] Wallclock_time = 2025-06-09 16:27:59.384801 / 1058.190914 / Sim_time = 368.2500054873526 / 0.34799926234113393x
======[Agent] Wallclock_time = 2025-06-09 16:27:59.508773 / 1058.314886 / Sim_time = 368.30000548809767 / 0.3480057422931831x
======[Agent] Wallclock_time = 2025-06-09 16:27:59.658508 / 1058.464621 / Sim_time = 368.3500054888427 / 0.3480037501273201x
======[Agent] Wallclock_time = 2025-06-09 16:27:59.793943 / 1058.600056 / Sim_time = 368.4000054895878 / 0.34800645946983433x
======[Agent] Wallclock_time = 2025-06-09 16:27:59.925115 / 1058.731228 / Sim_time = 368.45000549033284 / 0.348010569382925x
======[Agent] Wallclock_time = 2025-06-09 16:28:00.064170 / 1058.870283 / Sim_time = 368.5000054910779 / 0.3480120874059798x
======[Agent] Wallclock_time = 2025-06-09 16:28:00.184954 / 1058.991067 / Sim_time = 368.55000549182296 / 0.34801960937807763x
======[Agent] Wallclock_time = 2025-06-09 16:28:00.302476 / 1059.108589 / Sim_time = 368.600005492568 / 0.3480282015391781x
======[Agent] Wallclock_time = 2025-06-09 16:28:00.422689 / 1059.228802 / Sim_time = 368.6500054933131 / 0.34803590759742714x
======[Agent] Wallclock_time = 2025-06-09 16:28:00.539370 / 1059.345483 / Sim_time = 368.70000549405813 / 0.3480447723297516x
======[Agent] Wallclock_time = 2025-06-09 16:28:00.649064 / 1059.455177 / Sim_time = 368.7500054948032 / 0.3480559304859319x
======[Agent] Wallclock_time = 2025-06-09 16:28:00.768838 / 1059.574951 / Sim_time = 368.80000549554825 / 0.3480637750861413x
======[Agent] Wallclock_time = 2025-06-09 16:28:00.877898 / 1059.684011 / Sim_time = 368.8500054962933 / 0.3480751371091096x
======[Agent] Wallclock_time = 2025-06-09 16:28:00.993272 / 1059.799385 / Sim_time = 368.90000549703836 / 0.34808442298974857x
======[Agent] Wallclock_time = 2025-06-09 16:28:01.113439 / 1059.919552 / Sim_time = 368.9500054977834 / 0.34809213275617606x
======[Agent] Wallclock_time = 2025-06-09 16:28:01.228322 / 1060.034435 / Sim_time = 369.0000054985285 / 0.3481015759614946x
======[Agent] Wallclock_time = 2025-06-09 16:28:01.351621 / 1060.157734 / Sim_time = 369.05000549927354 / 0.34810825366390236x
======[Agent] Wallclock_time = 2025-06-09 16:28:01.501209 / 1060.307322 / Sim_time = 369.1000055000186 / 0.34810629874507254x
======[Agent] Wallclock_time = 2025-06-09 16:28:01.627161 / 1060.433274 / Sim_time = 369.15000550076365 / 0.3481121032690836x
======[Agent] Wallclock_time = 2025-06-09 16:28:01.744390 / 1060.550503 / Sim_time = 369.2000055015087 / 0.3481207696723322x
======[Agent] Wallclock_time = 2025-06-09 16:28:01.859472 / 1060.665585 / Sim_time = 369.25000550225377 / 0.3481301388430689x
======[Agent] Wallclock_time = 2025-06-09 16:28:01.985750 / 1060.791863 / Sim_time = 369.30000550299883 / 0.34813583158788547x
======[Agent] Wallclock_time = 2025-06-09 16:28:02.097857 / 1060.90397 / Sim_time = 369.3500055037439 / 0.34814617326539987x
======[Agent] Wallclock_time = 2025-06-09 16:28:02.207083 / 1061.013196 / Sim_time = 369.40000550448895 / 0.3481574581161296x
======[Agent] Wallclock_time = 2025-06-09 16:28:02.336669 / 1061.142782 / Sim_time = 369.450005505234 / 0.3481620603844183x
======[Agent] Wallclock_time = 2025-06-09 16:28:02.464518 / 1061.270631 / Sim_time = 369.50000550597906 / 0.3481672313786545x
======[Agent] Wallclock_time = 2025-06-09 16:28:02.574709 / 1061.380822 / Sim_time = 369.5500055067241 / 0.3481781936027204x
======[Agent] Wallclock_time = 2025-06-09 16:28:02.696279 / 1061.502392 / Sim_time = 369.6000055074692 / 0.34818542106690614x
======[Agent] Wallclock_time = 2025-06-09 16:28:02.816244 / 1061.622357 / Sim_time = 369.65000550821424 / 0.348193173285857x
======[Agent] Wallclock_time = 2025-06-09 16:28:02.942707 / 1061.74882 / Sim_time = 369.7000055089593 / 0.3481987927334514x
======[Agent] Wallclock_time = 2025-06-09 16:28:03.074319 / 1061.880432 / Sim_time = 369.75000550970435 / 0.348202722420053x
======[Agent] Wallclock_time = 2025-06-09 16:28:03.195467 / 1062.00158 / Sim_time = 369.8000055104494 / 0.3482100820418434x
======[Agent] Wallclock_time = 2025-06-09 16:28:03.323704 / 1062.129817 / Sim_time = 369.85000551119447 / 0.34821511587041587x
======[Agent] Wallclock_time = 2025-06-09 16:28:03.454614 / 1062.260727 / Sim_time = 369.9000055119395 / 0.3482192722471488x
======[Agent] Wallclock_time = 2025-06-09 16:28:03.577638 / 1062.383751 / Sim_time = 369.9500055126846 / 0.3482260124351922x
======[Agent] Wallclock_time = 2025-06-09 16:28:03.678994 / 1062.485107 / Sim_time = 370.00000551342964 / 0.3482398528091339x
======[Agent] Wallclock_time = 2025-06-09 16:28:03.798497 / 1062.60461 / Sim_time = 370.0500055141747 / 0.3482477431247278x
======[Agent] Wallclock_time = 2025-06-09 16:28:03.936595 / 1062.742708 / Sim_time = 370.10000551491976 / 0.34824953818020604x
======[Agent] Wallclock_time = 2025-06-09 16:28:04.055483 / 1062.861596 / Sim_time = 370.1500055156648 / 0.34825762700531127x
======[Agent] Wallclock_time = 2025-06-09 16:28:04.183004 / 1062.989117 / Sim_time = 370.2000055164099 / 0.34826288560537x
======[Agent] Wallclock_time = 2025-06-09 16:28:04.306246 / 1063.112359 / Sim_time = 370.25000551715493 / 0.34826954471292176x
======[Agent] Wallclock_time = 2025-06-09 16:28:04.419840 / 1063.225953 / Sim_time = 370.3000055179 / 0.3482793626262596x
======[Agent] Wallclock_time = 2025-06-09 16:28:04.557768 / 1063.363881 / Sim_time = 370.35000551864505 / 0.34828120820612757x
======[Agent] Wallclock_time = 2025-06-09 16:28:04.699453 / 1063.505566 / Sim_time = 370.4000055193901 / 0.34828182294399684x
======[Agent] Wallclock_time = 2025-06-09 16:28:04.825178 / 1063.631291 / Sim_time = 370.45000552013516 / 0.3482876635607288x
======[Agent] Wallclock_time = 2025-06-09 16:28:04.958488 / 1063.764601 / Sim_time = 370.5000055208802 / 0.3482910193491773x
======[Agent] Wallclock_time = 2025-06-09 16:28:05.087118 / 1063.893231 / Sim_time = 370.5500055216253 / 0.3482959064204431x
======[Agent] Wallclock_time = 2025-06-09 16:28:05.193590 / 1063.999703 / Sim_time = 370.60000552237034 / 0.3483080457347878x
======[Agent] Wallclock_time = 2025-06-09 16:28:05.332066 / 1064.138179 / Sim_time = 370.6500055231154 / 0.34830970688573376x
======[Agent] Wallclock_time = 2025-06-09 16:28:05.464536 / 1064.270649 / Sim_time = 370.70000552386045 / 0.34831333322857355x
======[Agent] Wallclock_time = 2025-06-09 16:28:05.585598 / 1064.391711 / Sim_time = 370.7500055246055 / 0.3483206918772347x
======[Agent] Wallclock_time = 2025-06-09 16:28:05.706057 / 1064.51217 / Sim_time = 370.80000552535057 / 0.3483282461647239x
======[Agent] Wallclock_time = 2025-06-09 16:28:05.823336 / 1064.629449 / Sim_time = 370.85000552609563 / 0.3483368392050335x
======[Agent] Wallclock_time = 2025-06-09 16:28:05.951793 / 1064.757906 / Sim_time = 370.9000055268407 / 0.34834177336934213x
======[Agent] Wallclock_time = 2025-06-09 16:28:06.074312 / 1064.880425 / Sim_time = 370.95000552758574 / 0.3483486487968233x
======[Agent] Wallclock_time = 2025-06-09 16:28:06.190313 / 1064.996426 / Sim_time = 371.0000055283308 / 0.3483576546487642x
======[Agent] Wallclock_time = 2025-06-09 16:28:06.307427 / 1065.11354 / Sim_time = 371.05000552907586 / 0.34836629451051887x
======[Agent] Wallclock_time = 2025-06-09 16:28:06.426467 / 1065.23258 / Sim_time = 371.1000055298209 / 0.3483743025917573x
======[Agent] Wallclock_time = 2025-06-09 16:28:06.557050 / 1065.363163 / Sim_time = 371.150005530566 / 0.3483785342332432x
======[Agent] Wallclock_time = 2025-06-09 16:28:06.686711 / 1065.492824 / Sim_time = 371.20000553131104 / 0.3483830663023262x
======[Agent] Wallclock_time = 2025-06-09 16:28:06.823046 / 1065.629159 / Sim_time = 371.2500055320561 / 0.34838541533062606x
======[Agent] Wallclock_time = 2025-06-09 16:28:06.954464 / 1065.760577 / Sim_time = 371.30000553280115 / 0.3483893710805087x
======[Agent] Wallclock_time = 2025-06-09 16:28:07.078194 / 1065.884307 / Sim_time = 371.3500055335462 / 0.3483958387405993x
======[Agent] Wallclock_time = 2025-06-09 16:28:07.205860 / 1066.011973 / Sim_time = 371.40000553429127 / 0.3484010185064524x
======[Agent] Wallclock_time = 2025-06-09 16:28:07.367488 / 1066.173601 / Sim_time = 371.4500055350363 / 0.34839509887652664x
======[Agent] Wallclock_time = 2025-06-09 16:28:07.493788 / 1066.299901 / Sim_time = 371.5000055357814 / 0.348400723648813x
======[Agent] Wallclock_time = 2025-06-09 16:28:07.613366 / 1066.419479 / Sim_time = 371.55000553652644 / 0.3484085432088992x
======[Agent] Wallclock_time = 2025-06-09 16:28:07.734420 / 1066.540533 / Sim_time = 371.6000055372715 / 0.34841587883785813x
======[Agent] Wallclock_time = 2025-06-09 16:28:07.849790 / 1066.655903 / Sim_time = 371.65000553801656 / 0.34842506947898744x
======[Agent] Wallclock_time = 2025-06-09 16:28:07.970280 / 1066.776393 / Sim_time = 371.7000055387616 / 0.3484325858213623x
======[Agent] Wallclock_time = 2025-06-09 16:28:08.108908 / 1066.915021 / Sim_time = 371.7500055395067 / 0.3484341768446522x
======[Agent] Wallclock_time = 2025-06-09 16:28:08.234813 / 1067.040926 / Sim_time = 371.80000554025173 / 0.3484399220694275x
======[Agent] Wallclock_time = 2025-06-09 16:28:08.380503 / 1067.186616 / Sim_time = 371.8500055409968 / 0.3484392059708804x
======[Agent] Wallclock_time = 2025-06-09 16:28:08.502068 / 1067.308181 / Sim_time = 371.90000554174185 / 0.34844636602235113x
======[Agent] Wallclock_time = 2025-06-09 16:28:08.634452 / 1067.440565 / Sim_time = 371.9500055424869 / 0.3484499927098931x
======[Agent] Wallclock_time = 2025-06-09 16:28:08.767419 / 1067.573532 / Sim_time = 372.00000554323196 / 0.348453428208263x
======[Agent] Wallclock_time = 2025-06-09 16:28:08.913589 / 1067.719702 / Sim_time = 372.050005543977 / 0.34845255397509095x
======[Agent] Wallclock_time = 2025-06-09 16:28:09.060261 / 1067.866374 / Sim_time = 372.1000055447221 / 0.3484515161755678x
======[Agent] Wallclock_time = 2025-06-09 16:28:09.194825 / 1068.000938 / Sim_time = 372.15000554546714 / 0.34845442906440416x
======[Agent] Wallclock_time = 2025-06-09 16:28:09.321460 / 1068.127573 / Sim_time = 372.2000055462122 / 0.3484599279100197x
======[Agent] Wallclock_time = 2025-06-09 16:28:09.453420 / 1068.259533 / Sim_time = 372.25000554695725 / 0.34846368844271186x
======[Agent] Wallclock_time = 2025-06-09 16:28:09.585272 / 1068.391385 / Sim_time = 372.3000055477023 / 0.3484674832717966x
======[Agent] Wallclock_time = 2025-06-09 16:28:09.705499 / 1068.511612 / Sim_time = 372.35000554844737 / 0.34847506839577425x
======[Agent] Wallclock_time = 2025-06-09 16:28:09.834948 / 1068.641061 / Sim_time = 372.40000554919243 / 0.34847964453197056x
======[Agent] Wallclock_time = 2025-06-09 16:28:09.967162 / 1068.773275 / Sim_time = 372.4500055499375 / 0.34848331800457816x
======[Agent] Wallclock_time = 2025-06-09 16:28:10.109732 / 1068.915845 / Sim_time = 372.50000555068254 / 0.3484836143177092x
======[Agent] Wallclock_time = 2025-06-09 16:28:10.239076 / 1069.045189 / Sim_time = 372.5500055514276 / 0.34848822191669365x
======[Agent] Wallclock_time = 2025-06-09 16:28:10.363982 / 1069.170095 / Sim_time = 372.60000555217266 / 0.34849427495247864x
======[Agent] Wallclock_time = 2025-06-09 16:28:10.493395 / 1069.299508 / Sim_time = 372.6500055529177 / 0.34849885767838584x
======[Agent] Wallclock_time = 2025-06-09 16:28:10.597420 / 1069.403533 / Sim_time = 372.7000055536628 / 0.34851171287644317x
======[Agent] Wallclock_time = 2025-06-09 16:28:10.705174 / 1069.511287 / Sim_time = 372.75000555440784 / 0.34852335039551335x
======[Agent] Wallclock_time = 2025-06-09 16:28:10.845139 / 1069.651252 / Sim_time = 372.8000055551529 / 0.3485244899527897x
======[Agent] Wallclock_time = 2025-06-09 16:28:10.991720 / 1069.797833 / Sim_time = 372.85000555589795 / 0.3485234738107982x
======[Agent] Wallclock_time = 2025-06-09 16:28:11.118986 / 1069.925099 / Sim_time = 372.900005556643 / 0.34852874970072395x
======[Agent] Wallclock_time = 2025-06-09 16:28:11.242377 / 1070.04849 / Sim_time = 372.95000555738807 / 0.3485352864916445x
======[Agent] Wallclock_time = 2025-06-09 16:28:11.365963 / 1070.172076 / Sim_time = 373.0000055581331 / 0.348541758266149x
======[Agent] Wallclock_time = 2025-06-09 16:28:11.497924 / 1070.304037 / Sim_time = 373.0500055588782 / 0.34854550120077415x
======[Agent] Wallclock_time = 2025-06-09 16:28:11.602665 / 1070.408778 / Sim_time = 373.10000555962324 / 0.3485581066502769x
======[Agent] Wallclock_time = 2025-06-09 16:28:11.750349 / 1070.556462 / Sim_time = 373.1500055603683 / 0.3485567275046169x
======[Agent] Wallclock_time = 2025-06-09 16:28:11.890919 / 1070.697032 / Sim_time = 373.20000556111336 / 0.34855766463304133x
======[Agent] Wallclock_time = 2025-06-09 16:28:12.009348 / 1070.815461 / Sim_time = 373.2500055618584 / 0.34856580857310754x
======[Agent] Wallclock_time = 2025-06-09 16:28:12.125324 / 1070.931437 / Sim_time = 373.3000055626035 / 0.3485747491301391x
======[Agent] Wallclock_time = 2025-06-09 16:28:12.269160 / 1071.075273 / Sim_time = 373.35000556334853 / 0.34857462066415185x
======[Agent] Wallclock_time = 2025-06-09 16:28:12.399681 / 1071.205794 / Sim_time = 373.4000055640936 / 0.3485788249809155x
======[Agent] Wallclock_time = 2025-06-09 16:28:12.524809 / 1071.330922 / Sim_time = 373.45000556483865 / 0.3485847830125971x
======[Agent] Wallclock_time = 2025-06-09 16:28:12.645642 / 1071.451755 / Sim_time = 373.5000055655837 / 0.34859213700522307x
======[Agent] Wallclock_time = 2025-06-09 16:28:12.800874 / 1071.606987 / Sim_time = 373.55000556632876 / 0.34858829917094375x
======[Agent] Wallclock_time = 2025-06-09 16:28:12.923930 / 1071.730043 / Sim_time = 373.6000055670738 / 0.34859492781070245x
======[Agent] Wallclock_time = 2025-06-09 16:28:13.055799 / 1071.861912 / Sim_time = 373.6500055678189 / 0.34859868867989985x
======[Agent] Wallclock_time = 2025-06-09 16:28:13.191744 / 1071.997857 / Sim_time = 373.70000556856394 / 0.3486011231526564x
======[Agent] Wallclock_time = 2025-06-09 16:28:13.330329 / 1072.136442 / Sim_time = 373.750005569309 / 0.3486026986167964x
======[Agent] Wallclock_time = 2025-06-09 16:28:13.463539 / 1072.269652 / Sim_time = 373.80000557005405 / 0.3486060211317376x
======[Agent] Wallclock_time = 2025-06-09 16:28:13.580375 / 1072.386488 / Sim_time = 373.8500055707991 / 0.3486146656448113x
======[Agent] Wallclock_time = 2025-06-09 16:28:13.699275 / 1072.505388 / Sim_time = 373.90000557154417 / 0.34862263736143284x
======[Agent] Wallclock_time = 2025-06-09 16:28:13.839737 / 1072.64585 / Sim_time = 373.95000557228923 / 0.34862359925103886x
======[Agent] Wallclock_time = 2025-06-09 16:28:13.985963 / 1072.792076 / Sim_time = 374.0000055730343 / 0.34862268776708094x
======[Agent] Wallclock_time = 2025-06-09 16:28:14.118544 / 1072.924657 / Sim_time = 374.05000557377934 / 0.34862621015109097x
======[Agent] Wallclock_time = 2025-06-09 16:28:14.249256 / 1073.055369 / Sim_time = 374.1000055745244 / 0.34863033889184664x
======[Agent] Wallclock_time = 2025-06-09 16:28:14.398996 / 1073.205109 / Sim_time = 374.15000557526946 / 0.34862828531967427x
======[Agent] Wallclock_time = 2025-06-09 16:28:14.531369 / 1073.337482 / Sim_time = 374.2000055760145 / 0.34863187321743166x
======[Agent] Wallclock_time = 2025-06-09 16:28:14.658730 / 1073.464843 / Sim_time = 374.2500055767596 / 0.34863708800537924x
======[Agent] Wallclock_time = 2025-06-09 16:28:14.794318 / 1073.600431 / Sim_time = 374.30000557750463 / 0.34863962991262504x
======[Agent] Wallclock_time = 2025-06-09 16:28:14.930436 / 1073.736549 / Sim_time = 374.3500055782497 / 0.34864199908710625x
======[Agent] Wallclock_time = 2025-06-09 16:28:15.067271 / 1073.873384 / Sim_time = 374.40000557899475 / 0.34864413487955476x
======[Agent] Wallclock_time = 2025-06-09 16:28:15.198337 / 1074.00445 / Sim_time = 374.4500055797398 / 0.34864814287463797x
======[Agent] Wallclock_time = 2025-06-09 16:28:15.328037 / 1074.13415 / Sim_time = 374.50000558048487 / 0.34865259327979803x
======[Agent] Wallclock_time = 2025-06-09 16:28:15.482476 / 1074.288589 / Sim_time = 374.5500055812299 / 0.3486490136517835x
======[Agent] Wallclock_time = 2025-06-09 16:28:15.616127 / 1074.42224 / Sim_time = 374.600005581975 / 0.348652180663902x
======[Agent] Wallclock_time = 2025-06-09 16:28:15.754241 / 1074.560354 / Sim_time = 374.65000558272004 / 0.3486538988100628x
======[Agent] Wallclock_time = 2025-06-09 16:28:15.868735 / 1074.674848 / Sim_time = 374.7000055834651 / 0.34866327951892806x
======[Agent] Wallclock_time = 2025-06-09 16:28:15.994006 / 1074.800119 / Sim_time = 374.75000558421016 / 0.34866916209845344x
======[Agent] Wallclock_time = 2025-06-09 16:28:16.128958 / 1074.935071 / Sim_time = 374.8000055849552 / 0.34867190309864965x
======[Agent] Wallclock_time = 2025-06-09 16:28:16.268349 / 1075.074462 / Sim_time = 374.8500055857003 / 0.34867320372874466x
======[Agent] Wallclock_time = 2025-06-09 16:28:16.399851 / 1075.205964 / Sim_time = 374.90000558644533 / 0.3486770623134146x
======[Agent] Wallclock_time = 2025-06-09 16:28:16.527150 / 1075.333263 / Sim_time = 374.9500055871904 / 0.34868228279190466x
======[Agent] Wallclock_time = 2025-06-09 16:28:16.657624 / 1075.463737 / Sim_time = 375.00000558793545 / 0.348686472635072x
======[Agent] Wallclock_time = 2025-06-09 16:28:16.775344 / 1075.581457 / Sim_time = 375.0500055886805 / 0.3486947961523702x
======[Agent] Wallclock_time = 2025-06-09 16:28:16.910872 / 1075.716985 / Sim_time = 375.10000558942556 / 0.3486973452334959x
======[Agent] Wallclock_time = 2025-06-09 16:28:17.067274 / 1075.873387 / Sim_time = 375.1500055901706 / 0.34869312823428206x
======[Agent] Wallclock_time = 2025-06-09 16:28:17.207141 / 1076.013254 / Sim_time = 375.2000055909157 / 0.34869427072749143x
======[Agent] Wallclock_time = 2025-06-09 16:28:17.347655 / 1076.153768 / Sim_time = 375.25000559166074 / 0.34869520328293596x
======[Agent] Wallclock_time = 2025-06-09 16:28:17.472347 / 1076.27846 / Sim_time = 375.3000055924058 / 0.34870126165225324x
======[Agent] Wallclock_time = 2025-06-09 16:28:17.603463 / 1076.409576 / Sim_time = 375.35000559315085 / 0.34870523753860894x
======[Agent] Wallclock_time = 2025-06-09 16:28:17.714414 / 1076.520527 / Sim_time = 375.4000055938959 / 0.3487157443474848x
======[Agent] Wallclock_time = 2025-06-09 16:28:17.851179 / 1076.657292 / Sim_time = 375.45000559464097 / 0.34871788791707087x
======[Agent] Wallclock_time = 2025-06-09 16:28:17.979440 / 1076.785553 / Sim_time = 375.500005595386 / 0.34872278498391135x
======[Agent] Wallclock_time = 2025-06-09 16:28:18.092403 / 1076.898516 / Sim_time = 375.5500055961311 / 0.3487326347689909x
======[Agent] Wallclock_time = 2025-06-09 16:28:18.227729 / 1077.033842 / Sim_time = 375.60000559687614 / 0.34873524137752654x
======[Agent] Wallclock_time = 2025-06-09 16:28:18.339214 / 1077.145327 / Sim_time = 375.6500055976212 / 0.3487455661143625x
======[Agent] Wallclock_time = 2025-06-09 16:28:18.456408 / 1077.262521 / Sim_time = 375.70000559836626 / 0.3487540404687724x
======[Agent] Wallclock_time = 2025-06-09 16:28:18.574638 / 1077.380751 / Sim_time = 375.7500055991113 / 0.3487621776128556x
======[Agent] Wallclock_time = 2025-06-09 16:28:18.681882 / 1077.487995 / Sim_time = 375.8000055998564 / 0.348773869008153x
======[Agent] Wallclock_time = 2025-06-09 16:28:18.796916 / 1077.603029 / Sim_time = 375.85000560060143 / 0.34878303670540695x
======[Agent] Wallclock_time = 2025-06-09 16:28:18.917253 / 1077.723366 / Sim_time = 375.9000056013465 / 0.3487904861950078x
======[Agent] Wallclock_time = 2025-06-09 16:28:19.049383 / 1077.855496 / Sim_time = 375.95000560209155 / 0.34879411776731695x
======[Agent] Wallclock_time = 2025-06-09 16:28:19.153966 / 1077.960079 / Sim_time = 376.0000056028366 / 0.34880666188026316x
======[Agent] Wallclock_time = 2025-06-09 16:28:19.280840 / 1078.086953 / Sim_time = 376.05000560358167 / 0.34881199122682494x
======[Agent] Wallclock_time = 2025-06-09 16:28:19.421117 / 1078.22723 / Sim_time = 376.1000056043267 / 0.3488129833183154x
======[Agent] Wallclock_time = 2025-06-09 16:28:19.560359 / 1078.366472 / Sim_time = 376.1500056050718 / 0.34881430993782037x
======[Agent] Wallclock_time = 2025-06-09 16:28:19.702587 / 1078.5087 / Sim_time = 376.20000560581684 / 0.34881467047150044x
======[Agent] Wallclock_time = 2025-06-09 16:28:19.838040 / 1078.644153 / Sim_time = 376.2500056065619 / 0.34881722182694674x
======[Agent] Wallclock_time = 2025-06-09 16:28:19.966447 / 1078.77256 / Sim_time = 376.30000560730696 / 0.34882205085496065x
======[Agent] Wallclock_time = 2025-06-09 16:28:20.092102 / 1078.898215 / Sim_time = 376.350005608052 / 0.34882776850296626x
======[Agent] Wallclock_time = 2025-06-09 16:28:20.196162 / 1079.002275 / Sim_time = 376.4000056087971 / 0.3488404663172103x
======[Agent] Wallclock_time = 2025-06-09 16:28:20.322801 / 1079.128914 / Sim_time = 376.45000560954213 / 0.3488458625098796x
======[Agent] Wallclock_time = 2025-06-09 16:28:20.448828 / 1079.254941 / Sim_time = 376.5000056102872 / 0.34885145525484507x
======[Agent] Wallclock_time = 2025-06-09 16:28:20.589899 / 1079.396012 / Sim_time = 376.55000561103225 / 0.34885218452970135x
======[Agent] Wallclock_time = 2025-06-09 16:28:20.727510 / 1079.533623 / Sim_time = 376.6000056117773 / 0.34885403171712565x
======[Agent] Wallclock_time = 2025-06-09 16:28:20.860540 / 1079.666653 / Sim_time = 376.65000561252236 / 0.34885735861952544x
======[Agent] Wallclock_time = 2025-06-09 16:28:20.990193 / 1079.796306 / Sim_time = 376.7000056132674 / 0.34886177574262944x
======[Agent] Wallclock_time = 2025-06-09 16:28:21.114376 / 1079.920489 / Sim_time = 376.7500056140125 / 0.3488679588762331x
======[Agent] Wallclock_time = 2025-06-09 16:28:21.249757 / 1080.05587 / Sim_time = 376.80000561475754 / 0.34887052347045167x
======[Agent] Wallclock_time = 2025-06-09 16:28:21.380725 / 1080.186838 / Sim_time = 376.8500056155026 / 0.3488745127081338x
======[Agent] Wallclock_time = 2025-06-09 16:28:21.514415 / 1080.320528 / Sim_time = 376.90000561624765 / 0.3488776219372421x
======[Agent] Wallclock_time = 2025-06-09 16:28:21.652215 / 1080.458328 / Sim_time = 376.9500056169927 / 0.3488794032763376x
======[Agent] Wallclock_time = 2025-06-09 16:28:21.779402 / 1080.585515 / Sim_time = 377.00000561773777 / 0.3488846107039729x
======[Agent] Wallclock_time = 2025-06-09 16:28:21.913742 / 1080.719855 / Sim_time = 377.0500056184828 / 0.34888750769826016x
======[Agent] Wallclock_time = 2025-06-09 16:28:22.055886 / 1080.861999 / Sim_time = 377.1000056192279 / 0.34888788492909445x
======[Agent] Wallclock_time = 2025-06-09 16:28:22.175759 / 1080.981872 / Sim_time = 377.15000561997294 / 0.3488954500474018x
======[Agent] Wallclock_time = 2025-06-09 16:28:22.303673 / 1081.109786 / Sim_time = 377.200005620718 / 0.34890041844492153x
======[Agent] Wallclock_time = 2025-06-09 16:28:22.418311 / 1081.224424 / Sim_time = 377.25000562146306 / 0.3489096697576944x
======[Agent] Wallclock_time = 2025-06-09 16:28:22.544110 / 1081.350223 / Sim_time = 377.3000056222081 / 0.34891531779606466x
======[Agent] Wallclock_time = 2025-06-09 16:28:22.691547 / 1081.49766 / Sim_time = 377.3500056229532 / 0.34891398351150354x
======[Agent] Wallclock_time = 2025-06-09 16:28:22.803713 / 1081.609826 / Sim_time = 377.40000562369823 / 0.3489240275260505x
======[Agent] Wallclock_time = 2025-06-09 16:28:22.913962 / 1081.720075 / Sim_time = 377.4500056244433 / 0.34893468783017223x
======[Agent] Wallclock_time = 2025-06-09 16:28:23.045819 / 1081.851932 / Sim_time = 377.50000562518835 / 0.3489383764272946x
======[Agent] Wallclock_time = 2025-06-09 16:28:23.182573 / 1081.988686 / Sim_time = 377.5500056259334 / 0.3489404848411221x
======[Agent] Wallclock_time = 2025-06-09 16:28:23.299349 / 1082.105462 / Sim_time = 377.60000562667847 / 0.34894903494872437x
======[Agent] Wallclock_time = 2025-06-09 16:28:23.420138 / 1082.226251 / Sim_time = 377.6500056274235 / 0.34895628924374916x
======[Agent] Wallclock_time = 2025-06-09 16:28:23.537200 / 1082.343313 / Sim_time = 377.7000056281686 / 0.34896474355861334x
======[Agent] Wallclock_time = 2025-06-09 16:28:23.656680 / 1082.462793 / Sim_time = 377.75000562891364 / 0.34897241651103766x
======[Agent] Wallclock_time = 2025-06-09 16:28:23.761875 / 1082.567988 / Sim_time = 377.8000056296587 / 0.3489846927239511x
======[Agent] Wallclock_time = 2025-06-09 16:28:23.867454 / 1082.673567 / Sim_time = 377.85000563040376 / 0.34899684277002485x
======[Agent] Wallclock_time = 2025-06-09 16:28:23.986094 / 1082.792207 / Sim_time = 377.9000056311488 / 0.34900478058794177x
======[Agent] Wallclock_time = 2025-06-09 16:28:24.107901 / 1082.914014 / Sim_time = 377.9500056318939 / 0.3490116959740424x
======[Agent] Wallclock_time = 2025-06-09 16:28:24.218848 / 1083.024961 / Sim_time = 378.00000563263893 / 0.3490221095749328x
======[Agent] Wallclock_time = 2025-06-09 16:28:24.362917 / 1083.16903 / Sim_time = 378.050005633384 / 0.34902184805961073x
======[Agent] Wallclock_time = 2025-06-09 16:28:24.486860 / 1083.292973 / Sim_time = 378.10000563412905 / 0.34902807091877824x
======[Agent] Wallclock_time = 2025-06-09 16:28:24.601854 / 1083.407967 / Sim_time = 378.1500056348741 / 0.34903717539091966x
======[Agent] Wallclock_time = 2025-06-09 16:28:24.754207 / 1083.56032 / Sim_time = 378.20000563561916 / 0.349034243521741x
======[Agent] Wallclock_time = 2025-06-09 16:28:24.884494 / 1083.690607 / Sim_time = 378.2500056363642 / 0.3490384194111086x
======[Agent] Wallclock_time = 2025-06-09 16:28:25.019328 / 1083.825441 / Sim_time = 378.3000056371093 / 0.3490411299507218x
======[Agent] Wallclock_time = 2025-06-09 16:28:25.135048 / 1083.941161 / Sim_time = 378.35000563785434 / 0.34904999477906123x
======[Agent] Wallclock_time = 2025-06-09 16:28:25.278811 / 1084.084924 / Sim_time = 378.4000056385994 / 0.349049828303646x
======[Agent] Wallclock_time = 2025-06-09 16:28:25.397407 / 1084.20352 / Sim_time = 378.45000563934445 / 0.3490577641562908x
======[Agent] Wallclock_time = 2025-06-09 16:28:25.547687 / 1084.3538 / Sim_time = 378.5000056400895 / 0.3490554988460322x
======[Agent] Wallclock_time = 2025-06-09 16:28:25.686410 / 1084.492523 / Sim_time = 378.55000564083457 / 0.3490569538798754x
======[Agent] Wallclock_time = 2025-06-09 16:28:25.820181 / 1084.626294 / Sim_time = 378.6000056415796 / 0.3490600022108421x
======[Agent] Wallclock_time = 2025-06-09 16:28:25.963661 / 1084.769774 / Sim_time = 378.6500056423247 / 0.34905992557864085x
======[Agent] Wallclock_time = 2025-06-09 16:28:26.089580 / 1084.895693 / Sim_time = 378.70000564306974 / 0.3490654991268093x
======[Agent] Wallclock_time = 2025-06-09 16:28:26.194390 / 1085.000503 / Sim_time = 378.7500056438148 / 0.3490778626541818x
======[Agent] Wallclock_time = 2025-06-09 16:28:26.315997 / 1085.12211 / Sim_time = 378.80000564455986 / 0.34908482010355474x
======[Agent] Wallclock_time = 2025-06-09 16:28:26.442740 / 1085.248853 / Sim_time = 378.8500056453049 / 0.34909012389915056x
======[Agent] Wallclock_time = 2025-06-09 16:28:26.574455 / 1085.380568 / Sim_time = 378.90000564605 / 0.3490938272926798x
======[Agent] Wallclock_time = 2025-06-09 16:28:26.706750 / 1085.512863 / Sim_time = 378.95000564679503 / 0.3490973432614698x
======[Agent] Wallclock_time = 2025-06-09 16:28:26.820411 / 1085.626524 / Sim_time = 379.0000056475401 / 0.34910685043348266x
======[Agent] Wallclock_time = 2025-06-09 16:28:26.953160 / 1085.759273 / Sim_time = 379.05000564828515 / 0.34911021804192055x
======[Agent] Wallclock_time = 2025-06-09 16:28:27.081637 / 1085.88775 / Sim_time = 379.1000056490302 / 0.34911495827637057x
======[Agent] Wallclock_time = 2025-06-09 16:28:27.196370 / 1086.002483 / Sim_time = 379.15000564977527 / 0.3491241157002581x
======[Agent] Wallclock_time = 2025-06-09 16:28:27.307053 / 1086.113166 / Sim_time = 379.2000056505203 / 0.34913457306892387x
======[Agent] Wallclock_time = 2025-06-09 16:28:27.425638 / 1086.231751 / Sim_time = 379.2500056512654 / 0.3491424883866951x
======[Agent] Wallclock_time = 2025-06-09 16:28:27.546110 / 1086.352223 / Sim_time = 379.30000565201044 / 0.3491497955007314x
======[Agent] Wallclock_time = 2025-06-09 16:28:27.667088 / 1086.473201 / Sim_time = 379.3500056527555 / 0.34915693838252077x
======[Agent] Wallclock_time = 2025-06-09 16:28:27.789766 / 1086.595879 / Sim_time = 379.40000565350056 / 0.34916353340041256x
======[Agent] Wallclock_time = 2025-06-09 16:28:27.911796 / 1086.717909 / Sim_time = 379.4500056542456 / 0.34917033513608037x
======[Agent] Wallclock_time = 2025-06-09 16:28:28.048837 / 1086.85495 / Sim_time = 379.5000056549907 / 0.34917231271999816x
======[Agent] Wallclock_time = 2025-06-09 16:28:28.184749 / 1086.990862 / Sim_time = 379.55000565573573 / 0.349174652473834x
======[Agent] Wallclock_time = 2025-06-09 16:28:28.316500 / 1087.122613 / Sim_time = 379.6000056564808 / 0.3491783281286162x
======[Agent] Wallclock_time = 2025-06-09 16:28:28.427604 / 1087.233717 / Sim_time = 379.65000565722585 / 0.3491886339913719x
======[Agent] Wallclock_time = 2025-06-09 16:28:28.572156 / 1087.378269 / Sim_time = 379.7000056579709 / 0.3491881963200927x
======[Agent] Wallclock_time = 2025-06-09 16:28:28.714091 / 1087.520204 / Sim_time = 379.75000565871596 / 0.34918859904704536x
======[Agent] Wallclock_time = 2025-06-09 16:28:28.844992 / 1087.651105 / Sim_time = 379.800005659461 / 0.3491925441172764x
======[Agent] Wallclock_time = 2025-06-09 16:28:28.982157 / 1087.78827 / Sim_time = 379.8500056602061 / 0.3491944774011294x
======[Agent] Wallclock_time = 2025-06-09 16:28:29.116315 / 1087.922428 / Sim_time = 379.90000566095114 / 0.34919737536983264x
======[Agent] Wallclock_time = 2025-06-09 16:28:29.242803 / 1088.048916 / Sim_time = 379.9500056616962 / 0.3492027342444979x
======[Agent] Wallclock_time = 2025-06-09 16:28:29.363956 / 1088.170069 / Sim_time = 380.00000566244125 / 0.3492098039434655x
======[Agent] Wallclock_time = 2025-06-09 16:28:29.505670 / 1088.311783 / Sim_time = 380.0500056631863 / 0.3492102744723401x
======[Agent] Wallclock_time = 2025-06-09 16:28:29.627493 / 1088.433606 / Sim_time = 380.10000566393137 / 0.3492171266593589x
======[Agent] Wallclock_time = 2025-06-09 16:28:29.772163 / 1088.578276 / Sim_time = 380.1500056646764 / 0.3492166478325245x
======[Agent] Wallclock_time = 2025-06-09 16:28:29.918456 / 1088.724569 / Sim_time = 380.2000056654215 / 0.349215648544598x
======[Agent] Wallclock_time = 2025-06-09 16:28:30.034772 / 1088.840885 / Sim_time = 380.25000566616654 / 0.3492242637838703x
======[Agent] Wallclock_time = 2025-06-09 16:28:30.154709 / 1088.960822 / Sim_time = 380.3000056669116 / 0.349231715918606x
======[Agent] Wallclock_time = 2025-06-09 16:28:30.279379 / 1089.085492 / Sim_time = 380.35000566765666 / 0.3492376486730465x
======[Agent] Wallclock_time = 2025-06-09 16:28:30.394348 / 1089.200461 / Sim_time = 380.4000056684017 / 0.3492466906160363x
======[Agent] Wallclock_time = 2025-06-09 16:28:30.542011 / 1089.348124 / Sim_time = 380.4500056691468 / 0.3492452486418365x
======[Agent] Wallclock_time = 2025-06-09 16:28:30.673863 / 1089.479976 / Sim_time = 380.50000566989183 / 0.349248875429553x
======[Agent] Wallclock_time = 2025-06-09 16:28:30.790700 / 1089.596813 / Sim_time = 380.5500056706369 / 0.34925731414866273x
======[Agent] Wallclock_time = 2025-06-09 16:28:30.922220 / 1089.728333 / Sim_time = 380.60000567138195 / 0.3492610450556551x
======[Agent] Wallclock_time = 2025-06-09 16:28:31.063934 / 1089.870047 / Sim_time = 380.650005672127 / 0.349261508248991x
======[Agent] Wallclock_time = 2025-06-09 16:28:31.200070 / 1090.006183 / Sim_time = 380.70000567287207 / 0.3492637586342145x
======[Agent] Wallclock_time = 2025-06-09 16:28:31.321105 / 1090.127218 / Sim_time = 380.7500056736171 / 0.3492708466644032x
======[Agent] Wallclock_time = 2025-06-09 16:28:31.435747 / 1090.24186 / Sim_time = 380.8000056743622 / 0.34927998122763415x
======[Agent] Wallclock_time = 2025-06-09 16:28:31.561985 / 1090.368098 / Sim_time = 380.85000567510724 / 0.34928539920443274x
======[Agent] Wallclock_time = 2025-06-09 16:28:31.682866 / 1090.488979 / Sim_time = 380.9000056758523 / 0.3492925318077153x
======[Agent] Wallclock_time = 2025-06-09 16:28:31.812606 / 1090.618719 / Sim_time = 380.95000567659736 / 0.3492968255020129x
======[Agent] Wallclock_time = 2025-06-09 16:28:31.936887 / 1090.743 / Sim_time = 381.0000056773424 / 0.34930286637134145x
======[Agent] Wallclock_time = 2025-06-09 16:28:32.062793 / 1090.868906 / Sim_time = 381.0500056780875 / 0.3493083855208006x
======[Agent] Wallclock_time = 2025-06-09 16:28:32.189580 / 1090.995693 / Sim_time = 381.10000567883253 / 0.34931362131895344x
======[Agent] Wallclock_time = 2025-06-09 16:28:32.317848 / 1091.123961 / Sim_time = 381.1500056795776 / 0.3493183817646873x
======[Agent] Wallclock_time = 2025-06-09 16:28:32.442841 / 1091.248954 / Sim_time = 381.20000568032265 / 0.3493241894609259x
======[Agent] Wallclock_time = 2025-06-09 16:28:32.555188 / 1091.361301 / Sim_time = 381.2500056810677 / 0.34933404363677734x
======[Agent] Wallclock_time = 2025-06-09 16:28:32.688747 / 1091.49486 / Sim_time = 381.30000568181276 / 0.34933710667653173x
======[Agent] Wallclock_time = 2025-06-09 16:28:32.824455 / 1091.630568 / Sim_time = 381.3500056825578 / 0.34933948125120345x
======[Agent] Wallclock_time = 2025-06-09 16:28:32.962809 / 1091.768922 / Sim_time = 381.4000056833029 / 0.349341008574976x
======[Agent] Wallclock_time = 2025-06-09 16:28:33.058176 / 1091.864289 / Sim_time = 381.45000568404794 / 0.3493562892116519x
======[Agent] Wallclock_time = 2025-06-09 16:28:33.155664 / 1091.961777 / Sim_time = 381.500005684793 / 0.34937088856902765x
======[Agent] Wallclock_time = 2025-06-09 16:28:33.250427 / 1092.05654 / Sim_time = 381.55000568553805 / 0.34938635713786476x
======[Agent] Wallclock_time = 2025-06-09 16:28:33.352425 / 1092.158538 / Sim_time = 381.6000056862831 / 0.3493995084134706x
======[Agent] Wallclock_time = 2025-06-09 16:28:33.466330 / 1092.272443 / Sim_time = 381.65000568702817 / 0.3494088482448146x
======[Agent] Wallclock_time = 2025-06-09 16:28:33.573773 / 1092.379886 / Sim_time = 381.7000056877732 / 0.34942025311835534x
======[Agent] Wallclock_time = 2025-06-09 16:28:33.681076 / 1092.487189 / Sim_time = 381.7500056885183 / 0.34943170052753614x
======[Agent] Wallclock_time = 2025-06-09 16:28:33.782386 / 1092.588499 / Sim_time = 381.80000568926334 / 0.3494450624307743x
======[Agent] Wallclock_time = 2025-06-09 16:28:33.895341 / 1092.701454 / Sim_time = 381.8500056900084 / 0.3494546976555142x
======[Agent] Wallclock_time = 2025-06-09 16:28:34.002016 / 1092.808129 / Sim_time = 381.90000569075346 / 0.3494663391403216x
======[Agent] Wallclock_time = 2025-06-09 16:28:34.136428 / 1092.942541 / Sim_time = 381.9500056914985 / 0.34946910921128593x
======[Agent] Wallclock_time = 2025-06-09 16:28:34.264519 / 1093.070632 / Sim_time = 382.0000056922436 / 0.3494738995222992x
======[Agent] Wallclock_time = 2025-06-09 16:28:34.424432 / 1093.230545 / Sim_time = 382.05000569298863 / 0.3494685160159632x
======[Agent] Wallclock_time = 2025-06-09 16:28:34.559828 / 1093.365941 / Sim_time = 382.1000056937337 / 0.34947097023462476x
======[Agent] Wallclock_time = 2025-06-09 16:28:34.676361 / 1093.482474 / Sim_time = 382.15000569447875 / 0.34947945239314954x
======[Agent] Wallclock_time = 2025-06-09 16:28:34.816799 / 1093.622912 / Sim_time = 382.2000056952238 / 0.34948029345505366x
======[Agent] Wallclock_time = 2025-06-09 16:28:34.940443 / 1093.746556 / Sim_time = 382.25000569596887 / 0.34948650042603513x
======[Agent] Wallclock_time = 2025-06-09 16:28:35.051126 / 1093.857239 / Sim_time = 382.3000056967139 / 0.3494968470925545x
======[Agent] Wallclock_time = 2025-06-09 16:28:35.175649 / 1093.981762 / Sim_time = 382.350005697459 / 0.34950277004223856x
======[Agent] Wallclock_time = 2025-06-09 16:28:35.295781 / 1094.101894 / Sim_time = 382.40000569820404 / 0.3495100943387177x
======[Agent] Wallclock_time = 2025-06-09 16:28:35.425250 / 1094.231363 / Sim_time = 382.4500056989491 / 0.34951443462191684x
======[Agent] Wallclock_time = 2025-06-09 16:28:35.537642 / 1094.343755 / Sim_time = 382.50000569969416 / 0.3495242280388086x
======[Agent] Wallclock_time = 2025-06-09 16:28:35.676505 / 1094.482618 / Sim_time = 382.5500057004392 / 0.3495255656722303x
======[Agent] Wallclock_time = 2025-06-09 16:28:35.805931 / 1094.612044 / Sim_time = 382.6000057011843 / 0.34952991634656994x
======[Agent] Wallclock_time = 2025-06-09 16:28:35.938891 / 1094.745004 / Sim_time = 382.65000570192933 / 0.34953313764452826x
======[Agent] Wallclock_time = 2025-06-09 16:28:36.052914 / 1094.859027 / Sim_time = 382.7000057026744 / 0.3495424038370472x
======[Agent] Wallclock_time = 2025-06-09 16:28:36.177393 / 1094.983506 / Sim_time = 382.75000570341945 / 0.3495483302331033x
======[Agent] Wallclock_time = 2025-06-09 16:28:36.294935 / 1095.101048 / Sim_time = 382.8000057041645 / 0.34955646955758823x
======[Agent] Wallclock_time = 2025-06-09 16:28:36.415339 / 1095.221452 / Sim_time = 382.85000570490956 / 0.34956369366404255x
======[Agent] Wallclock_time = 2025-06-09 16:28:36.532414 / 1095.338527 / Sim_time = 382.9000057056546 / 0.34957197861230344x
======[Agent] Wallclock_time = 2025-06-09 16:28:36.654342 / 1095.460455 / Sim_time = 382.9500057063997 / 0.34957871311537814x
======[Agent] Wallclock_time = 2025-06-09 16:28:36.795938 / 1095.602051 / Sim_time = 383.00000570714474 / 0.3495791704464181x
======[Agent] Wallclock_time = 2025-06-09 16:28:36.927965 / 1095.734078 / Sim_time = 383.0500057078898 / 0.3495826805207835x
======[Agent] Wallclock_time = 2025-06-09 16:28:37.078084 / 1095.884197 / Sim_time = 383.10000570863485 / 0.3495804184209953x
======[Agent] Wallclock_time = 2025-06-09 16:28:37.230216 / 1096.036329 / Sim_time = 383.1500057093799 / 0.34957751489993266x
======[Agent] Wallclock_time = 2025-06-09 16:28:37.353888 / 1096.160001 / Sim_time = 383.20000571012497 / 0.34958368830905434x
======[Agent] Wallclock_time = 2025-06-09 16:28:37.483940 / 1096.290053 / Sim_time = 383.25000571087 / 0.3495878258443381x
======[Agent] Wallclock_time = 2025-06-09 16:28:37.604431 / 1096.410544 / Sim_time = 383.3000057116151 / 0.3495950109328793x
======[Agent] Wallclock_time = 2025-06-09 16:28:37.728242 / 1096.534355 / Sim_time = 383.35000571236014 / 0.3496011359454617x
======[Agent] Wallclock_time = 2025-06-09 16:28:37.840141 / 1096.646254 / Sim_time = 383.4000057131052 / 0.34961105707843704x
======[Agent] Wallclock_time = 2025-06-09 16:28:37.986366 / 1096.792479 / Sim_time = 383.45000571385026 / 0.3496100342094123x
======[Agent] Wallclock_time = 2025-06-09 16:28:38.102656 / 1096.908769 / Sim_time = 383.5000057145953 / 0.3496185525489612x
======[Agent] Wallclock_time = 2025-06-09 16:28:38.230183 / 1097.036296 / Sim_time = 383.5500057153404 / 0.34962348783750047x
======[Agent] Wallclock_time = 2025-06-09 16:28:38.352634 / 1097.158747 / Sim_time = 383.60000571608543 / 0.3496300395315956x
======[Agent] Wallclock_time = 2025-06-09 16:28:38.471044 / 1097.277157 / Sim_time = 383.6500057168305 / 0.3496378773872107x
======[Agent] Wallclock_time = 2025-06-09 16:28:38.587392 / 1097.393505 / Sim_time = 383.70000571757555 / 0.3496463705343372x
======[Agent] Wallclock_time = 2025-06-09 16:28:38.718114 / 1097.524227 / Sim_time = 383.7500057183206 / 0.349650282542727x
======[Agent] Wallclock_time = 2025-06-09 16:28:38.846892 / 1097.653005 / Sim_time = 383.80000571906567 / 0.349654812874359x
======[Agent] Wallclock_time = 2025-06-09 16:28:38.992252 / 1097.798365 / Sim_time = 383.8500057198107 / 0.3496540606213693x
======[Agent] Wallclock_time = 2025-06-09 16:28:39.120425 / 1097.926538 / Sim_time = 383.9000057205558 / 0.34965878205393536x
======[Agent] Wallclock_time = 2025-06-09 16:28:39.248113 / 1098.054226 / Sim_time = 383.95000572130084 / 0.3496636568271302x
======[Agent] Wallclock_time = 2025-06-09 16:28:39.351899 / 1098.158012 / Sim_time = 384.0000057220459 / 0.34967614118350093x
======[Agent] Wallclock_time = 2025-06-09 16:28:39.464239 / 1098.270352 / Sim_time = 384.05000572279096 / 0.3496858995943208x
======[Agent] Wallclock_time = 2025-06-09 16:28:39.607914 / 1098.414027 / Sim_time = 384.100005723536 / 0.3496856800772228x
======[Agent] Wallclock_time = 2025-06-09 16:28:39.750179 / 1098.556292 / Sim_time = 384.1500057242811 / 0.34968590943937866x
======[Agent] Wallclock_time = 2025-06-09 16:28:39.883787 / 1098.6899 / Sim_time = 384.20000572502613 / 0.34968889405111675x
======[Agent] Wallclock_time = 2025-06-09 16:28:40.011321 / 1098.817434 / Sim_time = 384.2500057257712 / 0.349693810948362x
======[Agent] Wallclock_time = 2025-06-09 16:28:40.136739 / 1098.942852 / Sim_time = 384.30000572651625 / 0.3496994000440673x
======[Agent] Wallclock_time = 2025-06-09 16:28:40.268217 / 1099.07433 / Sim_time = 384.3500057272613 / 0.34970305968678356x
======[Agent] Wallclock_time = 2025-06-09 16:28:40.393442 / 1099.199555 / Sim_time = 384.40000572800636 / 0.34970870782357494x
======[Agent] Wallclock_time = 2025-06-09 16:28:40.508740 / 1099.314853 / Sim_time = 384.4500057287514 / 0.349717512650799x
======[Agent] Wallclock_time = 2025-06-09 16:28:40.639124 / 1099.445237 / Sim_time = 384.5000057294965 / 0.34972151687804315x
======[Agent] Wallclock_time = 2025-06-09 16:28:40.755756 / 1099.561869 / Sim_time = 384.55000573024154 / 0.349729894098708x
======[Agent] Wallclock_time = 2025-06-09 16:28:40.925985 / 1099.732098 / Sim_time = 384.6000057309866 / 0.34972122456842397x
======[Agent] Wallclock_time = 2025-06-09 16:28:41.062871 / 1099.868984 / Sim_time = 384.65000573173165 / 0.34972315939820364x
======[Agent] Wallclock_time = 2025-06-09 16:28:41.189314 / 1099.995427 / Sim_time = 384.7000057324767 / 0.3497284139200906x
======[Agent] Wallclock_time = 2025-06-09 16:28:41.323484 / 1100.129597 / Sim_time = 384.75000573322177 / 0.34973121080571284x
======[Agent] Wallclock_time = 2025-06-09 16:28:41.459339 / 1100.265452 / Sim_time = 384.8000057339668 / 0.3497334714100388x
======[Agent] Wallclock_time = 2025-06-09 16:28:41.610704 / 1100.416817 / Sim_time = 384.8500057347119 / 0.34973080205471796x
======[Agent] Wallclock_time = 2025-06-09 16:28:41.754358 / 1100.560471 / Sim_time = 384.90000573545694 / 0.3497305837771391x
======[Agent] Wallclock_time = 2025-06-09 16:28:41.880552 / 1100.686665 / Sim_time = 384.950005736202 / 0.34973591326309816x
======[Agent] Wallclock_time = 2025-06-09 16:28:42.007165 / 1100.813278 / Sim_time = 385.00000573694706 / 0.3497411084060694x
======[Agent] Wallclock_time = 2025-06-09 16:28:42.184850 / 1100.990963 / Sim_time = 385.0500057376921 / 0.34973007858159283x
======[Agent] Wallclock_time = 2025-06-09 16:28:42.323075 / 1101.129188 / Sim_time = 385.1000057384372 / 0.34973158481641514x
======[Agent] Wallclock_time = 2025-06-09 16:28:42.456420 / 1101.262533 / Sim_time = 385.15000573918223 / 0.34973464043613456x
======[Agent] Wallclock_time = 2025-06-09 16:28:42.605145 / 1101.411258 / Sim_time = 385.2000057399273 / 0.34973281161714403x
======[Agent] Wallclock_time = 2025-06-09 16:28:42.757338 / 1101.563451 / Sim_time = 385.25000574067235 / 0.34972988225150375x
======[Agent] Wallclock_time = 2025-06-09 16:28:42.893901 / 1101.700014 / Sim_time = 385.3000057414174 / 0.3497319153247302x
======[Agent] Wallclock_time = 2025-06-09 16:28:43.020790 / 1101.826903 / Sim_time = 385.35000574216247 / 0.34973701854250694x
======[Agent] Wallclock_time = 2025-06-09 16:28:43.147703 / 1101.953816 / Sim_time = 385.4000057429075 / 0.34974211296782204x
======[Agent] Wallclock_time = 2025-06-09 16:28:43.274739 / 1102.080852 / Sim_time = 385.4500057436526 / 0.34974716718559357x
======[Agent] Wallclock_time = 2025-06-09 16:28:43.393649 / 1102.199762 / Sim_time = 385.50000574439764 / 0.3497547987944484x
======[Agent] Wallclock_time = 2025-06-09 16:28:43.541236 / 1102.347349 / Sim_time = 385.5500057451427 / 0.349753329875167x
======[Agent] Wallclock_time = 2025-06-09 16:28:43.669206 / 1102.475319 / Sim_time = 385.60000574588776 / 0.3497580846867041x
======[Agent] Wallclock_time = 2025-06-09 16:28:43.795910 / 1102.602023 / Sim_time = 385.6500057466328 / 0.34976323998944164x
======[Agent] Wallclock_time = 2025-06-09 16:28:43.952228 / 1102.758341 / Sim_time = 385.7000057473779 / 0.34975900126823584x
======[Agent] Wallclock_time = 2025-06-09 16:28:44.078025 / 1102.884138 / Sim_time = 385.75000574812293 / 0.3497644427847236x
======[Agent] Wallclock_time = 2025-06-09 16:28:44.220342 / 1103.026455 / Sim_time = 385.800005748868 / 0.3497646445698562x
======[Agent] Wallclock_time = 2025-06-09 16:28:44.350048 / 1103.156161 / Sim_time = 385.85000574961305 / 0.3497688447218565x
======[Agent] Wallclock_time = 2025-06-09 16:28:44.456970 / 1103.263083 / Sim_time = 385.9000057503581 / 0.3497802672058509x
======[Agent] Wallclock_time = 2025-06-09 16:28:44.583253 / 1103.389366 / Sim_time = 385.95000575110316 / 0.34978554974178844x
======[Agent] Wallclock_time = 2025-06-09 16:28:44.699884 / 1103.505997 / Sim_time = 386.0000057518482 / 0.3497938905700008x
======[Agent] Wallclock_time = 2025-06-09 16:28:44.829755 / 1103.635868 / Sim_time = 386.0500057525933 / 0.34979803316301794x
======[Agent] Wallclock_time = 2025-06-09 16:28:44.960364 / 1103.766477 / Sim_time = 386.10000575333834 / 0.34980194089677674x
======[Agent] Wallclock_time = 2025-06-09 16:28:45.089463 / 1103.895576 / Sim_time = 386.1500057540834 / 0.34980632619888063x
======[Agent] Wallclock_time = 2025-06-09 16:28:45.208089 / 1104.014202 / Sim_time = 386.20000575482845 / 0.34981402887858826x
======[Agent] Wallclock_time = 2025-06-09 16:28:45.317380 / 1104.123493 / Sim_time = 386.2500057555735 / 0.34982468752785245x
======[Agent] Wallclock_time = 2025-06-09 16:28:45.433242 / 1104.239355 / Sim_time = 386.30000575631857 / 0.34983326230304146x
======[Agent] Wallclock_time = 2025-06-09 16:28:45.552411 / 1104.358524 / Sim_time = 386.3500057570636 / 0.3498407876790889x
======[Agent] Wallclock_time = 2025-06-09 16:28:45.662539 / 1104.468652 / Sim_time = 386.4000057578087 / 0.3498511752297642x
======[Agent] Wallclock_time = 2025-06-09 16:28:45.786059 / 1104.592172 / Sim_time = 386.45000575855374 / 0.349857319015325x
======[Agent] Wallclock_time = 2025-06-09 16:28:45.900912 / 1104.707025 / Sim_time = 386.5000057592988 / 0.3498662062849583x
======[Agent] Wallclock_time = 2025-06-09 16:28:46.011896 / 1104.818009 / Sim_time = 386.55000576004386 / 0.34987631694527066x
======[Agent] Wallclock_time = 2025-06-09 16:28:46.166579 / 1104.972692 / Sim_time = 386.6000057607889 / 0.34987258842429425x
======[Agent] Wallclock_time = 2025-06-09 16:28:46.293153 / 1105.099266 / Sim_time = 386.650005761534 / 0.34987776010682275x
======[Agent] Wallclock_time = 2025-06-09 16:28:46.417782 / 1105.223895 / Sim_time = 386.70000576227903 / 0.34988354633676527x
======[Agent] Wallclock_time = 2025-06-09 16:28:46.544794 / 1105.350907 / Sim_time = 386.7500057630241 / 0.3498885769444139x
======[Agent] Wallclock_time = 2025-06-09 16:28:46.710906 / 1105.517019 / Sim_time = 386.80000576376915 / 0.3498812313467766x
======[Agent] Wallclock_time = 2025-06-09 16:28:46.830343 / 1105.636456 / Sim_time = 386.8500057645142 / 0.3498886580453496x
======[Agent] Wallclock_time = 2025-06-09 16:28:46.966368 / 1105.772481 / Sim_time = 386.90000576525927 / 0.34989083425600737x
======[Agent] Wallclock_time = 2025-06-09 16:28:47.081795 / 1105.887908 / Sim_time = 386.9500057660043 / 0.34989952694778664x
======[Agent] Wallclock_time = 2025-06-09 16:28:47.221329 / 1106.027442 / Sim_time = 387.0000057667494 / 0.3499005912243524x
======[Agent] Wallclock_time = 2025-06-09 16:28:47.333448 / 1106.139561 / Sim_time = 387.05000576749444 / 0.34991032732547495x
======[Agent] Wallclock_time = 2025-06-09 16:28:47.448177 / 1106.25429 / Sim_time = 387.1000057682395 / 0.3499192358829213x
======[Agent] Wallclock_time = 2025-06-09 16:28:47.564685 / 1106.370798 / Sim_time = 387.15000576898456 / 0.34992757992280693x
======[Agent] Wallclock_time = 2025-06-09 16:28:47.696800 / 1106.502913 / Sim_time = 387.2000057697296 / 0.34993098643450493x
======[Agent] Wallclock_time = 2025-06-09 16:28:47.817665 / 1106.623778 / Sim_time = 387.2500057704747 / 0.34993794958246877x
======[Agent] Wallclock_time = 2025-06-09 16:28:47.974168 / 1106.780281 / Sim_time = 387.30000577121973 / 0.34993364309639036x
======[Agent] Wallclock_time = 2025-06-09 16:28:48.120713 / 1106.926826 / Sim_time = 387.3500057719648 / 0.3499324858167987x
======[Agent] Wallclock_time = 2025-06-09 16:28:48.258880 / 1107.064993 / Sim_time = 387.40000577270985 / 0.3499339770368232x
======[Agent] Wallclock_time = 2025-06-09 16:28:48.392774 / 1107.198887 / Sim_time = 387.4500057734549 / 0.34993681838540047x
======[Agent] Wallclock_time = 2025-06-09 16:28:48.528958 / 1107.335071 / Sim_time = 387.50000577419996 / 0.34993893536246956x
======[Agent] Wallclock_time = 2025-06-09 16:28:48.684286 / 1107.490399 / Sim_time = 387.550005774945 / 0.34993500276831047x
======[Agent] Wallclock_time = 2025-06-09 16:28:48.819910 / 1107.626023 / Sim_time = 387.6000057756901 / 0.34993729633453524x
======[Agent] Wallclock_time = 2025-06-09 16:28:48.974733 / 1107.780846 / Sim_time = 387.65000577643514 / 0.3499335245257622x
======[Agent] Wallclock_time = 2025-06-09 16:28:49.115018 / 1107.921131 / Sim_time = 387.7000057771802 / 0.3499343455006588x
======[Agent] Wallclock_time = 2025-06-09 16:28:49.258318 / 1108.064431 / Sim_time = 387.75000577792525 / 0.3499342141086299x
======[Agent] Wallclock_time = 2025-06-09 16:28:49.387571 / 1108.193684 / Sim_time = 387.8000057786703 / 0.3499385183647662x
======[Agent] Wallclock_time = 2025-06-09 16:28:49.517815 / 1108.323928 / Sim_time = 387.85000577941537 / 0.3499425087183597x
======[Agent] Wallclock_time = 2025-06-09 16:28:49.638440 / 1108.444553 / Sim_time = 387.9000057801604 / 0.3499495349413526x
======[Agent] Wallclock_time = 2025-06-09 16:28:49.788925 / 1108.595038 / Sim_time = 387.9500057809055 / 0.34994713356616336x
======[Agent] Wallclock_time = 2025-06-09 16:28:49.923454 / 1108.729567 / Sim_time = 388.00000578165054 / 0.34994976897904045x
======[Agent] Wallclock_time = 2025-06-09 16:28:50.048046 / 1108.854159 / Sim_time = 388.0500057823956 / 0.34995553984918204x
======[Agent] Wallclock_time = 2025-06-09 16:28:50.168453 / 1108.974566 / Sim_time = 388.10000578314066 / 0.3499626300902112x
======[Agent] Wallclock_time = 2025-06-09 16:28:50.324459 / 1109.130572 / Sim_time = 388.1500057838857 / 0.3499584860648847x
======[Agent] Wallclock_time = 2025-06-09 16:28:50.451943 / 1109.258056 / Sim_time = 388.2000057846308 / 0.34996334146189817x
======[Agent] Wallclock_time = 2025-06-09 16:28:50.575890 / 1109.382003 / Sim_time = 388.25000578537583 / 0.3499693115321471x
======[Agent] Wallclock_time = 2025-06-09 16:28:50.726764 / 1109.532877 / Sim_time = 388.3000057861209 / 0.34996678680602455x
======[Agent] Wallclock_time = 2025-06-09 16:28:50.855066 / 1109.661179 / Sim_time = 388.35000578686595 / 0.34997138150354673x
======[Agent] Wallclock_time = 2025-06-09 16:28:50.981339 / 1109.787452 / Sim_time = 388.400005787611 / 0.3499766149914948x
======[Agent] Wallclock_time = 2025-06-09 16:28:51.104590 / 1109.910703 / Sim_time = 388.45000578835607 / 0.3499828001978965x
======[Agent] Wallclock_time = 2025-06-09 16:28:51.235450 / 1110.041563 / Sim_time = 388.5000057891011 / 0.34998658496404084x
======[Agent] Wallclock_time = 2025-06-09 16:28:51.354994 / 1110.161107 / Sim_time = 388.5500057898462 / 0.34999393632685594x
======[Agent] Wallclock_time = 2025-06-09 16:28:51.511838 / 1110.317951 / Sim_time = 388.60000579059124 / 0.34998952818071033x
======[Agent] Wallclock_time = 2025-06-09 16:28:51.639545 / 1110.445658 / Sim_time = 388.6500057913363 / 0.3499943045362709x
======[Agent] Wallclock_time = 2025-06-09 16:28:51.770160 / 1110.576273 / Sim_time = 388.70000579208136 / 0.34999816333543987x
======[Agent] Wallclock_time = 2025-06-09 16:28:51.897806 / 1110.703919 / Sim_time = 388.7500057928264 / 0.3500029568094732x
======[Agent] Wallclock_time = 2025-06-09 16:28:52.016991 / 1110.823104 / Sim_time = 388.8000057935715 / 0.3500104151445128x
======[Agent] Wallclock_time = 2025-06-09 16:28:52.134801 / 1110.940914 / Sim_time = 388.85000579431653 / 0.3500183050923367x
======[Agent] Wallclock_time = 2025-06-09 16:28:52.263436 / 1111.069549 / Sim_time = 388.9000057950616 / 0.3500227831122734x
======[Agent] Wallclock_time = 2025-06-09 16:28:52.385452 / 1111.191565 / Sim_time = 388.95000579580665 / 0.35002934508998146x
======[Agent] Wallclock_time = 2025-06-09 16:28:52.512883 / 1111.318996 / Sim_time = 389.0000057965517 / 0.35003420004741076x
======[Agent] Wallclock_time = 2025-06-09 16:28:52.621335 / 1111.427448 / Sim_time = 389.05000579729676 / 0.3500450312365019x
======[Agent] Wallclock_time = 2025-06-09 16:28:52.744430 / 1111.550543 / Sim_time = 389.1000057980418 / 0.35005124885876915x
======[Agent] Wallclock_time = 2025-06-09 16:28:52.878596 / 1111.684709 / Sim_time = 389.1500057987869 / 0.35005397896932655x
======[Agent] Wallclock_time = 2025-06-09 16:28:53.006744 / 1111.812857 / Sim_time = 389.20000579953194 / 0.35005860319973686x
======[Agent] Wallclock_time = 2025-06-09 16:28:53.133337 / 1111.93945 / Sim_time = 389.250005800277 / 0.35006371591237373x
======[Agent] Wallclock_time = 2025-06-09 16:28:53.262608 / 1112.068721 / Sim_time = 389.30000580102205 / 0.3500679844524083x
======[Agent] Wallclock_time = 2025-06-09 16:28:53.389914 / 1112.196027 / Sim_time = 389.3500058017671 / 0.3500728704984815x
======[Agent] Wallclock_time = 2025-06-09 16:28:53.532644 / 1112.338757 / Sim_time = 389.40000580251217 / 0.35007290115452755x
======[Agent] Wallclock_time = 2025-06-09 16:28:53.654131 / 1112.460244 / Sim_time = 389.4500058032572 / 0.350079616619217x
======[Agent] Wallclock_time = 2025-06-09 16:28:53.799852 / 1112.605965 / Sim_time = 389.5000058040023 / 0.3500787052901492x
======[Agent] Wallclock_time = 2025-06-09 16:28:53.924383 / 1112.730496 / Sim_time = 389.55000580474734 / 0.35008446081115274x
======[Agent] Wallclock_time = 2025-06-09 16:28:54.052951 / 1112.859064 / Sim_time = 389.6000058054924 / 0.35008894506029503x
======[Agent] Wallclock_time = 2025-06-09 16:28:54.185321 / 1112.991434 / Sim_time = 389.65000580623746 / 0.35009223234866793x
======[Agent] Wallclock_time = 2025-06-09 16:28:54.336334 / 1113.142447 / Sim_time = 389.7000058069825 / 0.35008965543232684x
======[Agent] Wallclock_time = 2025-06-09 16:28:54.480949 / 1113.287062 / Sim_time = 389.7500058077276 / 0.350089091144613x
======[Agent] Wallclock_time = 2025-06-09 16:28:54.611353 / 1113.417466 / Sim_time = 389.80000580847263 / 0.3500929953217361x
======[Agent] Wallclock_time = 2025-06-09 16:28:54.752572 / 1113.558685 / Sim_time = 389.8500058092177 / 0.35009349840930865x
======[Agent] Wallclock_time = 2025-06-09 16:28:54.871506 / 1113.677619 / Sim_time = 389.90000580996275 / 0.3501010068416899x
======[Agent] Wallclock_time = 2025-06-09 16:28:54.990613 / 1113.796726 / Sim_time = 389.9500058107078 / 0.3501084592901277x
======[Agent] Wallclock_time = 2025-06-09 16:28:55.149678 / 1113.955791 / Sim_time = 390.00000581145287 / 0.3501033513708817x
======[Agent] Wallclock_time = 2025-06-09 16:28:55.336007 / 1114.14212 / Sim_time = 390.0500058121979 / 0.35008967771770466x
======[Agent] Wallclock_time = 2025-06-09 16:28:55.467870 / 1114.273983 / Sim_time = 390.100005812943 / 0.35009312042765567x
======[Agent] Wallclock_time = 2025-06-09 16:28:55.602281 / 1114.408394 / Sim_time = 390.15000581368804 / 0.35009576185759256x
======[Agent] Wallclock_time = 2025-06-09 16:28:55.740845 / 1114.546958 / Sim_time = 390.2000058144331 / 0.35009709812274686x
======[Agent] Wallclock_time = 2025-06-09 16:28:55.888646 / 1114.694759 / Sim_time = 390.25000581517816 / 0.3500955329418977x
======[Agent] Wallclock_time = 2025-06-09 16:28:56.016603 / 1114.822716 / Sim_time = 390.3000058159232 / 0.350100199891983x
======[Agent] Wallclock_time = 2025-06-09 16:28:56.159401 / 1114.965514 / Sim_time = 390.3500058166683 / 0.35010020562525007x
======[Agent] Wallclock_time = 2025-06-09 16:28:56.292096 / 1115.098209 / Sim_time = 390.40000581741333 / 0.35010338332812263x
======[Agent] Wallclock_time = 2025-06-09 16:28:56.422091 / 1115.228204 / Sim_time = 390.4500058181584 / 0.35010740789223305x
======[Agent] Wallclock_time = 2025-06-09 16:28:56.527340 / 1115.333453 / Sim_time = 390.50000581890345 / 0.3501191994639329x
======[Agent] Wallclock_time = 2025-06-09 16:28:56.652202 / 1115.458315 / Sim_time = 390.5500058196485 / 0.35012483249525644x
======[Agent] Wallclock_time = 2025-06-09 16:28:56.760166 / 1115.566279 / Sim_time = 390.60000582039356 / 0.35013576784945627x
======[Agent] Wallclock_time = 2025-06-09 16:28:56.899429 / 1115.705542 / Sim_time = 390.6500058211386 / 0.3501368783953394x
======[Agent] Wallclock_time = 2025-06-09 16:28:57.054665 / 1115.860778 / Sim_time = 390.7000058218837 / 0.35013297661485426x
======[Agent] Wallclock_time = 2025-06-09 16:28:57.179629 / 1115.985742 / Sim_time = 390.75000582262874 / 0.3501385734407127x
======[Agent] Wallclock_time = 2025-06-09 16:28:57.311792 / 1116.117905 / Sim_time = 390.8000058233738 / 0.35014191057302607x
======[Agent] Wallclock_time = 2025-06-09 16:28:57.430808 / 1116.236921 / Sim_time = 390.85000582411885 / 0.350149370910074x
======[Agent] Wallclock_time = 2025-06-09 16:28:57.545403 / 1116.351516 / Sim_time = 390.9000058248639 / 0.3501582163540033x
======[Agent] Wallclock_time = 2025-06-09 16:28:57.700021 / 1116.506134 / Sim_time = 390.95000582560897 / 0.35015450767877404x
======[Agent] Wallclock_time = 2025-06-09 16:28:57.837036 / 1116.643149 / Sim_time = 391.000005826354 / 0.3501563198772952x
======[Agent] Wallclock_time = 2025-06-09 16:28:57.968665 / 1116.774778 / Sim_time = 391.0500058270991 / 0.35015982037810556x
======[Agent] Wallclock_time = 2025-06-09 16:28:58.101977 / 1116.90809 / Sim_time = 391.10000582784414 / 0.35016279241477405x
======[Agent] Wallclock_time = 2025-06-09 16:28:58.251711 / 1117.057824 / Sim_time = 391.1500058285892 / 0.35016061591810066x
======[Agent] Wallclock_time = 2025-06-09 16:28:58.380264 / 1117.186377 / Sim_time = 391.20000582933426 / 0.35016507873534114x
======[Agent] Wallclock_time = 2025-06-09 16:28:58.522942 / 1117.329055 / Sim_time = 391.2500058300793 / 0.35016511377211573x
======[Agent] Wallclock_time = 2025-06-09 16:28:58.658659 / 1117.464772 / Sim_time = 391.3000058308244 / 0.3501673300744503x
======[Agent] Wallclock_time = 2025-06-09 16:28:58.772814 / 1117.578927 / Sim_time = 391.35000583156943 / 0.3501763018257659x
======[Agent] Wallclock_time = 2025-06-09 16:28:58.914185 / 1117.720298 / Sim_time = 391.4000058323145 / 0.35017674489398026x
======[Agent] Wallclock_time = 2025-06-09 16:28:59.026299 / 1117.832412 / Sim_time = 391.45000583305955 / 0.35018635302078405x
======[Agent] Wallclock_time = 2025-06-09 16:28:59.158217 / 1117.96433 / Sim_time = 391.5000058338046 / 0.35018975573581035x
======[Agent] Wallclock_time = 2025-06-09 16:28:59.305164 / 1118.111277 / Sim_time = 391.55000583454967 / 0.3501884505598266x
======[Agent] Wallclock_time = 2025-06-09 16:28:59.435486 / 1118.241599 / Sim_time = 391.6000058352947 / 0.3501923519864894x
======[Agent] Wallclock_time = 2025-06-09 16:28:59.579108 / 1118.385221 / Sim_time = 391.6500058360398 / 0.350192087922764x
======[Agent] Wallclock_time = 2025-06-09 16:28:59.701522 / 1118.507635 / Sim_time = 391.70000583678484 / 0.35019846390080384x
======[Agent] Wallclock_time = 2025-06-09 16:28:59.836408 / 1118.642521 / Sim_time = 391.7500058375299 / 0.35020093397343327x
======[Agent] Wallclock_time = 2025-06-09 16:28:59.993771 / 1118.799884 / Sim_time = 391.80000583827496 / 0.35019636777322655x
======[Agent] Wallclock_time = 2025-06-09 16:29:00.115745 / 1118.921858 / Sim_time = 391.85000583902 / 0.3502028786322462x
======[Agent] Wallclock_time = 2025-06-09 16:29:00.246528 / 1119.052641 / Sim_time = 391.9000058397651 / 0.3502066312831603x
======[Agent] Wallclock_time = 2025-06-09 16:29:00.391804 / 1119.197917 / Sim_time = 391.95000584051013 / 0.35020584802845206x
======[Agent] Wallclock_time = 2025-06-09 16:29:00.518633 / 1119.324746 / Sim_time = 392.0000058412552 / 0.3502108365166249x
======[Agent] Wallclock_time = 2025-06-09 16:29:00.674723 / 1119.480836 / Sim_time = 392.05000584200025 / 0.3502066699383234x
======[Agent] Wallclock_time = 2025-06-09 16:29:00.804785 / 1119.610898 / Sim_time = 392.1000058427453 / 0.35021064579892963x
======[Agent] Wallclock_time = 2025-06-09 16:29:00.939810 / 1119.745923 / Sim_time = 392.15000584349036 / 0.35021306849663064x
======[Agent] Wallclock_time = 2025-06-09 16:29:01.072976 / 1119.879089 / Sim_time = 392.2000058442354 / 0.35021607196753674x
======[Agent] Wallclock_time = 2025-06-09 16:29:01.208570 / 1120.014683 / Sim_time = 392.2500058449805 / 0.3502183155099449x
======[Agent] Wallclock_time = 2025-06-09 16:29:01.338352 / 1120.144465 / Sim_time = 392.30000584572554 / 0.35022237566772235x
======[Agent] Wallclock_time = 2025-06-09 16:29:01.456781 / 1120.262894 / Sim_time = 392.3500058464706 / 0.35022998415627826x
======[Agent] Wallclock_time = 2025-06-09 16:29:01.601689 / 1120.407802 / Sim_time = 392.40000584721565 / 0.3502293137529418x
======[Agent] Wallclock_time = 2025-06-09 16:29:01.706765 / 1120.512878 / Sim_time = 392.4500058479607 / 0.3502410934422721x
======[Agent] Wallclock_time = 2025-06-09 16:29:01.835002 / 1120.641115 / Sim_time = 392.50000584870577 / 0.350245632030977x
======[Agent] Wallclock_time = 2025-06-09 16:29:01.952365 / 1120.758478 / Sim_time = 392.5500058494508 / 0.3502535678305911x
======[Agent] Wallclock_time = 2025-06-09 16:29:02.079376 / 1120.885489 / Sim_time = 392.6000058501959 / 0.35025848710198515x
======[Agent] Wallclock_time = 2025-06-09 16:29:02.232250 / 1121.038363 / Sim_time = 392.65000585094094 / 0.3502553244876032x
======[Agent] Wallclock_time = 2025-06-09 16:29:02.354244 / 1121.160357 / Sim_time = 392.700005851686 / 0.35026180968497833x
======[Agent] Wallclock_time = 2025-06-09 16:29:02.470606 / 1121.276719 / Sim_time = 392.75000585243106 / 0.3502700528132327x
======[Agent] Wallclock_time = 2025-06-09 16:29:02.622352 / 1121.428465 / Sim_time = 392.8000058531761 / 0.35026724204466675x
======[Agent] Wallclock_time = 2025-06-09 16:29:02.763206 / 1121.569319 / Sim_time = 392.8500058539212 / 0.3502678335890602x
======[Agent] Wallclock_time = 2025-06-09 16:29:02.887255 / 1121.693368 / Sim_time = 392.90000585466623 / 0.3502736726361688x
======[Agent] Wallclock_time = 2025-06-09 16:29:03.013221 / 1121.819334 / Sim_time = 392.9500058554113 / 0.3502789118238708x
======[Agent] Wallclock_time = 2025-06-09 16:29:03.142365 / 1121.948478 / Sim_time = 393.00000585615635 / 0.35028315763087897x
======[Agent] Wallclock_time = 2025-06-09 16:29:03.272751 / 1122.078864 / Sim_time = 393.0500058569014 / 0.3502870147368596x
======[Agent] Wallclock_time = 2025-06-09 16:29:03.392344 / 1122.198457 / Sim_time = 393.10000585764647 / 0.35029423994601566x
======[Agent] Wallclock_time = 2025-06-09 16:29:03.527933 / 1122.334046 / Sim_time = 393.1500058583915 / 0.3502964709687873x
======[Agent] Wallclock_time = 2025-06-09 16:29:03.649682 / 1122.455795 / Sim_time = 393.2000058591366 / 0.35030302066917113x
======[Agent] Wallclock_time = 2025-06-09 16:29:03.787606 / 1122.593719 / Sim_time = 393.25000585988164 / 0.35030452148410796x
======[Agent] Wallclock_time = 2025-06-09 16:29:03.906502 / 1122.712615 / Sim_time = 393.3000058606267 / 0.3503119589946602x
======[Agent] Wallclock_time = 2025-06-09 16:29:04.051171 / 1122.857284 / Sim_time = 393.35000586137176 / 0.35031135403848684x
======[Agent] Wallclock_time = 2025-06-09 16:29:04.197657 / 1123.00377 / Sim_time = 393.4000058621168 / 0.3503101824421608x
======[Agent] Wallclock_time = 2025-06-09 16:29:04.339814 / 1123.145927 / Sim_time = 393.4500058628619 / 0.3503103613645571x
======[Agent] Wallclock_time = 2025-06-09 16:29:04.489752 / 1123.295865 / Sim_time = 393.50000586360693 / 0.35030811366468734x
======[Agent] Wallclock_time = 2025-06-09 16:29:04.613947 / 1123.42006 / Sim_time = 393.550005864352 / 0.35031389376335176x
======[Agent] Wallclock_time = 2025-06-09 16:29:04.733085 / 1123.539198 / Sim_time = 393.60000586509705 / 0.35032124935604403x
======[Agent] Wallclock_time = 2025-06-09 16:29:04.846144 / 1123.652257 / Sim_time = 393.6500058658421 / 0.3503304986778872x
======[Agent] Wallclock_time = 2025-06-09 16:29:04.996309 / 1123.802422 / Sim_time = 393.70000586658716 / 0.35032817854027426x
======[Agent] Wallclock_time = 2025-06-09 16:29:05.129182 / 1123.935295 / Sim_time = 393.7500058673322 / 0.3503312488608015x
======[Agent] Wallclock_time = 2025-06-09 16:29:05.257068 / 1124.063181 / Sim_time = 393.8000058680773 / 0.35033587274148476x
======[Agent] Wallclock_time = 2025-06-09 16:29:05.407828 / 1124.213941 / Sim_time = 393.85000586882234 / 0.3503333673171867x
======[Agent] Wallclock_time = 2025-06-09 16:29:05.527078 / 1124.333191 / Sim_time = 393.9000058695674 / 0.35034068075367053x
======[Agent] Wallclock_time = 2025-06-09 16:29:05.648646 / 1124.454759 / Sim_time = 393.95000587031245 / 0.350347270416988x
======[Agent] Wallclock_time = 2025-06-09 16:29:05.778579 / 1124.584692 / Sim_time = 394.0000058710575 / 0.3503512526202917x
======[Agent] Wallclock_time = 2025-06-09 16:29:05.904061 / 1124.710174 / Sim_time = 394.05000587180257 / 0.35035662042049076x
======[Agent] Wallclock_time = 2025-06-09 16:29:06.025472 / 1124.831585 / Sim_time = 394.1000058725476 / 0.35036325505501575x
======[Agent] Wallclock_time = 2025-06-09 16:29:06.151432 / 1124.957545 / Sim_time = 394.1500058732927 / 0.3503684714651354x
======[Agent] Wallclock_time = 2025-06-09 16:29:06.293887 / 1125.1 / Sim_time = 394.20000587403774 / 0.35036854991155264x
======[Agent] Wallclock_time = 2025-06-09 16:29:06.437785 / 1125.243898 / Sim_time = 394.2500058747828 / 0.35036817902975537x
======[Agent] Wallclock_time = 2025-06-09 16:29:06.572068 / 1125.378181 / Sim_time = 394.30000587552786 / 0.3503708017107239x
======[Agent] Wallclock_time = 2025-06-09 16:29:06.701894 / 1125.508007 / Sim_time = 394.3500058762729 / 0.35037481123975844x
======[Agent] Wallclock_time = 2025-06-09 16:29:06.852704 / 1125.658817 / Sim_time = 394.400005877018 / 0.35037228825324407x
======[Agent] Wallclock_time = 2025-06-09 16:29:07.010936 / 1125.817049 / Sim_time = 394.45000587776303 / 0.3503674561161375x
======[Agent] Wallclock_time = 2025-06-09 16:29:07.138797 / 1125.94491 / Sim_time = 394.5000058785081 / 0.35037207593614167x
======[Agent] Wallclock_time = 2025-06-09 16:29:07.255144 / 1126.061257 / Sim_time = 394.55000587925315 / 0.3503802773129027x
======[Agent] Wallclock_time = 2025-06-09 16:29:07.373209 / 1126.179322 / Sim_time = 394.6000058799982 / 0.3503879424737438x
======[Agent] Wallclock_time = 2025-06-09 16:29:07.500731 / 1126.306844 / Sim_time = 394.65000588074327 / 0.3503926639444973x
======[Agent] Wallclock_time = 2025-06-09 16:29:07.634619 / 1126.440732 / Sim_time = 394.7000058814883 / 0.3503954041019925x
======[Agent] Wallclock_time = 2025-06-09 16:29:07.781379 / 1126.587492 / Sim_time = 394.7500058822334 / 0.3503941400834346x
======[Agent] Wallclock_time = 2025-06-09 16:29:07.925709 / 1126.731822 / Sim_time = 394.80000588297844 / 0.35039363207880214x
======[Agent] Wallclock_time = 2025-06-09 16:29:08.051986 / 1126.858099 / Sim_time = 394.8500058837235 / 0.350398737725171x
======[Agent] Wallclock_time = 2025-06-09 16:29:08.191177 / 1126.99729 / Sim_time = 394.90000588446856 / 0.35039982703475847x
======[Agent] Wallclock_time = 2025-06-09 16:29:08.316683 / 1127.122796 / Sim_time = 394.9500058852136 / 0.35040517047624603x
======[Agent] Wallclock_time = 2025-06-09 16:29:08.450792 / 1127.256905 / Sim_time = 395.00000588595867 / 0.35040783846706197x
======[Agent] Wallclock_time = 2025-06-09 16:29:08.581403 / 1127.387516 / Sim_time = 395.05000588670373 / 0.35041159305786623x
======[Agent] Wallclock_time = 2025-06-09 16:29:08.697052 / 1127.503165 / Sim_time = 395.1000058874488 / 0.35041999679659613x
======[Agent] Wallclock_time = 2025-06-09 16:29:08.810477 / 1127.61659 / Sim_time = 395.15000588819385 / 0.35042908996142375x
======[Agent] Wallclock_time = 2025-06-09 16:29:08.960398 / 1127.766511 / Sim_time = 395.2000058889389 / 0.3504268406690596x
======[Agent] Wallclock_time = 2025-06-09 16:29:09.069828 / 1127.875941 / Sim_time = 395.25000588968396 / 0.35043717228516685x
======[Agent] Wallclock_time = 2025-06-09 16:29:09.182644 / 1127.988757 / Sim_time = 395.300005890429 / 0.35044644992324075x
======[Agent] Wallclock_time = 2025-06-09 16:29:09.318523 / 1128.124636 / Sim_time = 395.3500058911741 / 0.3504485611132536x
======[Agent] Wallclock_time = 2025-06-09 16:29:09.460448 / 1128.266561 / Sim_time = 395.40000589191914 / 0.3504487938494575x
======[Agent] Wallclock_time = 2025-06-09 16:29:09.594102 / 1128.400215 / Sim_time = 395.4500058926642 / 0.3504515952622971x
======[Agent] Wallclock_time = 2025-06-09 16:29:09.718885 / 1128.524998 / Sim_time = 395.50000589340925 / 0.3504571508271174x
======[Agent] Wallclock_time = 2025-06-09 16:29:09.833999 / 1128.640112 / Sim_time = 395.5500058941543 / 0.35046570755625134x
======[Agent] Wallclock_time = 2025-06-09 16:29:09.953796 / 1128.759909 / Sim_time = 395.60000589489937 / 0.3504728084934941x
======[Agent] Wallclock_time = 2025-06-09 16:29:10.089221 / 1128.895334 / Sim_time = 395.6500058956444 / 0.3504750560166532x
======[Agent] Wallclock_time = 2025-06-09 16:29:10.211847 / 1129.01796 / Sim_time = 395.7000058963895 / 0.3504812761482673x
======[Agent] Wallclock_time = 2025-06-09 16:29:10.344239 / 1129.150352 / Sim_time = 395.75000589713454 / 0.350484463571837x
======[Agent] Wallclock_time = 2025-06-09 16:29:10.471409 / 1129.277522 / Sim_time = 395.8000058978796 / 0.35048927097001814x
======[Agent] Wallclock_time = 2025-06-09 16:29:10.586698 / 1129.392811 / Sim_time = 395.85000589862466 / 0.35049776441410363x